# Rounded beveled cube, generated for DeterministicRouletteCase
# Size: 1 Unity unit, bevel radius: 0.14, bevel segments: 8
mtllib Rounded_Beveled_Cube.mtl
o Rounded_Beveled_Cube
v 0.440829 -0.440829 -0.440829
v 0.444184 -0.444184 -0.433661
v 0.447457 -0.447457 -0.425593
v 0.450547 -0.450547 -0.416592
v 0.453333 -0.453333 -0.406667
v 0.455688 -0.455688 -0.395883
v 0.457483 -0.457483 -0.384371
v 0.458611 -0.458611 -0.372326
v 0.458995 -0.458995 -0.360000
v 0.458995 -0.458995 0.360000
v 0.458611 -0.458611 0.372326
v 0.457483 -0.457483 0.384371
v 0.455688 -0.455688 0.395883
v 0.453333 -0.453333 0.406667
v 0.450547 -0.450547 0.416592
v 0.447457 -0.447457 0.425593
v 0.444184 -0.444184 0.433661
v 0.440829 -0.440829 0.440829
v 0.444184 -0.433661 -0.444184
v 0.447996 -0.436996 -0.436996
v 0.451754 -0.440285 -0.428815
v 0.455341 -0.443423 -0.419588
v 0.458611 -0.446284 -0.409305
v 0.461400 -0.448725 -0.398025
v 0.463544 -0.450601 -0.385886
v 0.464898 -0.451785 -0.373112
v 0.465361 -0.452191 -0.360000
v 0.465361 -0.452191 0.360000
v 0.464898 -0.451785 0.373112
v 0.463544 -0.450601 0.385886
v 0.461400 -0.448725 0.398025
v 0.458611 -0.446284 0.409305
v 0.455341 -0.443423 0.419588
v 0.451754 -0.440285 0.428815
v 0.447996 -0.436996 0.436996
v 0.444184 -0.433661 0.444184
v 0.447457 -0.425593 -0.447457
v 0.451754 -0.428815 -0.440285
v 0.456039 -0.432029 -0.432029
v 0.460176 -0.435132 -0.422610
v 0.463989 -0.437992 -0.411995
v 0.467277 -0.440457 -0.400229
v 0.469825 -0.442369 -0.387456
v 0.471444 -0.443583 -0.373931
v 0.472000 -0.444000 -0.360000
v 0.472000 -0.444000 0.360000
v 0.471444 -0.443583 0.373931
v 0.469825 -0.442369 0.387456
v 0.467277 -0.440457 0.400229
v 0.463989 -0.437992 0.411995
v 0.460176 -0.435132 0.422610
v 0.456039 -0.432029 0.432029
v 0.451754 -0.428815 0.440285
v 0.447457 -0.425593 0.447457
v 0.450547 -0.416592 -0.450547
v 0.455341 -0.419588 -0.443423
v 0.460176 -0.422610 -0.435132
v 0.464898 -0.425561 -0.425561
v 0.469301 -0.428313 -0.414650
v 0.473137 -0.430711 -0.402426
v 0.476139 -0.432587 -0.389035
v 0.478058 -0.433786 -0.374757
v 0.478720 -0.434200 -0.360000
v 0.478720 -0.434200 0.360000
v 0.478058 -0.433786 0.374757
v 0.476139 -0.432587 0.389035
v 0.473137 -0.430711 0.402426
v 0.469301 -0.428313 0.414650
v 0.464898 -0.425561 0.425561
v 0.460176 -0.422610 0.435132
v 0.455341 -0.419588 0.443423
v 0.450547 -0.416592 0.450547
v 0.453333 -0.406667 -0.453333
v 0.458611 -0.409305 -0.446284
v 0.463989 -0.411995 -0.437992
v 0.469301 -0.414650 -0.428313
v 0.474310 -0.417155 -0.417155
v 0.478720 -0.419360 -0.404520
v 0.482202 -0.421101 -0.390551
v 0.484444 -0.422222 -0.375556
v 0.485220 -0.422610 -0.360000
v 0.485220 -0.422610 0.360000
v 0.484444 -0.422222 0.375556
v 0.482202 -0.421101 0.390551
v 0.478720 -0.419360 0.404520
v 0.474310 -0.417155 0.417155
v 0.469301 -0.414650 0.428313
v 0.463989 -0.411995 0.437992
v 0.458611 -0.409305 0.446284
v 0.453333 -0.406667 0.453333
v 0.455688 -0.395883 -0.455688
v 0.461400 -0.398025 -0.448725
v 0.467277 -0.400229 -0.440457
v 0.473137 -0.402426 -0.430711
v 0.478720 -0.404520 -0.419360
v 0.483683 -0.406381 -0.406381
v 0.487636 -0.407863 -0.391909
v 0.490197 -0.408824 -0.376275
v 0.491086 -0.409157 -0.360000
v 0.491086 -0.409157 0.360000
v 0.490197 -0.408824 0.376275
v 0.487636 -0.407863 0.391909
v 0.483683 -0.406381 0.406381
v 0.478720 -0.404520 0.419360
v 0.473137 -0.402426 0.430711
v 0.467277 -0.400229 0.440457
v 0.461400 -0.398025 0.448725
v 0.455688 -0.395883 0.455688
v 0.457483 -0.384371 -0.457483
v 0.463544 -0.385886 -0.450601
v 0.469825 -0.387456 -0.442369
v 0.476139 -0.389035 -0.432587
v 0.482202 -0.390551 -0.421101
v 0.487636 -0.391909 -0.407863
v 0.491993 -0.392998 -0.392998
v 0.494832 -0.393708 -0.376854
v 0.495820 -0.393955 -0.360000
v 0.495820 -0.393955 0.360000
v 0.494832 -0.393708 0.376854
v 0.491993 -0.392998 0.392998
v 0.487636 -0.391909 0.407863
v 0.482202 -0.390551 0.421101
v 0.476139 -0.389035 0.432587
v 0.469825 -0.387456 0.442369
v 0.463544 -0.385886 0.450601
v 0.457483 -0.384371 0.457483
v 0.458611 -0.372326 -0.458611
v 0.464898 -0.373112 -0.451785
v 0.471444 -0.373931 -0.443583
v 0.478058 -0.374757 -0.433786
v 0.484444 -0.375556 -0.422222
v 0.490197 -0.376275 -0.408824
v 0.494832 -0.376854 -0.393708
v 0.497862 -0.377233 -0.377233
v 0.498919 -0.377365 -0.360000
v 0.498919 -0.377365 0.360000
v 0.497862 -0.377233 0.377233
v 0.494832 -0.376854 0.393708
v 0.490197 -0.376275 0.408824
v 0.484444 -0.375556 0.422222
v 0.478058 -0.374757 0.433786
v 0.471444 -0.373931 0.443583
v 0.464898 -0.373112 0.451785
v 0.458611 -0.372326 0.458611
v 0.458995 -0.360000 -0.458995
v 0.465361 -0.360000 -0.452191
v 0.472000 -0.360000 -0.444000
v 0.478720 -0.360000 -0.434200
v 0.485220 -0.360000 -0.422610
v 0.491086 -0.360000 -0.409157
v 0.495820 -0.360000 -0.393955
v 0.498919 -0.360000 -0.377365
v 0.500000 -0.360000 -0.360000
v 0.500000 -0.360000 0.360000
v 0.498919 -0.360000 0.377365
v 0.495820 -0.360000 0.393955
v 0.491086 -0.360000 0.409157
v 0.485220 -0.360000 0.422610
v 0.478720 -0.360000 0.434200
v 0.472000 -0.360000 0.444000
v 0.465361 -0.360000 0.452191
v 0.458995 -0.360000 0.458995
v 0.458995 0.360000 -0.458995
v 0.465361 0.360000 -0.452191
v 0.472000 0.360000 -0.444000
v 0.478720 0.360000 -0.434200
v 0.485220 0.360000 -0.422610
v 0.491086 0.360000 -0.409157
v 0.495820 0.360000 -0.393955
v 0.498919 0.360000 -0.377365
v 0.500000 0.360000 -0.360000
v 0.500000 0.360000 0.360000
v 0.498919 0.360000 0.377365
v 0.495820 0.360000 0.393955
v 0.491086 0.360000 0.409157
v 0.485220 0.360000 0.422610
v 0.478720 0.360000 0.434200
v 0.472000 0.360000 0.444000
v 0.465361 0.360000 0.452191
v 0.458995 0.360000 0.458995
v 0.458611 0.372326 -0.458611
v 0.464898 0.373112 -0.451785
v 0.471444 0.373931 -0.443583
v 0.478058 0.374757 -0.433786
v 0.484444 0.375556 -0.422222
v 0.490197 0.376275 -0.408824
v 0.494832 0.376854 -0.393708
v 0.497862 0.377233 -0.377233
v 0.498919 0.377365 -0.360000
v 0.498919 0.377365 0.360000
v 0.497862 0.377233 0.377233
v 0.494832 0.376854 0.393708
v 0.490197 0.376275 0.408824
v 0.484444 0.375556 0.422222
v 0.478058 0.374757 0.433786
v 0.471444 0.373931 0.443583
v 0.464898 0.373112 0.451785
v 0.458611 0.372326 0.458611
v 0.457483 0.384371 -0.457483
v 0.463544 0.385886 -0.450601
v 0.469825 0.387456 -0.442369
v 0.476139 0.389035 -0.432587
v 0.482202 0.390551 -0.421101
v 0.487636 0.391909 -0.407863
v 0.491993 0.392998 -0.392998
v 0.494832 0.393708 -0.376854
v 0.495820 0.393955 -0.360000
v 0.495820 0.393955 0.360000
v 0.494832 0.393708 0.376854
v 0.491993 0.392998 0.392998
v 0.487636 0.391909 0.407863
v 0.482202 0.390551 0.421101
v 0.476139 0.389035 0.432587
v 0.469825 0.387456 0.442369
v 0.463544 0.385886 0.450601
v 0.457483 0.384371 0.457483
v 0.455688 0.395883 -0.455688
v 0.461400 0.398025 -0.448725
v 0.467277 0.400229 -0.440457
v 0.473137 0.402426 -0.430711
v 0.478720 0.404520 -0.419360
v 0.483683 0.406381 -0.406381
v 0.487636 0.407863 -0.391909
v 0.490197 0.408824 -0.376275
v 0.491086 0.409157 -0.360000
v 0.491086 0.409157 0.360000
v 0.490197 0.408824 0.376275
v 0.487636 0.407863 0.391909
v 0.483683 0.406381 0.406381
v 0.478720 0.404520 0.419360
v 0.473137 0.402426 0.430711
v 0.467277 0.400229 0.440457
v 0.461400 0.398025 0.448725
v 0.455688 0.395883 0.455688
v 0.453333 0.406667 -0.453333
v 0.458611 0.409305 -0.446284
v 0.463989 0.411995 -0.437992
v 0.469301 0.414650 -0.428313
v 0.474310 0.417155 -0.417155
v 0.478720 0.419360 -0.404520
v 0.482202 0.421101 -0.390551
v 0.484444 0.422222 -0.375556
v 0.485220 0.422610 -0.360000
v 0.485220 0.422610 0.360000
v 0.484444 0.422222 0.375556
v 0.482202 0.421101 0.390551
v 0.478720 0.419360 0.404520
v 0.474310 0.417155 0.417155
v 0.469301 0.414650 0.428313
v 0.463989 0.411995 0.437992
v 0.458611 0.409305 0.446284
v 0.453333 0.406667 0.453333
v 0.450547 0.416592 -0.450547
v 0.455341 0.419588 -0.443423
v 0.460176 0.422610 -0.435132
v 0.464898 0.425561 -0.425561
v 0.469301 0.428313 -0.414650
v 0.473137 0.430711 -0.402426
v 0.476139 0.432587 -0.389035
v 0.478058 0.433786 -0.374757
v 0.478720 0.434200 -0.360000
v 0.478720 0.434200 0.360000
v 0.478058 0.433786 0.374757
v 0.476139 0.432587 0.389035
v 0.473137 0.430711 0.402426
v 0.469301 0.428313 0.414650
v 0.464898 0.425561 0.425561
v 0.460176 0.422610 0.435132
v 0.455341 0.419588 0.443423
v 0.450547 0.416592 0.450547
v 0.447457 0.425593 -0.447457
v 0.451754 0.428815 -0.440285
v 0.456039 0.432029 -0.432029
v 0.460176 0.435132 -0.422610
v 0.463989 0.437992 -0.411995
v 0.467277 0.440457 -0.400229
v 0.469825 0.442369 -0.387456
v 0.471444 0.443583 -0.373931
v 0.472000 0.444000 -0.360000
v 0.472000 0.444000 0.360000
v 0.471444 0.443583 0.373931
v 0.469825 0.442369 0.387456
v 0.467277 0.440457 0.400229
v 0.463989 0.437992 0.411995
v 0.460176 0.435132 0.422610
v 0.456039 0.432029 0.432029
v 0.451754 0.428815 0.440285
v 0.447457 0.425593 0.447457
v 0.444184 0.433661 -0.444184
v 0.447996 0.436996 -0.436996
v 0.451754 0.440285 -0.428815
v 0.455341 0.443423 -0.419588
v 0.458611 0.446284 -0.409305
v 0.461400 0.448725 -0.398025
v 0.463544 0.450601 -0.385886
v 0.464898 0.451785 -0.373112
v 0.465361 0.452191 -0.360000
v 0.465361 0.452191 0.360000
v 0.464898 0.451785 0.373112
v 0.463544 0.450601 0.385886
v 0.461400 0.448725 0.398025
v 0.458611 0.446284 0.409305
v 0.455341 0.443423 0.419588
v 0.451754 0.440285 0.428815
v 0.447996 0.436996 0.436996
v 0.444184 0.433661 0.444184
v 0.440829 0.440829 -0.440829
v 0.444184 0.444184 -0.433661
v 0.447457 0.447457 -0.425593
v 0.450547 0.450547 -0.416592
v 0.453333 0.453333 -0.406667
v 0.455688 0.455688 -0.395883
v 0.457483 0.457483 -0.384371
v 0.458611 0.458611 -0.372326
v 0.458995 0.458995 -0.360000
v 0.458995 0.458995 0.360000
v 0.458611 0.458611 0.372326
v 0.457483 0.457483 0.384371
v 0.455688 0.455688 0.395883
v 0.453333 0.453333 0.406667
v 0.450547 0.450547 0.416592
v 0.447457 0.447457 0.425593
v 0.444184 0.444184 0.433661
v 0.440829 0.440829 0.440829
v -0.440829 -0.440829 0.440829
v -0.444184 -0.444184 0.433661
v -0.447457 -0.447457 0.425593
v -0.450547 -0.450547 0.416592
v -0.453333 -0.453333 0.406667
v -0.455688 -0.455688 0.395883
v -0.457483 -0.457483 0.384371
v -0.458611 -0.458611 0.372326
v -0.458995 -0.458995 0.360000
v -0.458995 -0.458995 -0.360000
v -0.458611 -0.458611 -0.372326
v -0.457483 -0.457483 -0.384371
v -0.455688 -0.455688 -0.395883
v -0.453333 -0.453333 -0.406667
v -0.450547 -0.450547 -0.416592
v -0.447457 -0.447457 -0.425593
v -0.444184 -0.444184 -0.433661
v -0.440829 -0.440829 -0.440829
v -0.444184 -0.433661 0.444184
v -0.447996 -0.436996 0.436996
v -0.451754 -0.440285 0.428815
v -0.455341 -0.443423 0.419588
v -0.458611 -0.446284 0.409305
v -0.461400 -0.448725 0.398025
v -0.463544 -0.450601 0.385886
v -0.464898 -0.451785 0.373112
v -0.465361 -0.452191 0.360000
v -0.465361 -0.452191 -0.360000
v -0.464898 -0.451785 -0.373112
v -0.463544 -0.450601 -0.385886
v -0.461400 -0.448725 -0.398025
v -0.458611 -0.446284 -0.409305
v -0.455341 -0.443423 -0.419588
v -0.451754 -0.440285 -0.428815
v -0.447996 -0.436996 -0.436996
v -0.444184 -0.433661 -0.444184
v -0.447457 -0.425593 0.447457
v -0.451754 -0.428815 0.440285
v -0.456039 -0.432029 0.432029
v -0.460176 -0.435132 0.422610
v -0.463989 -0.437992 0.411995
v -0.467277 -0.440457 0.400229
v -0.469825 -0.442369 0.387456
v -0.471444 -0.443583 0.373931
v -0.472000 -0.444000 0.360000
v -0.472000 -0.444000 -0.360000
v -0.471444 -0.443583 -0.373931
v -0.469825 -0.442369 -0.387456
v -0.467277 -0.440457 -0.400229
v -0.463989 -0.437992 -0.411995
v -0.460176 -0.435132 -0.422610
v -0.456039 -0.432029 -0.432029
v -0.451754 -0.428815 -0.440285
v -0.447457 -0.425593 -0.447457
v -0.450547 -0.416592 0.450547
v -0.455341 -0.419588 0.443423
v -0.460176 -0.422610 0.435132
v -0.464898 -0.425561 0.425561
v -0.469301 -0.428313 0.414650
v -0.473137 -0.430711 0.402426
v -0.476139 -0.432587 0.389035
v -0.478058 -0.433786 0.374757
v -0.478720 -0.434200 0.360000
v -0.478720 -0.434200 -0.360000
v -0.478058 -0.433786 -0.374757
v -0.476139 -0.432587 -0.389035
v -0.473137 -0.430711 -0.402426
v -0.469301 -0.428313 -0.414650
v -0.464898 -0.425561 -0.425561
v -0.460176 -0.422610 -0.435132
v -0.455341 -0.419588 -0.443423
v -0.450547 -0.416592 -0.450547
v -0.453333 -0.406667 0.453333
v -0.458611 -0.409305 0.446284
v -0.463989 -0.411995 0.437992
v -0.469301 -0.414650 0.428313
v -0.474310 -0.417155 0.417155
v -0.478720 -0.419360 0.404520
v -0.482202 -0.421101 0.390551
v -0.484444 -0.422222 0.375556
v -0.485220 -0.422610 0.360000
v -0.485220 -0.422610 -0.360000
v -0.484444 -0.422222 -0.375556
v -0.482202 -0.421101 -0.390551
v -0.478720 -0.419360 -0.404520
v -0.474310 -0.417155 -0.417155
v -0.469301 -0.414650 -0.428313
v -0.463989 -0.411995 -0.437992
v -0.458611 -0.409305 -0.446284
v -0.453333 -0.406667 -0.453333
v -0.455688 -0.395883 0.455688
v -0.461400 -0.398025 0.448725
v -0.467277 -0.400229 0.440457
v -0.473137 -0.402426 0.430711
v -0.478720 -0.404520 0.419360
v -0.483683 -0.406381 0.406381
v -0.487636 -0.407863 0.391909
v -0.490197 -0.408824 0.376275
v -0.491086 -0.409157 0.360000
v -0.491086 -0.409157 -0.360000
v -0.490197 -0.408824 -0.376275
v -0.487636 -0.407863 -0.391909
v -0.483683 -0.406381 -0.406381
v -0.478720 -0.404520 -0.419360
v -0.473137 -0.402426 -0.430711
v -0.467277 -0.400229 -0.440457
v -0.461400 -0.398025 -0.448725
v -0.455688 -0.395883 -0.455688
v -0.457483 -0.384371 0.457483
v -0.463544 -0.385886 0.450601
v -0.469825 -0.387456 0.442369
v -0.476139 -0.389035 0.432587
v -0.482202 -0.390551 0.421101
v -0.487636 -0.391909 0.407863
v -0.491993 -0.392998 0.392998
v -0.494832 -0.393708 0.376854
v -0.495820 -0.393955 0.360000
v -0.495820 -0.393955 -0.360000
v -0.494832 -0.393708 -0.376854
v -0.491993 -0.392998 -0.392998
v -0.487636 -0.391909 -0.407863
v -0.482202 -0.390551 -0.421101
v -0.476139 -0.389035 -0.432587
v -0.469825 -0.387456 -0.442369
v -0.463544 -0.385886 -0.450601
v -0.457483 -0.384371 -0.457483
v -0.458611 -0.372326 0.458611
v -0.464898 -0.373112 0.451785
v -0.471444 -0.373931 0.443583
v -0.478058 -0.374757 0.433786
v -0.484444 -0.375556 0.422222
v -0.490197 -0.376275 0.408824
v -0.494832 -0.376854 0.393708
v -0.497862 -0.377233 0.377233
v -0.498919 -0.377365 0.360000
v -0.498919 -0.377365 -0.360000
v -0.497862 -0.377233 -0.377233
v -0.494832 -0.376854 -0.393708
v -0.490197 -0.376275 -0.408824
v -0.484444 -0.375556 -0.422222
v -0.478058 -0.374757 -0.433786
v -0.471444 -0.373931 -0.443583
v -0.464898 -0.373112 -0.451785
v -0.458611 -0.372326 -0.458611
v -0.458995 -0.360000 0.458995
v -0.465361 -0.360000 0.452191
v -0.472000 -0.360000 0.444000
v -0.478720 -0.360000 0.434200
v -0.485220 -0.360000 0.422610
v -0.491086 -0.360000 0.409157
v -0.495820 -0.360000 0.393955
v -0.498919 -0.360000 0.377365
v -0.500000 -0.360000 0.360000
v -0.500000 -0.360000 -0.360000
v -0.498919 -0.360000 -0.377365
v -0.495820 -0.360000 -0.393955
v -0.491086 -0.360000 -0.409157
v -0.485220 -0.360000 -0.422610
v -0.478720 -0.360000 -0.434200
v -0.472000 -0.360000 -0.444000
v -0.465361 -0.360000 -0.452191
v -0.458995 -0.360000 -0.458995
v -0.458995 0.360000 0.458995
v -0.465361 0.360000 0.452191
v -0.472000 0.360000 0.444000
v -0.478720 0.360000 0.434200
v -0.485220 0.360000 0.422610
v -0.491086 0.360000 0.409157
v -0.495820 0.360000 0.393955
v -0.498919 0.360000 0.377365
v -0.500000 0.360000 0.360000
v -0.500000 0.360000 -0.360000
v -0.498919 0.360000 -0.377365
v -0.495820 0.360000 -0.393955
v -0.491086 0.360000 -0.409157
v -0.485220 0.360000 -0.422610
v -0.478720 0.360000 -0.434200
v -0.472000 0.360000 -0.444000
v -0.465361 0.360000 -0.452191
v -0.458995 0.360000 -0.458995
v -0.458611 0.372326 0.458611
v -0.464898 0.373112 0.451785
v -0.471444 0.373931 0.443583
v -0.478058 0.374757 0.433786
v -0.484444 0.375556 0.422222
v -0.490197 0.376275 0.408824
v -0.494832 0.376854 0.393708
v -0.497862 0.377233 0.377233
v -0.498919 0.377365 0.360000
v -0.498919 0.377365 -0.360000
v -0.497862 0.377233 -0.377233
v -0.494832 0.376854 -0.393708
v -0.490197 0.376275 -0.408824
v -0.484444 0.375556 -0.422222
v -0.478058 0.374757 -0.433786
v -0.471444 0.373931 -0.443583
v -0.464898 0.373112 -0.451785
v -0.458611 0.372326 -0.458611
v -0.457483 0.384371 0.457483
v -0.463544 0.385886 0.450601
v -0.469825 0.387456 0.442369
v -0.476139 0.389035 0.432587
v -0.482202 0.390551 0.421101
v -0.487636 0.391909 0.407863
v -0.491993 0.392998 0.392998
v -0.494832 0.393708 0.376854
v -0.495820 0.393955 0.360000
v -0.495820 0.393955 -0.360000
v -0.494832 0.393708 -0.376854
v -0.491993 0.392998 -0.392998
v -0.487636 0.391909 -0.407863
v -0.482202 0.390551 -0.421101
v -0.476139 0.389035 -0.432587
v -0.469825 0.387456 -0.442369
v -0.463544 0.385886 -0.450601
v -0.457483 0.384371 -0.457483
v -0.455688 0.395883 0.455688
v -0.461400 0.398025 0.448725
v -0.467277 0.400229 0.440457
v -0.473137 0.402426 0.430711
v -0.478720 0.404520 0.419360
v -0.483683 0.406381 0.406381
v -0.487636 0.407863 0.391909
v -0.490197 0.408824 0.376275
v -0.491086 0.409157 0.360000
v -0.491086 0.409157 -0.360000
v -0.490197 0.408824 -0.376275
v -0.487636 0.407863 -0.391909
v -0.483683 0.406381 -0.406381
v -0.478720 0.404520 -0.419360
v -0.473137 0.402426 -0.430711
v -0.467277 0.400229 -0.440457
v -0.461400 0.398025 -0.448725
v -0.455688 0.395883 -0.455688
v -0.453333 0.406667 0.453333
v -0.458611 0.409305 0.446284
v -0.463989 0.411995 0.437992
v -0.469301 0.414650 0.428313
v -0.474310 0.417155 0.417155
v -0.478720 0.419360 0.404520
v -0.482202 0.421101 0.390551
v -0.484444 0.422222 0.375556
v -0.485220 0.422610 0.360000
v -0.485220 0.422610 -0.360000
v -0.484444 0.422222 -0.375556
v -0.482202 0.421101 -0.390551
v -0.478720 0.419360 -0.404520
v -0.474310 0.417155 -0.417155
v -0.469301 0.414650 -0.428313
v -0.463989 0.411995 -0.437992
v -0.458611 0.409305 -0.446284
v -0.453333 0.406667 -0.453333
v -0.450547 0.416592 0.450547
v -0.455341 0.419588 0.443423
v -0.460176 0.422610 0.435132
v -0.464898 0.425561 0.425561
v -0.469301 0.428313 0.414650
v -0.473137 0.430711 0.402426
v -0.476139 0.432587 0.389035
v -0.478058 0.433786 0.374757
v -0.478720 0.434200 0.360000
v -0.478720 0.434200 -0.360000
v -0.478058 0.433786 -0.374757
v -0.476139 0.432587 -0.389035
v -0.473137 0.430711 -0.402426
v -0.469301 0.428313 -0.414650
v -0.464898 0.425561 -0.425561
v -0.460176 0.422610 -0.435132
v -0.455341 0.419588 -0.443423
v -0.450547 0.416592 -0.450547
v -0.447457 0.425593 0.447457
v -0.451754 0.428815 0.440285
v -0.456039 0.432029 0.432029
v -0.460176 0.435132 0.422610
v -0.463989 0.437992 0.411995
v -0.467277 0.440457 0.400229
v -0.469825 0.442369 0.387456
v -0.471444 0.443583 0.373931
v -0.472000 0.444000 0.360000
v -0.472000 0.444000 -0.360000
v -0.471444 0.443583 -0.373931
v -0.469825 0.442369 -0.387456
v -0.467277 0.440457 -0.400229
v -0.463989 0.437992 -0.411995
v -0.460176 0.435132 -0.422610
v -0.456039 0.432029 -0.432029
v -0.451754 0.428815 -0.440285
v -0.447457 0.425593 -0.447457
v -0.444184 0.433661 0.444184
v -0.447996 0.436996 0.436996
v -0.451754 0.440285 0.428815
v -0.455341 0.443423 0.419588
v -0.458611 0.446284 0.409305
v -0.461400 0.448725 0.398025
v -0.463544 0.450601 0.385886
v -0.464898 0.451785 0.373112
v -0.465361 0.452191 0.360000
v -0.465361 0.452191 -0.360000
v -0.464898 0.451785 -0.373112
v -0.463544 0.450601 -0.385886
v -0.461400 0.448725 -0.398025
v -0.458611 0.446284 -0.409305
v -0.455341 0.443423 -0.419588
v -0.451754 0.440285 -0.428815
v -0.447996 0.436996 -0.436996
v -0.444184 0.433661 -0.444184
v -0.440829 0.440829 0.440829
v -0.444184 0.444184 0.433661
v -0.447457 0.447457 0.425593
v -0.450547 0.450547 0.416592
v -0.453333 0.453333 0.406667
v -0.455688 0.455688 0.395883
v -0.457483 0.457483 0.384371
v -0.458611 0.458611 0.372326
v -0.458995 0.458995 0.360000
v -0.458995 0.458995 -0.360000
v -0.458611 0.458611 -0.372326
v -0.457483 0.457483 -0.384371
v -0.455688 0.455688 -0.395883
v -0.453333 0.453333 -0.406667
v -0.450547 0.450547 -0.416592
v -0.447457 0.447457 -0.425593
v -0.444184 0.444184 -0.433661
v -0.440829 0.440829 -0.440829
v -0.440829 0.440829 0.440829
v -0.433661 0.444184 0.444184
v -0.425593 0.447457 0.447457
v -0.416592 0.450547 0.450547
v -0.406667 0.453333 0.453333
v -0.395883 0.455688 0.455688
v -0.384371 0.457483 0.457483
v -0.372326 0.458611 0.458611
v -0.360000 0.458995 0.458995
v 0.360000 0.458995 0.458995
v 0.372326 0.458611 0.458611
v 0.384371 0.457483 0.457483
v 0.395883 0.455688 0.455688
v 0.406667 0.453333 0.453333
v 0.416592 0.450547 0.450547
v 0.425593 0.447457 0.447457
v 0.433661 0.444184 0.444184
v 0.440829 0.440829 0.440829
v -0.444184 0.444184 0.433661
v -0.436996 0.447996 0.436996
v -0.428815 0.451754 0.440285
v -0.419588 0.455341 0.443423
v -0.409305 0.458611 0.446284
v -0.398025 0.461400 0.448725
v -0.385886 0.463544 0.450601
v -0.373112 0.464898 0.451785
v -0.360000 0.465361 0.452191
v 0.360000 0.465361 0.452191
v 0.373112 0.464898 0.451785
v 0.385886 0.463544 0.450601
v 0.398025 0.461400 0.448725
v 0.409305 0.458611 0.446284
v 0.419588 0.455341 0.443423
v 0.428815 0.451754 0.440285
v 0.436996 0.447996 0.436996
v 0.444184 0.444184 0.433661
v -0.447457 0.447457 0.425593
v -0.440285 0.451754 0.428815
v -0.432029 0.456039 0.432029
v -0.422610 0.460176 0.435132
v -0.411995 0.463989 0.437992
v -0.400229 0.467277 0.440457
v -0.387456 0.469825 0.442369
v -0.373931 0.471444 0.443583
v -0.360000 0.472000 0.444000
v 0.360000 0.472000 0.444000
v 0.373931 0.471444 0.443583
v 0.387456 0.469825 0.442369
v 0.400229 0.467277 0.440457
v 0.411995 0.463989 0.437992
v 0.422610 0.460176 0.435132
v 0.432029 0.456039 0.432029
v 0.440285 0.451754 0.428815
v 0.447457 0.447457 0.425593
v -0.450547 0.450547 0.416592
v -0.443423 0.455341 0.419588
v -0.435132 0.460176 0.422610
v -0.425561 0.464898 0.425561
v -0.414650 0.469301 0.428313
v -0.402426 0.473137 0.430711
v -0.389035 0.476139 0.432587
v -0.374757 0.478058 0.433786
v -0.360000 0.478720 0.434200
v 0.360000 0.478720 0.434200
v 0.374757 0.478058 0.433786
v 0.389035 0.476139 0.432587
v 0.402426 0.473137 0.430711
v 0.414650 0.469301 0.428313
v 0.425561 0.464898 0.425561
v 0.435132 0.460176 0.422610
v 0.443423 0.455341 0.419588
v 0.450547 0.450547 0.416592
v -0.453333 0.453333 0.406667
v -0.446284 0.458611 0.409305
v -0.437992 0.463989 0.411995
v -0.428313 0.469301 0.414650
v -0.417155 0.474310 0.417155
v -0.404520 0.478720 0.419360
v -0.390551 0.482202 0.421101
v -0.375556 0.484444 0.422222
v -0.360000 0.485220 0.422610
v 0.360000 0.485220 0.422610
v 0.375556 0.484444 0.422222
v 0.390551 0.482202 0.421101
v 0.404520 0.478720 0.419360
v 0.417155 0.474310 0.417155
v 0.428313 0.469301 0.414650
v 0.437992 0.463989 0.411995
v 0.446284 0.458611 0.409305
v 0.453333 0.453333 0.406667
v -0.455688 0.455688 0.395883
v -0.448725 0.461400 0.398025
v -0.440457 0.467277 0.400229
v -0.430711 0.473137 0.402426
v -0.419360 0.478720 0.404520
v -0.406381 0.483683 0.406381
v -0.391909 0.487636 0.407863
v -0.376275 0.490197 0.408824
v -0.360000 0.491086 0.409157
v 0.360000 0.491086 0.409157
v 0.376275 0.490197 0.408824
v 0.391909 0.487636 0.407863
v 0.406381 0.483683 0.406381
v 0.419360 0.478720 0.404520
v 0.430711 0.473137 0.402426
v 0.440457 0.467277 0.400229
v 0.448725 0.461400 0.398025
v 0.455688 0.455688 0.395883
v -0.457483 0.457483 0.384371
v -0.450601 0.463544 0.385886
v -0.442369 0.469825 0.387456
v -0.432587 0.476139 0.389035
v -0.421101 0.482202 0.390551
v -0.407863 0.487636 0.391909
v -0.392998 0.491993 0.392998
v -0.376854 0.494832 0.393708
v -0.360000 0.495820 0.393955
v 0.360000 0.495820 0.393955
v 0.376854 0.494832 0.393708
v 0.392998 0.491993 0.392998
v 0.407863 0.487636 0.391909
v 0.421101 0.482202 0.390551
v 0.432587 0.476139 0.389035
v 0.442369 0.469825 0.387456
v 0.450601 0.463544 0.385886
v 0.457483 0.457483 0.384371
v -0.458611 0.458611 0.372326
v -0.451785 0.464898 0.373112
v -0.443583 0.471444 0.373931
v -0.433786 0.478058 0.374757
v -0.422222 0.484444 0.375556
v -0.408824 0.490197 0.376275
v -0.393708 0.494832 0.376854
v -0.377233 0.497862 0.377233
v -0.360000 0.498919 0.377365
v 0.360000 0.498919 0.377365
v 0.377233 0.497862 0.377233
v 0.393708 0.494832 0.376854
v 0.408824 0.490197 0.376275
v 0.422222 0.484444 0.375556
v 0.433786 0.478058 0.374757
v 0.443583 0.471444 0.373931
v 0.451785 0.464898 0.373112
v 0.458611 0.458611 0.372326
v -0.458995 0.458995 0.360000
v -0.452191 0.465361 0.360000
v -0.444000 0.472000 0.360000
v -0.434200 0.478720 0.360000
v -0.422610 0.485220 0.360000
v -0.409157 0.491086 0.360000
v -0.393955 0.495820 0.360000
v -0.377365 0.498919 0.360000
v -0.360000 0.500000 0.360000
v 0.360000 0.500000 0.360000
v 0.377365 0.498919 0.360000
v 0.393955 0.495820 0.360000
v 0.409157 0.491086 0.360000
v 0.422610 0.485220 0.360000
v 0.434200 0.478720 0.360000
v 0.444000 0.472000 0.360000
v 0.452191 0.465361 0.360000
v 0.458995 0.458995 0.360000
v -0.458995 0.458995 -0.360000
v -0.452191 0.465361 -0.360000
v -0.444000 0.472000 -0.360000
v -0.434200 0.478720 -0.360000
v -0.422610 0.485220 -0.360000
v -0.409157 0.491086 -0.360000
v -0.393955 0.495820 -0.360000
v -0.377365 0.498919 -0.360000
v -0.360000 0.500000 -0.360000
v 0.360000 0.500000 -0.360000
v 0.377365 0.498919 -0.360000
v 0.393955 0.495820 -0.360000
v 0.409157 0.491086 -0.360000
v 0.422610 0.485220 -0.360000
v 0.434200 0.478720 -0.360000
v 0.444000 0.472000 -0.360000
v 0.452191 0.465361 -0.360000
v 0.458995 0.458995 -0.360000
v -0.458611 0.458611 -0.372326
v -0.451785 0.464898 -0.373112
v -0.443583 0.471444 -0.373931
v -0.433786 0.478058 -0.374757
v -0.422222 0.484444 -0.375556
v -0.408824 0.490197 -0.376275
v -0.393708 0.494832 -0.376854
v -0.377233 0.497862 -0.377233
v -0.360000 0.498919 -0.377365
v 0.360000 0.498919 -0.377365
v 0.377233 0.497862 -0.377233
v 0.393708 0.494832 -0.376854
v 0.408824 0.490197 -0.376275
v 0.422222 0.484444 -0.375556
v 0.433786 0.478058 -0.374757
v 0.443583 0.471444 -0.373931
v 0.451785 0.464898 -0.373112
v 0.458611 0.458611 -0.372326
v -0.457483 0.457483 -0.384371
v -0.450601 0.463544 -0.385886
v -0.442369 0.469825 -0.387456
v -0.432587 0.476139 -0.389035
v -0.421101 0.482202 -0.390551
v -0.407863 0.487636 -0.391909
v -0.392998 0.491993 -0.392998
v -0.376854 0.494832 -0.393708
v -0.360000 0.495820 -0.393955
v 0.360000 0.495820 -0.393955
v 0.376854 0.494832 -0.393708
v 0.392998 0.491993 -0.392998
v 0.407863 0.487636 -0.391909
v 0.421101 0.482202 -0.390551
v 0.432587 0.476139 -0.389035
v 0.442369 0.469825 -0.387456
v 0.450601 0.463544 -0.385886
v 0.457483 0.457483 -0.384371
v -0.455688 0.455688 -0.395883
v -0.448725 0.461400 -0.398025
v -0.440457 0.467277 -0.400229
v -0.430711 0.473137 -0.402426
v -0.419360 0.478720 -0.404520
v -0.406381 0.483683 -0.406381
v -0.391909 0.487636 -0.407863
v -0.376275 0.490197 -0.408824
v -0.360000 0.491086 -0.409157
v 0.360000 0.491086 -0.409157
v 0.376275 0.490197 -0.408824
v 0.391909 0.487636 -0.407863
v 0.406381 0.483683 -0.406381
v 0.419360 0.478720 -0.404520
v 0.430711 0.473137 -0.402426
v 0.440457 0.467277 -0.400229
v 0.448725 0.461400 -0.398025
v 0.455688 0.455688 -0.395883
v -0.453333 0.453333 -0.406667
v -0.446284 0.458611 -0.409305
v -0.437992 0.463989 -0.411995
v -0.428313 0.469301 -0.414650
v -0.417155 0.474310 -0.417155
v -0.404520 0.478720 -0.419360
v -0.390551 0.482202 -0.421101
v -0.375556 0.484444 -0.422222
v -0.360000 0.485220 -0.422610
v 0.360000 0.485220 -0.422610
v 0.375556 0.484444 -0.422222
v 0.390551 0.482202 -0.421101
v 0.404520 0.478720 -0.419360
v 0.417155 0.474310 -0.417155
v 0.428313 0.469301 -0.414650
v 0.437992 0.463989 -0.411995
v 0.446284 0.458611 -0.409305
v 0.453333 0.453333 -0.406667
v -0.450547 0.450547 -0.416592
v -0.443423 0.455341 -0.419588
v -0.435132 0.460176 -0.422610
v -0.425561 0.464898 -0.425561
v -0.414650 0.469301 -0.428313
v -0.402426 0.473137 -0.430711
v -0.389035 0.476139 -0.432587
v -0.374757 0.478058 -0.433786
v -0.360000 0.478720 -0.434200
v 0.360000 0.478720 -0.434200
v 0.374757 0.478058 -0.433786
v 0.389035 0.476139 -0.432587
v 0.402426 0.473137 -0.430711
v 0.414650 0.469301 -0.428313
v 0.425561 0.464898 -0.425561
v 0.435132 0.460176 -0.422610
v 0.443423 0.455341 -0.419588
v 0.450547 0.450547 -0.416592
v -0.447457 0.447457 -0.425593
v -0.440285 0.451754 -0.428815
v -0.432029 0.456039 -0.432029
v -0.422610 0.460176 -0.435132
v -0.411995 0.463989 -0.437992
v -0.400229 0.467277 -0.440457
v -0.387456 0.469825 -0.442369
v -0.373931 0.471444 -0.443583
v -0.360000 0.472000 -0.444000
v 0.360000 0.472000 -0.444000
v 0.373931 0.471444 -0.443583
v 0.387456 0.469825 -0.442369
v 0.400229 0.467277 -0.440457
v 0.411995 0.463989 -0.437992
v 0.422610 0.460176 -0.435132
v 0.432029 0.456039 -0.432029
v 0.440285 0.451754 -0.428815
v 0.447457 0.447457 -0.425593
v -0.444184 0.444184 -0.433661
v -0.436996 0.447996 -0.436996
v -0.428815 0.451754 -0.440285
v -0.419588 0.455341 -0.443423
v -0.409305 0.458611 -0.446284
v -0.398025 0.461400 -0.448725
v -0.385886 0.463544 -0.450601
v -0.373112 0.464898 -0.451785
v -0.360000 0.465361 -0.452191
v 0.360000 0.465361 -0.452191
v 0.373112 0.464898 -0.451785
v 0.385886 0.463544 -0.450601
v 0.398025 0.461400 -0.448725
v 0.409305 0.458611 -0.446284
v 0.419588 0.455341 -0.443423
v 0.428815 0.451754 -0.440285
v 0.436996 0.447996 -0.436996
v 0.444184 0.444184 -0.433661
v -0.440829 0.440829 -0.440829
v -0.433661 0.444184 -0.444184
v -0.425593 0.447457 -0.447457
v -0.416592 0.450547 -0.450547
v -0.406667 0.453333 -0.453333
v -0.395883 0.455688 -0.455688
v -0.384371 0.457483 -0.457483
v -0.372326 0.458611 -0.458611
v -0.360000 0.458995 -0.458995
v 0.360000 0.458995 -0.458995
v 0.372326 0.458611 -0.458611
v 0.384371 0.457483 -0.457483
v 0.395883 0.455688 -0.455688
v 0.406667 0.453333 -0.453333
v 0.416592 0.450547 -0.450547
v 0.425593 0.447457 -0.447457
v 0.433661 0.444184 -0.444184
v 0.440829 0.440829 -0.440829
v -0.440829 -0.440829 -0.440829
v -0.433661 -0.444184 -0.444184
v -0.425593 -0.447457 -0.447457
v -0.416592 -0.450547 -0.450547
v -0.406667 -0.453333 -0.453333
v -0.395883 -0.455688 -0.455688
v -0.384371 -0.457483 -0.457483
v -0.372326 -0.458611 -0.458611
v -0.360000 -0.458995 -0.458995
v 0.360000 -0.458995 -0.458995
v 0.372326 -0.458611 -0.458611
v 0.384371 -0.457483 -0.457483
v 0.395883 -0.455688 -0.455688
v 0.406667 -0.453333 -0.453333
v 0.416592 -0.450547 -0.450547
v 0.425593 -0.447457 -0.447457
v 0.433661 -0.444184 -0.444184
v 0.440829 -0.440829 -0.440829
v -0.444184 -0.444184 -0.433661
v -0.436996 -0.447996 -0.436996
v -0.428815 -0.451754 -0.440285
v -0.419588 -0.455341 -0.443423
v -0.409305 -0.458611 -0.446284
v -0.398025 -0.461400 -0.448725
v -0.385886 -0.463544 -0.450601
v -0.373112 -0.464898 -0.451785
v -0.360000 -0.465361 -0.452191
v 0.360000 -0.465361 -0.452191
v 0.373112 -0.464898 -0.451785
v 0.385886 -0.463544 -0.450601
v 0.398025 -0.461400 -0.448725
v 0.409305 -0.458611 -0.446284
v 0.419588 -0.455341 -0.443423
v 0.428815 -0.451754 -0.440285
v 0.436996 -0.447996 -0.436996
v 0.444184 -0.444184 -0.433661
v -0.447457 -0.447457 -0.425593
v -0.440285 -0.451754 -0.428815
v -0.432029 -0.456039 -0.432029
v -0.422610 -0.460176 -0.435132
v -0.411995 -0.463989 -0.437992
v -0.400229 -0.467277 -0.440457
v -0.387456 -0.469825 -0.442369
v -0.373931 -0.471444 -0.443583
v -0.360000 -0.472000 -0.444000
v 0.360000 -0.472000 -0.444000
v 0.373931 -0.471444 -0.443583
v 0.387456 -0.469825 -0.442369
v 0.400229 -0.467277 -0.440457
v 0.411995 -0.463989 -0.437992
v 0.422610 -0.460176 -0.435132
v 0.432029 -0.456039 -0.432029
v 0.440285 -0.451754 -0.428815
v 0.447457 -0.447457 -0.425593
v -0.450547 -0.450547 -0.416592
v -0.443423 -0.455341 -0.419588
v -0.435132 -0.460176 -0.422610
v -0.425561 -0.464898 -0.425561
v -0.414650 -0.469301 -0.428313
v -0.402426 -0.473137 -0.430711
v -0.389035 -0.476139 -0.432587
v -0.374757 -0.478058 -0.433786
v -0.360000 -0.478720 -0.434200
v 0.360000 -0.478720 -0.434200
v 0.374757 -0.478058 -0.433786
v 0.389035 -0.476139 -0.432587
v 0.402426 -0.473137 -0.430711
v 0.414650 -0.469301 -0.428313
v 0.425561 -0.464898 -0.425561
v 0.435132 -0.460176 -0.422610
v 0.443423 -0.455341 -0.419588
v 0.450547 -0.450547 -0.416592
v -0.453333 -0.453333 -0.406667
v -0.446284 -0.458611 -0.409305
v -0.437992 -0.463989 -0.411995
v -0.428313 -0.469301 -0.414650
v -0.417155 -0.474310 -0.417155
v -0.404520 -0.478720 -0.419360
v -0.390551 -0.482202 -0.421101
v -0.375556 -0.484444 -0.422222
v -0.360000 -0.485220 -0.422610
v 0.360000 -0.485220 -0.422610
v 0.375556 -0.484444 -0.422222
v 0.390551 -0.482202 -0.421101
v 0.404520 -0.478720 -0.419360
v 0.417155 -0.474310 -0.417155
v 0.428313 -0.469301 -0.414650
v 0.437992 -0.463989 -0.411995
v 0.446284 -0.458611 -0.409305
v 0.453333 -0.453333 -0.406667
v -0.455688 -0.455688 -0.395883
v -0.448725 -0.461400 -0.398025
v -0.440457 -0.467277 -0.400229
v -0.430711 -0.473137 -0.402426
v -0.419360 -0.478720 -0.404520
v -0.406381 -0.483683 -0.406381
v -0.391909 -0.487636 -0.407863
v -0.376275 -0.490197 -0.408824
v -0.360000 -0.491086 -0.409157
v 0.360000 -0.491086 -0.409157
v 0.376275 -0.490197 -0.408824
v 0.391909 -0.487636 -0.407863
v 0.406381 -0.483683 -0.406381
v 0.419360 -0.478720 -0.404520
v 0.430711 -0.473137 -0.402426
v 0.440457 -0.467277 -0.400229
v 0.448725 -0.461400 -0.398025
v 0.455688 -0.455688 -0.395883
v -0.457483 -0.457483 -0.384371
v -0.450601 -0.463544 -0.385886
v -0.442369 -0.469825 -0.387456
v -0.432587 -0.476139 -0.389035
v -0.421101 -0.482202 -0.390551
v -0.407863 -0.487636 -0.391909
v -0.392998 -0.491993 -0.392998
v -0.376854 -0.494832 -0.393708
v -0.360000 -0.495820 -0.393955
v 0.360000 -0.495820 -0.393955
v 0.376854 -0.494832 -0.393708
v 0.392998 -0.491993 -0.392998
v 0.407863 -0.487636 -0.391909
v 0.421101 -0.482202 -0.390551
v 0.432587 -0.476139 -0.389035
v 0.442369 -0.469825 -0.387456
v 0.450601 -0.463544 -0.385886
v 0.457483 -0.457483 -0.384371
v -0.458611 -0.458611 -0.372326
v -0.451785 -0.464898 -0.373112
v -0.443583 -0.471444 -0.373931
v -0.433786 -0.478058 -0.374757
v -0.422222 -0.484444 -0.375556
v -0.408824 -0.490197 -0.376275
v -0.393708 -0.494832 -0.376854
v -0.377233 -0.497862 -0.377233
v -0.360000 -0.498919 -0.377365
v 0.360000 -0.498919 -0.377365
v 0.377233 -0.497862 -0.377233
v 0.393708 -0.494832 -0.376854
v 0.408824 -0.490197 -0.376275
v 0.422222 -0.484444 -0.375556
v 0.433786 -0.478058 -0.374757
v 0.443583 -0.471444 -0.373931
v 0.451785 -0.464898 -0.373112
v 0.458611 -0.458611 -0.372326
v -0.458995 -0.458995 -0.360000
v -0.452191 -0.465361 -0.360000
v -0.444000 -0.472000 -0.360000
v -0.434200 -0.478720 -0.360000
v -0.422610 -0.485220 -0.360000
v -0.409157 -0.491086 -0.360000
v -0.393955 -0.495820 -0.360000
v -0.377365 -0.498919 -0.360000
v -0.360000 -0.500000 -0.360000
v 0.360000 -0.500000 -0.360000
v 0.377365 -0.498919 -0.360000
v 0.393955 -0.495820 -0.360000
v 0.409157 -0.491086 -0.360000
v 0.422610 -0.485220 -0.360000
v 0.434200 -0.478720 -0.360000
v 0.444000 -0.472000 -0.360000
v 0.452191 -0.465361 -0.360000
v 0.458995 -0.458995 -0.360000
v -0.458995 -0.458995 0.360000
v -0.452191 -0.465361 0.360000
v -0.444000 -0.472000 0.360000
v -0.434200 -0.478720 0.360000
v -0.422610 -0.485220 0.360000
v -0.409157 -0.491086 0.360000
v -0.393955 -0.495820 0.360000
v -0.377365 -0.498919 0.360000
v -0.360000 -0.500000 0.360000
v 0.360000 -0.500000 0.360000
v 0.377365 -0.498919 0.360000
v 0.393955 -0.495820 0.360000
v 0.409157 -0.491086 0.360000
v 0.422610 -0.485220 0.360000
v 0.434200 -0.478720 0.360000
v 0.444000 -0.472000 0.360000
v 0.452191 -0.465361 0.360000
v 0.458995 -0.458995 0.360000
v -0.458611 -0.458611 0.372326
v -0.451785 -0.464898 0.373112
v -0.443583 -0.471444 0.373931
v -0.433786 -0.478058 0.374757
v -0.422222 -0.484444 0.375556
v -0.408824 -0.490197 0.376275
v -0.393708 -0.494832 0.376854
v -0.377233 -0.497862 0.377233
v -0.360000 -0.498919 0.377365
v 0.360000 -0.498919 0.377365
v 0.377233 -0.497862 0.377233
v 0.393708 -0.494832 0.376854
v 0.408824 -0.490197 0.376275
v 0.422222 -0.484444 0.375556
v 0.433786 -0.478058 0.374757
v 0.443583 -0.471444 0.373931
v 0.451785 -0.464898 0.373112
v 0.458611 -0.458611 0.372326
v -0.457483 -0.457483 0.384371
v -0.450601 -0.463544 0.385886
v -0.442369 -0.469825 0.387456
v -0.432587 -0.476139 0.389035
v -0.421101 -0.482202 0.390551
v -0.407863 -0.487636 0.391909
v -0.392998 -0.491993 0.392998
v -0.376854 -0.494832 0.393708
v -0.360000 -0.495820 0.393955
v 0.360000 -0.495820 0.393955
v 0.376854 -0.494832 0.393708
v 0.392998 -0.491993 0.392998
v 0.407863 -0.487636 0.391909
v 0.421101 -0.482202 0.390551
v 0.432587 -0.476139 0.389035
v 0.442369 -0.469825 0.387456
v 0.450601 -0.463544 0.385886
v 0.457483 -0.457483 0.384371
v -0.455688 -0.455688 0.395883
v -0.448725 -0.461400 0.398025
v -0.440457 -0.467277 0.400229
v -0.430711 -0.473137 0.402426
v -0.419360 -0.478720 0.404520
v -0.406381 -0.483683 0.406381
v -0.391909 -0.487636 0.407863
v -0.376275 -0.490197 0.408824
v -0.360000 -0.491086 0.409157
v 0.360000 -0.491086 0.409157
v 0.376275 -0.490197 0.408824
v 0.391909 -0.487636 0.407863
v 0.406381 -0.483683 0.406381
v 0.419360 -0.478720 0.404520
v 0.430711 -0.473137 0.402426
v 0.440457 -0.467277 0.400229
v 0.448725 -0.461400 0.398025
v 0.455688 -0.455688 0.395883
v -0.453333 -0.453333 0.406667
v -0.446284 -0.458611 0.409305
v -0.437992 -0.463989 0.411995
v -0.428313 -0.469301 0.414650
v -0.417155 -0.474310 0.417155
v -0.404520 -0.478720 0.419360
v -0.390551 -0.482202 0.421101
v -0.375556 -0.484444 0.422222
v -0.360000 -0.485220 0.422610
v 0.360000 -0.485220 0.422610
v 0.375556 -0.484444 0.422222
v 0.390551 -0.482202 0.421101
v 0.404520 -0.478720 0.419360
v 0.417155 -0.474310 0.417155
v 0.428313 -0.469301 0.414650
v 0.437992 -0.463989 0.411995
v 0.446284 -0.458611 0.409305
v 0.453333 -0.453333 0.406667
v -0.450547 -0.450547 0.416592
v -0.443423 -0.455341 0.419588
v -0.435132 -0.460176 0.422610
v -0.425561 -0.464898 0.425561
v -0.414650 -0.469301 0.428313
v -0.402426 -0.473137 0.430711
v -0.389035 -0.476139 0.432587
v -0.374757 -0.478058 0.433786
v -0.360000 -0.478720 0.434200
v 0.360000 -0.478720 0.434200
v 0.374757 -0.478058 0.433786
v 0.389035 -0.476139 0.432587
v 0.402426 -0.473137 0.430711
v 0.414650 -0.469301 0.428313
v 0.425561 -0.464898 0.425561
v 0.435132 -0.460176 0.422610
v 0.443423 -0.455341 0.419588
v 0.450547 -0.450547 0.416592
v -0.447457 -0.447457 0.425593
v -0.440285 -0.451754 0.428815
v -0.432029 -0.456039 0.432029
v -0.422610 -0.460176 0.435132
v -0.411995 -0.463989 0.437992
v -0.400229 -0.467277 0.440457
v -0.387456 -0.469825 0.442369
v -0.373931 -0.471444 0.443583
v -0.360000 -0.472000 0.444000
v 0.360000 -0.472000 0.444000
v 0.373931 -0.471444 0.443583
v 0.387456 -0.469825 0.442369
v 0.400229 -0.467277 0.440457
v 0.411995 -0.463989 0.437992
v 0.422610 -0.460176 0.435132
v 0.432029 -0.456039 0.432029
v 0.440285 -0.451754 0.428815
v 0.447457 -0.447457 0.425593
v -0.444184 -0.444184 0.433661
v -0.436996 -0.447996 0.436996
v -0.428815 -0.451754 0.440285
v -0.419588 -0.455341 0.443423
v -0.409305 -0.458611 0.446284
v -0.398025 -0.461400 0.448725
v -0.385886 -0.463544 0.450601
v -0.373112 -0.464898 0.451785
v -0.360000 -0.465361 0.452191
v 0.360000 -0.465361 0.452191
v 0.373112 -0.464898 0.451785
v 0.385886 -0.463544 0.450601
v 0.398025 -0.461400 0.448725
v 0.409305 -0.458611 0.446284
v 0.419588 -0.455341 0.443423
v 0.428815 -0.451754 0.440285
v 0.436996 -0.447996 0.436996
v 0.444184 -0.444184 0.433661
v -0.440829 -0.440829 0.440829
v -0.433661 -0.444184 0.444184
v -0.425593 -0.447457 0.447457
v -0.416592 -0.450547 0.450547
v -0.406667 -0.453333 0.453333
v -0.395883 -0.455688 0.455688
v -0.384371 -0.457483 0.457483
v -0.372326 -0.458611 0.458611
v -0.360000 -0.458995 0.458995
v 0.360000 -0.458995 0.458995
v 0.372326 -0.458611 0.458611
v 0.384371 -0.457483 0.457483
v 0.395883 -0.455688 0.455688
v 0.406667 -0.453333 0.453333
v 0.416592 -0.450547 0.450547
v 0.425593 -0.447457 0.447457
v 0.433661 -0.444184 0.444184
v 0.440829 -0.440829 0.440829
v 0.440829 -0.440829 0.440829
v 0.433661 -0.444184 0.444184
v 0.425593 -0.447457 0.447457
v 0.416592 -0.450547 0.450547
v 0.406667 -0.453333 0.453333
v 0.395883 -0.455688 0.455688
v 0.384371 -0.457483 0.457483
v 0.372326 -0.458611 0.458611
v 0.360000 -0.458995 0.458995
v -0.360000 -0.458995 0.458995
v -0.372326 -0.458611 0.458611
v -0.384371 -0.457483 0.457483
v -0.395883 -0.455688 0.455688
v -0.406667 -0.453333 0.453333
v -0.416592 -0.450547 0.450547
v -0.425593 -0.447457 0.447457
v -0.433661 -0.444184 0.444184
v -0.440829 -0.440829 0.440829
v 0.444184 -0.433661 0.444184
v 0.436996 -0.436996 0.447996
v 0.428815 -0.440285 0.451754
v 0.419588 -0.443423 0.455341
v 0.409305 -0.446284 0.458611
v 0.398025 -0.448725 0.461400
v 0.385886 -0.450601 0.463544
v 0.373112 -0.451785 0.464898
v 0.360000 -0.452191 0.465361
v -0.360000 -0.452191 0.465361
v -0.373112 -0.451785 0.464898
v -0.385886 -0.450601 0.463544
v -0.398025 -0.448725 0.461400
v -0.409305 -0.446284 0.458611
v -0.419588 -0.443423 0.455341
v -0.428815 -0.440285 0.451754
v -0.436996 -0.436996 0.447996
v -0.444184 -0.433661 0.444184
v 0.447457 -0.425593 0.447457
v 0.440285 -0.428815 0.451754
v 0.432029 -0.432029 0.456039
v 0.422610 -0.435132 0.460176
v 0.411995 -0.437992 0.463989
v 0.400229 -0.440457 0.467277
v 0.387456 -0.442369 0.469825
v 0.373931 -0.443583 0.471444
v 0.360000 -0.444000 0.472000
v -0.360000 -0.444000 0.472000
v -0.373931 -0.443583 0.471444
v -0.387456 -0.442369 0.469825
v -0.400229 -0.440457 0.467277
v -0.411995 -0.437992 0.463989
v -0.422610 -0.435132 0.460176
v -0.432029 -0.432029 0.456039
v -0.440285 -0.428815 0.451754
v -0.447457 -0.425593 0.447457
v 0.450547 -0.416592 0.450547
v 0.443423 -0.419588 0.455341
v 0.435132 -0.422610 0.460176
v 0.425561 -0.425561 0.464898
v 0.414650 -0.428313 0.469301
v 0.402426 -0.430711 0.473137
v 0.389035 -0.432587 0.476139
v 0.374757 -0.433786 0.478058
v 0.360000 -0.434200 0.478720
v -0.360000 -0.434200 0.478720
v -0.374757 -0.433786 0.478058
v -0.389035 -0.432587 0.476139
v -0.402426 -0.430711 0.473137
v -0.414650 -0.428313 0.469301
v -0.425561 -0.425561 0.464898
v -0.435132 -0.422610 0.460176
v -0.443423 -0.419588 0.455341
v -0.450547 -0.416592 0.450547
v 0.453333 -0.406667 0.453333
v 0.446284 -0.409305 0.458611
v 0.437992 -0.411995 0.463989
v 0.428313 -0.414650 0.469301
v 0.417155 -0.417155 0.474310
v 0.404520 -0.419360 0.478720
v 0.390551 -0.421101 0.482202
v 0.375556 -0.422222 0.484444
v 0.360000 -0.422610 0.485220
v -0.360000 -0.422610 0.485220
v -0.375556 -0.422222 0.484444
v -0.390551 -0.421101 0.482202
v -0.404520 -0.419360 0.478720
v -0.417155 -0.417155 0.474310
v -0.428313 -0.414650 0.469301
v -0.437992 -0.411995 0.463989
v -0.446284 -0.409305 0.458611
v -0.453333 -0.406667 0.453333
v 0.455688 -0.395883 0.455688
v 0.448725 -0.398025 0.461400
v 0.440457 -0.400229 0.467277
v 0.430711 -0.402426 0.473137
v 0.419360 -0.404520 0.478720
v 0.406381 -0.406381 0.483683
v 0.391909 -0.407863 0.487636
v 0.376275 -0.408824 0.490197
v 0.360000 -0.409157 0.491086
v -0.360000 -0.409157 0.491086
v -0.376275 -0.408824 0.490197
v -0.391909 -0.407863 0.487636
v -0.406381 -0.406381 0.483683
v -0.419360 -0.404520 0.478720
v -0.430711 -0.402426 0.473137
v -0.440457 -0.400229 0.467277
v -0.448725 -0.398025 0.461400
v -0.455688 -0.395883 0.455688
v 0.457483 -0.384371 0.457483
v 0.450601 -0.385886 0.463544
v 0.442369 -0.387456 0.469825
v 0.432587 -0.389035 0.476139
v 0.421101 -0.390551 0.482202
v 0.407863 -0.391909 0.487636
v 0.392998 -0.392998 0.491993
v 0.376854 -0.393708 0.494832
v 0.360000 -0.393955 0.495820
v -0.360000 -0.393955 0.495820
v -0.376854 -0.393708 0.494832
v -0.392998 -0.392998 0.491993
v -0.407863 -0.391909 0.487636
v -0.421101 -0.390551 0.482202
v -0.432587 -0.389035 0.476139
v -0.442369 -0.387456 0.469825
v -0.450601 -0.385886 0.463544
v -0.457483 -0.384371 0.457483
v 0.458611 -0.372326 0.458611
v 0.451785 -0.373112 0.464898
v 0.443583 -0.373931 0.471444
v 0.433786 -0.374757 0.478058
v 0.422222 -0.375556 0.484444
v 0.408824 -0.376275 0.490197
v 0.393708 -0.376854 0.494832
v 0.377233 -0.377233 0.497862
v 0.360000 -0.377365 0.498919
v -0.360000 -0.377365 0.498919
v -0.377233 -0.377233 0.497862
v -0.393708 -0.376854 0.494832
v -0.408824 -0.376275 0.490197
v -0.422222 -0.375556 0.484444
v -0.433786 -0.374757 0.478058
v -0.443583 -0.373931 0.471444
v -0.451785 -0.373112 0.464898
v -0.458611 -0.372326 0.458611
v 0.458995 -0.360000 0.458995
v 0.452191 -0.360000 0.465361
v 0.444000 -0.360000 0.472000
v 0.434200 -0.360000 0.478720
v 0.422610 -0.360000 0.485220
v 0.409157 -0.360000 0.491086
v 0.393955 -0.360000 0.495820
v 0.377365 -0.360000 0.498919
v 0.360000 -0.360000 0.500000
v -0.360000 -0.360000 0.500000
v -0.377365 -0.360000 0.498919
v -0.393955 -0.360000 0.495820
v -0.409157 -0.360000 0.491086
v -0.422610 -0.360000 0.485220
v -0.434200 -0.360000 0.478720
v -0.444000 -0.360000 0.472000
v -0.452191 -0.360000 0.465361
v -0.458995 -0.360000 0.458995
v 0.458995 0.360000 0.458995
v 0.452191 0.360000 0.465361
v 0.444000 0.360000 0.472000
v 0.434200 0.360000 0.478720
v 0.422610 0.360000 0.485220
v 0.409157 0.360000 0.491086
v 0.393955 0.360000 0.495820
v 0.377365 0.360000 0.498919
v 0.360000 0.360000 0.500000
v -0.360000 0.360000 0.500000
v -0.377365 0.360000 0.498919
v -0.393955 0.360000 0.495820
v -0.409157 0.360000 0.491086
v -0.422610 0.360000 0.485220
v -0.434200 0.360000 0.478720
v -0.444000 0.360000 0.472000
v -0.452191 0.360000 0.465361
v -0.458995 0.360000 0.458995
v 0.458611 0.372326 0.458611
v 0.451785 0.373112 0.464898
v 0.443583 0.373931 0.471444
v 0.433786 0.374757 0.478058
v 0.422222 0.375556 0.484444
v 0.408824 0.376275 0.490197
v 0.393708 0.376854 0.494832
v 0.377233 0.377233 0.497862
v 0.360000 0.377365 0.498919
v -0.360000 0.377365 0.498919
v -0.377233 0.377233 0.497862
v -0.393708 0.376854 0.494832
v -0.408824 0.376275 0.490197
v -0.422222 0.375556 0.484444
v -0.433786 0.374757 0.478058
v -0.443583 0.373931 0.471444
v -0.451785 0.373112 0.464898
v -0.458611 0.372326 0.458611
v 0.457483 0.384371 0.457483
v 0.450601 0.385886 0.463544
v 0.442369 0.387456 0.469825
v 0.432587 0.389035 0.476139
v 0.421101 0.390551 0.482202
v 0.407863 0.391909 0.487636
v 0.392998 0.392998 0.491993
v 0.376854 0.393708 0.494832
v 0.360000 0.393955 0.495820
v -0.360000 0.393955 0.495820
v -0.376854 0.393708 0.494832
v -0.392998 0.392998 0.491993
v -0.407863 0.391909 0.487636
v -0.421101 0.390551 0.482202
v -0.432587 0.389035 0.476139
v -0.442369 0.387456 0.469825
v -0.450601 0.385886 0.463544
v -0.457483 0.384371 0.457483
v 0.455688 0.395883 0.455688
v 0.448725 0.398025 0.461400
v 0.440457 0.400229 0.467277
v 0.430711 0.402426 0.473137
v 0.419360 0.404520 0.478720
v 0.406381 0.406381 0.483683
v 0.391909 0.407863 0.487636
v 0.376275 0.408824 0.490197
v 0.360000 0.409157 0.491086
v -0.360000 0.409157 0.491086
v -0.376275 0.408824 0.490197
v -0.391909 0.407863 0.487636
v -0.406381 0.406381 0.483683
v -0.419360 0.404520 0.478720
v -0.430711 0.402426 0.473137
v -0.440457 0.400229 0.467277
v -0.448725 0.398025 0.461400
v -0.455688 0.395883 0.455688
v 0.453333 0.406667 0.453333
v 0.446284 0.409305 0.458611
v 0.437992 0.411995 0.463989
v 0.428313 0.414650 0.469301
v 0.417155 0.417155 0.474310
v 0.404520 0.419360 0.478720
v 0.390551 0.421101 0.482202
v 0.375556 0.422222 0.484444
v 0.360000 0.422610 0.485220
v -0.360000 0.422610 0.485220
v -0.375556 0.422222 0.484444
v -0.390551 0.421101 0.482202
v -0.404520 0.419360 0.478720
v -0.417155 0.417155 0.474310
v -0.428313 0.414650 0.469301
v -0.437992 0.411995 0.463989
v -0.446284 0.409305 0.458611
v -0.453333 0.406667 0.453333
v 0.450547 0.416592 0.450547
v 0.443423 0.419588 0.455341
v 0.435132 0.422610 0.460176
v 0.425561 0.425561 0.464898
v 0.414650 0.428313 0.469301
v 0.402426 0.430711 0.473137
v 0.389035 0.432587 0.476139
v 0.374757 0.433786 0.478058
v 0.360000 0.434200 0.478720
v -0.360000 0.434200 0.478720
v -0.374757 0.433786 0.478058
v -0.389035 0.432587 0.476139
v -0.402426 0.430711 0.473137
v -0.414650 0.428313 0.469301
v -0.425561 0.425561 0.464898
v -0.435132 0.422610 0.460176
v -0.443423 0.419588 0.455341
v -0.450547 0.416592 0.450547
v 0.447457 0.425593 0.447457
v 0.440285 0.428815 0.451754
v 0.432029 0.432029 0.456039
v 0.422610 0.435132 0.460176
v 0.411995 0.437992 0.463989
v 0.400229 0.440457 0.467277
v 0.387456 0.442369 0.469825
v 0.373931 0.443583 0.471444
v 0.360000 0.444000 0.472000
v -0.360000 0.444000 0.472000
v -0.373931 0.443583 0.471444
v -0.387456 0.442369 0.469825
v -0.400229 0.440457 0.467277
v -0.411995 0.437992 0.463989
v -0.422610 0.435132 0.460176
v -0.432029 0.432029 0.456039
v -0.440285 0.428815 0.451754
v -0.447457 0.425593 0.447457
v 0.444184 0.433661 0.444184
v 0.436996 0.436996 0.447996
v 0.428815 0.440285 0.451754
v 0.419588 0.443423 0.455341
v 0.409305 0.446284 0.458611
v 0.398025 0.448725 0.461400
v 0.385886 0.450601 0.463544
v 0.373112 0.451785 0.464898
v 0.360000 0.452191 0.465361
v -0.360000 0.452191 0.465361
v -0.373112 0.451785 0.464898
v -0.385886 0.450601 0.463544
v -0.398025 0.448725 0.461400
v -0.409305 0.446284 0.458611
v -0.419588 0.443423 0.455341
v -0.428815 0.440285 0.451754
v -0.436996 0.436996 0.447996
v -0.444184 0.433661 0.444184
v 0.440829 0.440829 0.440829
v 0.433661 0.444184 0.444184
v 0.425593 0.447457 0.447457
v 0.416592 0.450547 0.450547
v 0.406667 0.453333 0.453333
v 0.395883 0.455688 0.455688
v 0.384371 0.457483 0.457483
v 0.372326 0.458611 0.458611
v 0.360000 0.458995 0.458995
v -0.360000 0.458995 0.458995
v -0.372326 0.458611 0.458611
v -0.384371 0.457483 0.457483
v -0.395883 0.455688 0.455688
v -0.406667 0.453333 0.453333
v -0.416592 0.450547 0.450547
v -0.425593 0.447457 0.447457
v -0.433661 0.444184 0.444184
v -0.440829 0.440829 0.440829
v -0.440829 -0.440829 -0.440829
v -0.433661 -0.444184 -0.444184
v -0.425593 -0.447457 -0.447457
v -0.416592 -0.450547 -0.450547
v -0.406667 -0.453333 -0.453333
v -0.395883 -0.455688 -0.455688
v -0.384371 -0.457483 -0.457483
v -0.372326 -0.458611 -0.458611
v -0.360000 -0.458995 -0.458995
v 0.360000 -0.458995 -0.458995
v 0.372326 -0.458611 -0.458611
v 0.384371 -0.457483 -0.457483
v 0.395883 -0.455688 -0.455688
v 0.406667 -0.453333 -0.453333
v 0.416592 -0.450547 -0.450547
v 0.425593 -0.447457 -0.447457
v 0.433661 -0.444184 -0.444184
v 0.440829 -0.440829 -0.440829
v -0.444184 -0.433661 -0.444184
v -0.436996 -0.436996 -0.447996
v -0.428815 -0.440285 -0.451754
v -0.419588 -0.443423 -0.455341
v -0.409305 -0.446284 -0.458611
v -0.398025 -0.448725 -0.461400
v -0.385886 -0.450601 -0.463544
v -0.373112 -0.451785 -0.464898
v -0.360000 -0.452191 -0.465361
v 0.360000 -0.452191 -0.465361
v 0.373112 -0.451785 -0.464898
v 0.385886 -0.450601 -0.463544
v 0.398025 -0.448725 -0.461400
v 0.409305 -0.446284 -0.458611
v 0.419588 -0.443423 -0.455341
v 0.428815 -0.440285 -0.451754
v 0.436996 -0.436996 -0.447996
v 0.444184 -0.433661 -0.444184
v -0.447457 -0.425593 -0.447457
v -0.440285 -0.428815 -0.451754
v -0.432029 -0.432029 -0.456039
v -0.422610 -0.435132 -0.460176
v -0.411995 -0.437992 -0.463989
v -0.400229 -0.440457 -0.467277
v -0.387456 -0.442369 -0.469825
v -0.373931 -0.443583 -0.471444
v -0.360000 -0.444000 -0.472000
v 0.360000 -0.444000 -0.472000
v 0.373931 -0.443583 -0.471444
v 0.387456 -0.442369 -0.469825
v 0.400229 -0.440457 -0.467277
v 0.411995 -0.437992 -0.463989
v 0.422610 -0.435132 -0.460176
v 0.432029 -0.432029 -0.456039
v 0.440285 -0.428815 -0.451754
v 0.447457 -0.425593 -0.447457
v -0.450547 -0.416592 -0.450547
v -0.443423 -0.419588 -0.455341
v -0.435132 -0.422610 -0.460176
v -0.425561 -0.425561 -0.464898
v -0.414650 -0.428313 -0.469301
v -0.402426 -0.430711 -0.473137
v -0.389035 -0.432587 -0.476139
v -0.374757 -0.433786 -0.478058
v -0.360000 -0.434200 -0.478720
v 0.360000 -0.434200 -0.478720
v 0.374757 -0.433786 -0.478058
v 0.389035 -0.432587 -0.476139
v 0.402426 -0.430711 -0.473137
v 0.414650 -0.428313 -0.469301
v 0.425561 -0.425561 -0.464898
v 0.435132 -0.422610 -0.460176
v 0.443423 -0.419588 -0.455341
v 0.450547 -0.416592 -0.450547
v -0.453333 -0.406667 -0.453333
v -0.446284 -0.409305 -0.458611
v -0.437992 -0.411995 -0.463989
v -0.428313 -0.414650 -0.469301
v -0.417155 -0.417155 -0.474310
v -0.404520 -0.419360 -0.478720
v -0.390551 -0.421101 -0.482202
v -0.375556 -0.422222 -0.484444
v -0.360000 -0.422610 -0.485220
v 0.360000 -0.422610 -0.485220
v 0.375556 -0.422222 -0.484444
v 0.390551 -0.421101 -0.482202
v 0.404520 -0.419360 -0.478720
v 0.417155 -0.417155 -0.474310
v 0.428313 -0.414650 -0.469301
v 0.437992 -0.411995 -0.463989
v 0.446284 -0.409305 -0.458611
v 0.453333 -0.406667 -0.453333
v -0.455688 -0.395883 -0.455688
v -0.448725 -0.398025 -0.461400
v -0.440457 -0.400229 -0.467277
v -0.430711 -0.402426 -0.473137
v -0.419360 -0.404520 -0.478720
v -0.406381 -0.406381 -0.483683
v -0.391909 -0.407863 -0.487636
v -0.376275 -0.408824 -0.490197
v -0.360000 -0.409157 -0.491086
v 0.360000 -0.409157 -0.491086
v 0.376275 -0.408824 -0.490197
v 0.391909 -0.407863 -0.487636
v 0.406381 -0.406381 -0.483683
v 0.419360 -0.404520 -0.478720
v 0.430711 -0.402426 -0.473137
v 0.440457 -0.400229 -0.467277
v 0.448725 -0.398025 -0.461400
v 0.455688 -0.395883 -0.455688
v -0.457483 -0.384371 -0.457483
v -0.450601 -0.385886 -0.463544
v -0.442369 -0.387456 -0.469825
v -0.432587 -0.389035 -0.476139
v -0.421101 -0.390551 -0.482202
v -0.407863 -0.391909 -0.487636
v -0.392998 -0.392998 -0.491993
v -0.376854 -0.393708 -0.494832
v -0.360000 -0.393955 -0.495820
v 0.360000 -0.393955 -0.495820
v 0.376854 -0.393708 -0.494832
v 0.392998 -0.392998 -0.491993
v 0.407863 -0.391909 -0.487636
v 0.421101 -0.390551 -0.482202
v 0.432587 -0.389035 -0.476139
v 0.442369 -0.387456 -0.469825
v 0.450601 -0.385886 -0.463544
v 0.457483 -0.384371 -0.457483
v -0.458611 -0.372326 -0.458611
v -0.451785 -0.373112 -0.464898
v -0.443583 -0.373931 -0.471444
v -0.433786 -0.374757 -0.478058
v -0.422222 -0.375556 -0.484444
v -0.408824 -0.376275 -0.490197
v -0.393708 -0.376854 -0.494832
v -0.377233 -0.377233 -0.497862
v -0.360000 -0.377365 -0.498919
v 0.360000 -0.377365 -0.498919
v 0.377233 -0.377233 -0.497862
v 0.393708 -0.376854 -0.494832
v 0.408824 -0.376275 -0.490197
v 0.422222 -0.375556 -0.484444
v 0.433786 -0.374757 -0.478058
v 0.443583 -0.373931 -0.471444
v 0.451785 -0.373112 -0.464898
v 0.458611 -0.372326 -0.458611
v -0.458995 -0.360000 -0.458995
v -0.452191 -0.360000 -0.465361
v -0.444000 -0.360000 -0.472000
v -0.434200 -0.360000 -0.478720
v -0.422610 -0.360000 -0.485220
v -0.409157 -0.360000 -0.491086
v -0.393955 -0.360000 -0.495820
v -0.377365 -0.360000 -0.498919
v -0.360000 -0.360000 -0.500000
v 0.360000 -0.360000 -0.500000
v 0.377365 -0.360000 -0.498919
v 0.393955 -0.360000 -0.495820
v 0.409157 -0.360000 -0.491086
v 0.422610 -0.360000 -0.485220
v 0.434200 -0.360000 -0.478720
v 0.444000 -0.360000 -0.472000
v 0.452191 -0.360000 -0.465361
v 0.458995 -0.360000 -0.458995
v -0.458995 0.360000 -0.458995
v -0.452191 0.360000 -0.465361
v -0.444000 0.360000 -0.472000
v -0.434200 0.360000 -0.478720
v -0.422610 0.360000 -0.485220
v -0.409157 0.360000 -0.491086
v -0.393955 0.360000 -0.495820
v -0.377365 0.360000 -0.498919
v -0.360000 0.360000 -0.500000
v 0.360000 0.360000 -0.500000
v 0.377365 0.360000 -0.498919
v 0.393955 0.360000 -0.495820
v 0.409157 0.360000 -0.491086
v 0.422610 0.360000 -0.485220
v 0.434200 0.360000 -0.478720
v 0.444000 0.360000 -0.472000
v 0.452191 0.360000 -0.465361
v 0.458995 0.360000 -0.458995
v -0.458611 0.372326 -0.458611
v -0.451785 0.373112 -0.464898
v -0.443583 0.373931 -0.471444
v -0.433786 0.374757 -0.478058
v -0.422222 0.375556 -0.484444
v -0.408824 0.376275 -0.490197
v -0.393708 0.376854 -0.494832
v -0.377233 0.377233 -0.497862
v -0.360000 0.377365 -0.498919
v 0.360000 0.377365 -0.498919
v 0.377233 0.377233 -0.497862
v 0.393708 0.376854 -0.494832
v 0.408824 0.376275 -0.490197
v 0.422222 0.375556 -0.484444
v 0.433786 0.374757 -0.478058
v 0.443583 0.373931 -0.471444
v 0.451785 0.373112 -0.464898
v 0.458611 0.372326 -0.458611
v -0.457483 0.384371 -0.457483
v -0.450601 0.385886 -0.463544
v -0.442369 0.387456 -0.469825
v -0.432587 0.389035 -0.476139
v -0.421101 0.390551 -0.482202
v -0.407863 0.391909 -0.487636
v -0.392998 0.392998 -0.491993
v -0.376854 0.393708 -0.494832
v -0.360000 0.393955 -0.495820
v 0.360000 0.393955 -0.495820
v 0.376854 0.393708 -0.494832
v 0.392998 0.392998 -0.491993
v 0.407863 0.391909 -0.487636
v 0.421101 0.390551 -0.482202
v 0.432587 0.389035 -0.476139
v 0.442369 0.387456 -0.469825
v 0.450601 0.385886 -0.463544
v 0.457483 0.384371 -0.457483
v -0.455688 0.395883 -0.455688
v -0.448725 0.398025 -0.461400
v -0.440457 0.400229 -0.467277
v -0.430711 0.402426 -0.473137
v -0.419360 0.404520 -0.478720
v -0.406381 0.406381 -0.483683
v -0.391909 0.407863 -0.487636
v -0.376275 0.408824 -0.490197
v -0.360000 0.409157 -0.491086
v 0.360000 0.409157 -0.491086
v 0.376275 0.408824 -0.490197
v 0.391909 0.407863 -0.487636
v 0.406381 0.406381 -0.483683
v 0.419360 0.404520 -0.478720
v 0.430711 0.402426 -0.473137
v 0.440457 0.400229 -0.467277
v 0.448725 0.398025 -0.461400
v 0.455688 0.395883 -0.455688
v -0.453333 0.406667 -0.453333
v -0.446284 0.409305 -0.458611
v -0.437992 0.411995 -0.463989
v -0.428313 0.414650 -0.469301
v -0.417155 0.417155 -0.474310
v -0.404520 0.419360 -0.478720
v -0.390551 0.421101 -0.482202
v -0.375556 0.422222 -0.484444
v -0.360000 0.422610 -0.485220
v 0.360000 0.422610 -0.485220
v 0.375556 0.422222 -0.484444
v 0.390551 0.421101 -0.482202
v 0.404520 0.419360 -0.478720
v 0.417155 0.417155 -0.474310
v 0.428313 0.414650 -0.469301
v 0.437992 0.411995 -0.463989
v 0.446284 0.409305 -0.458611
v 0.453333 0.406667 -0.453333
v -0.450547 0.416592 -0.450547
v -0.443423 0.419588 -0.455341
v -0.435132 0.422610 -0.460176
v -0.425561 0.425561 -0.464898
v -0.414650 0.428313 -0.469301
v -0.402426 0.430711 -0.473137
v -0.389035 0.432587 -0.476139
v -0.374757 0.433786 -0.478058
v -0.360000 0.434200 -0.478720
v 0.360000 0.434200 -0.478720
v 0.374757 0.433786 -0.478058
v 0.389035 0.432587 -0.476139
v 0.402426 0.430711 -0.473137
v 0.414650 0.428313 -0.469301
v 0.425561 0.425561 -0.464898
v 0.435132 0.422610 -0.460176
v 0.443423 0.419588 -0.455341
v 0.450547 0.416592 -0.450547
v -0.447457 0.425593 -0.447457
v -0.440285 0.428815 -0.451754
v -0.432029 0.432029 -0.456039
v -0.422610 0.435132 -0.460176
v -0.411995 0.437992 -0.463989
v -0.400229 0.440457 -0.467277
v -0.387456 0.442369 -0.469825
v -0.373931 0.443583 -0.471444
v -0.360000 0.444000 -0.472000
v 0.360000 0.444000 -0.472000
v 0.373931 0.443583 -0.471444
v 0.387456 0.442369 -0.469825
v 0.400229 0.440457 -0.467277
v 0.411995 0.437992 -0.463989
v 0.422610 0.435132 -0.460176
v 0.432029 0.432029 -0.456039
v 0.440285 0.428815 -0.451754
v 0.447457 0.425593 -0.447457
v -0.444184 0.433661 -0.444184
v -0.436996 0.436996 -0.447996
v -0.428815 0.440285 -0.451754
v -0.419588 0.443423 -0.455341
v -0.409305 0.446284 -0.458611
v -0.398025 0.448725 -0.461400
v -0.385886 0.450601 -0.463544
v -0.373112 0.451785 -0.464898
v -0.360000 0.452191 -0.465361
v 0.360000 0.452191 -0.465361
v 0.373112 0.451785 -0.464898
v 0.385886 0.450601 -0.463544
v 0.398025 0.448725 -0.461400
v 0.409305 0.446284 -0.458611
v 0.419588 0.443423 -0.455341
v 0.428815 0.440285 -0.451754
v 0.436996 0.436996 -0.447996
v 0.444184 0.433661 -0.444184
v -0.440829 0.440829 -0.440829
v -0.433661 0.444184 -0.444184
v -0.425593 0.447457 -0.447457
v -0.416592 0.450547 -0.450547
v -0.406667 0.453333 -0.453333
v -0.395883 0.455688 -0.455688
v -0.384371 0.457483 -0.457483
v -0.372326 0.458611 -0.458611
v -0.360000 0.458995 -0.458995
v 0.360000 0.458995 -0.458995
v 0.372326 0.458611 -0.458611
v 0.384371 0.457483 -0.457483
v 0.395883 0.455688 -0.455688
v 0.406667 0.453333 -0.453333
v 0.416592 0.450547 -0.450547
v 0.425593 0.447457 -0.447457
v 0.433661 0.444184 -0.444184
v 0.440829 0.440829 -0.440829
vt 0.000000 0.000000
vt 0.017500 0.000000
vt 0.035000 0.000000
vt 0.052500 0.000000
vt 0.070000 0.000000
vt 0.087500 0.000000
vt 0.105000 0.000000
vt 0.122500 0.000000
vt 0.140000 0.000000
vt 0.860000 0.000000
vt 0.877500 0.000000
vt 0.895000 0.000000
vt 0.912500 0.000000
vt 0.930000 0.000000
vt 0.947500 0.000000
vt 0.965000 0.000000
vt 0.982500 0.000000
vt 1.000000 0.000000
vt 0.000000 0.017500
vt 0.017500 0.017500
vt 0.035000 0.017500
vt 0.052500 0.017500
vt 0.070000 0.017500
vt 0.087500 0.017500
vt 0.105000 0.017500
vt 0.122500 0.017500
vt 0.140000 0.017500
vt 0.860000 0.017500
vt 0.877500 0.017500
vt 0.895000 0.017500
vt 0.912500 0.017500
vt 0.930000 0.017500
vt 0.947500 0.017500
vt 0.965000 0.017500
vt 0.982500 0.017500
vt 1.000000 0.017500
vt 0.000000 0.035000
vt 0.017500 0.035000
vt 0.035000 0.035000
vt 0.052500 0.035000
vt 0.070000 0.035000
vt 0.087500 0.035000
vt 0.105000 0.035000
vt 0.122500 0.035000
vt 0.140000 0.035000
vt 0.860000 0.035000
vt 0.877500 0.035000
vt 0.895000 0.035000
vt 0.912500 0.035000
vt 0.930000 0.035000
vt 0.947500 0.035000
vt 0.965000 0.035000
vt 0.982500 0.035000
vt 1.000000 0.035000
vt 0.000000 0.052500
vt 0.017500 0.052500
vt 0.035000 0.052500
vt 0.052500 0.052500
vt 0.070000 0.052500
vt 0.087500 0.052500
vt 0.105000 0.052500
vt 0.122500 0.052500
vt 0.140000 0.052500
vt 0.860000 0.052500
vt 0.877500 0.052500
vt 0.895000 0.052500
vt 0.912500 0.052500
vt 0.930000 0.052500
vt 0.947500 0.052500
vt 0.965000 0.052500
vt 0.982500 0.052500
vt 1.000000 0.052500
vt 0.000000 0.070000
vt 0.017500 0.070000
vt 0.035000 0.070000
vt 0.052500 0.070000
vt 0.070000 0.070000
vt 0.087500 0.070000
vt 0.105000 0.070000
vt 0.122500 0.070000
vt 0.140000 0.070000
vt 0.860000 0.070000
vt 0.877500 0.070000
vt 0.895000 0.070000
vt 0.912500 0.070000
vt 0.930000 0.070000
vt 0.947500 0.070000
vt 0.965000 0.070000
vt 0.982500 0.070000
vt 1.000000 0.070000
vt 0.000000 0.087500
vt 0.017500 0.087500
vt 0.035000 0.087500
vt 0.052500 0.087500
vt 0.070000 0.087500
vt 0.087500 0.087500
vt 0.105000 0.087500
vt 0.122500 0.087500
vt 0.140000 0.087500
vt 0.860000 0.087500
vt 0.877500 0.087500
vt 0.895000 0.087500
vt 0.912500 0.087500
vt 0.930000 0.087500
vt 0.947500 0.087500
vt 0.965000 0.087500
vt 0.982500 0.087500
vt 1.000000 0.087500
vt 0.000000 0.105000
vt 0.017500 0.105000
vt 0.035000 0.105000
vt 0.052500 0.105000
vt 0.070000 0.105000
vt 0.087500 0.105000
vt 0.105000 0.105000
vt 0.122500 0.105000
vt 0.140000 0.105000
vt 0.860000 0.105000
vt 0.877500 0.105000
vt 0.895000 0.105000
vt 0.912500 0.105000
vt 0.930000 0.105000
vt 0.947500 0.105000
vt 0.965000 0.105000
vt 0.982500 0.105000
vt 1.000000 0.105000
vt 0.000000 0.122500
vt 0.017500 0.122500
vt 0.035000 0.122500
vt 0.052500 0.122500
vt 0.070000 0.122500
vt 0.087500 0.122500
vt 0.105000 0.122500
vt 0.122500 0.122500
vt 0.140000 0.122500
vt 0.860000 0.122500
vt 0.877500 0.122500
vt 0.895000 0.122500
vt 0.912500 0.122500
vt 0.930000 0.122500
vt 0.947500 0.122500
vt 0.965000 0.122500
vt 0.982500 0.122500
vt 1.000000 0.122500
vt 0.000000 0.140000
vt 0.017500 0.140000
vt 0.035000 0.140000
vt 0.052500 0.140000
vt 0.070000 0.140000
vt 0.087500 0.140000
vt 0.105000 0.140000
vt 0.122500 0.140000
vt 0.140000 0.140000
vt 0.860000 0.140000
vt 0.877500 0.140000
vt 0.895000 0.140000
vt 0.912500 0.140000
vt 0.930000 0.140000
vt 0.947500 0.140000
vt 0.965000 0.140000
vt 0.982500 0.140000
vt 1.000000 0.140000
vt 0.000000 0.860000
vt 0.017500 0.860000
vt 0.035000 0.860000
vt 0.052500 0.860000
vt 0.070000 0.860000
vt 0.087500 0.860000
vt 0.105000 0.860000
vt 0.122500 0.860000
vt 0.140000 0.860000
vt 0.860000 0.860000
vt 0.877500 0.860000
vt 0.895000 0.860000
vt 0.912500 0.860000
vt 0.930000 0.860000
vt 0.947500 0.860000
vt 0.965000 0.860000
vt 0.982500 0.860000
vt 1.000000 0.860000
vt 0.000000 0.877500
vt 0.017500 0.877500
vt 0.035000 0.877500
vt 0.052500 0.877500
vt 0.070000 0.877500
vt 0.087500 0.877500
vt 0.105000 0.877500
vt 0.122500 0.877500
vt 0.140000 0.877500
vt 0.860000 0.877500
vt 0.877500 0.877500
vt 0.895000 0.877500
vt 0.912500 0.877500
vt 0.930000 0.877500
vt 0.947500 0.877500
vt 0.965000 0.877500
vt 0.982500 0.877500
vt 1.000000 0.877500
vt 0.000000 0.895000
vt 0.017500 0.895000
vt 0.035000 0.895000
vt 0.052500 0.895000
vt 0.070000 0.895000
vt 0.087500 0.895000
vt 0.105000 0.895000
vt 0.122500 0.895000
vt 0.140000 0.895000
vt 0.860000 0.895000
vt 0.877500 0.895000
vt 0.895000 0.895000
vt 0.912500 0.895000
vt 0.930000 0.895000
vt 0.947500 0.895000
vt 0.965000 0.895000
vt 0.982500 0.895000
vt 1.000000 0.895000
vt 0.000000 0.912500
vt 0.017500 0.912500
vt 0.035000 0.912500
vt 0.052500 0.912500
vt 0.070000 0.912500
vt 0.087500 0.912500
vt 0.105000 0.912500
vt 0.122500 0.912500
vt 0.140000 0.912500
vt 0.860000 0.912500
vt 0.877500 0.912500
vt 0.895000 0.912500
vt 0.912500 0.912500
vt 0.930000 0.912500
vt 0.947500 0.912500
vt 0.965000 0.912500
vt 0.982500 0.912500
vt 1.000000 0.912500
vt 0.000000 0.930000
vt 0.017500 0.930000
vt 0.035000 0.930000
vt 0.052500 0.930000
vt 0.070000 0.930000
vt 0.087500 0.930000
vt 0.105000 0.930000
vt 0.122500 0.930000
vt 0.140000 0.930000
vt 0.860000 0.930000
vt 0.877500 0.930000
vt 0.895000 0.930000
vt 0.912500 0.930000
vt 0.930000 0.930000
vt 0.947500 0.930000
vt 0.965000 0.930000
vt 0.982500 0.930000
vt 1.000000 0.930000
vt 0.000000 0.947500
vt 0.017500 0.947500
vt 0.035000 0.947500
vt 0.052500 0.947500
vt 0.070000 0.947500
vt 0.087500 0.947500
vt 0.105000 0.947500
vt 0.122500 0.947500
vt 0.140000 0.947500
vt 0.860000 0.947500
vt 0.877500 0.947500
vt 0.895000 0.947500
vt 0.912500 0.947500
vt 0.930000 0.947500
vt 0.947500 0.947500
vt 0.965000 0.947500
vt 0.982500 0.947500
vt 1.000000 0.947500
vt 0.000000 0.965000
vt 0.017500 0.965000
vt 0.035000 0.965000
vt 0.052500 0.965000
vt 0.070000 0.965000
vt 0.087500 0.965000
vt 0.105000 0.965000
vt 0.122500 0.965000
vt 0.140000 0.965000
vt 0.860000 0.965000
vt 0.877500 0.965000
vt 0.895000 0.965000
vt 0.912500 0.965000
vt 0.930000 0.965000
vt 0.947500 0.965000
vt 0.965000 0.965000
vt 0.982500 0.965000
vt 1.000000 0.965000
vt 0.000000 0.982500
vt 0.017500 0.982500
vt 0.035000 0.982500
vt 0.052500 0.982500
vt 0.070000 0.982500
vt 0.087500 0.982500
vt 0.105000 0.982500
vt 0.122500 0.982500
vt 0.140000 0.982500
vt 0.860000 0.982500
vt 0.877500 0.982500
vt 0.895000 0.982500
vt 0.912500 0.982500
vt 0.930000 0.982500
vt 0.947500 0.982500
vt 0.965000 0.982500
vt 0.982500 0.982500
vt 1.000000 0.982500
vt 0.000000 1.000000
vt 0.017500 1.000000
vt 0.035000 1.000000
vt 0.052500 1.000000
vt 0.070000 1.000000
vt 0.087500 1.000000
vt 0.105000 1.000000
vt 0.122500 1.000000
vt 0.140000 1.000000
vt 0.860000 1.000000
vt 0.877500 1.000000
vt 0.895000 1.000000
vt 0.912500 1.000000
vt 0.930000 1.000000
vt 0.947500 1.000000
vt 0.965000 1.000000
vt 0.982500 1.000000
vt 1.000000 1.000000
vt 0.000000 0.000000
vt 0.017500 0.000000
vt 0.035000 0.000000
vt 0.052500 0.000000
vt 0.070000 0.000000
vt 0.087500 0.000000
vt 0.105000 0.000000
vt 0.122500 0.000000
vt 0.140000 0.000000
vt 0.860000 0.000000
vt 0.877500 0.000000
vt 0.895000 0.000000
vt 0.912500 0.000000
vt 0.930000 0.000000
vt 0.947500 0.000000
vt 0.965000 0.000000
vt 0.982500 0.000000
vt 1.000000 0.000000
vt 0.000000 0.017500
vt 0.017500 0.017500
vt 0.035000 0.017500
vt 0.052500 0.017500
vt 0.070000 0.017500
vt 0.087500 0.017500
vt 0.105000 0.017500
vt 0.122500 0.017500
vt 0.140000 0.017500
vt 0.860000 0.017500
vt 0.877500 0.017500
vt 0.895000 0.017500
vt 0.912500 0.017500
vt 0.930000 0.017500
vt 0.947500 0.017500
vt 0.965000 0.017500
vt 0.982500 0.017500
vt 1.000000 0.017500
vt 0.000000 0.035000
vt 0.017500 0.035000
vt 0.035000 0.035000
vt 0.052500 0.035000
vt 0.070000 0.035000
vt 0.087500 0.035000
vt 0.105000 0.035000
vt 0.122500 0.035000
vt 0.140000 0.035000
vt 0.860000 0.035000
vt 0.877500 0.035000
vt 0.895000 0.035000
vt 0.912500 0.035000
vt 0.930000 0.035000
vt 0.947500 0.035000
vt 0.965000 0.035000
vt 0.982500 0.035000
vt 1.000000 0.035000
vt 0.000000 0.052500
vt 0.017500 0.052500
vt 0.035000 0.052500
vt 0.052500 0.052500
vt 0.070000 0.052500
vt 0.087500 0.052500
vt 0.105000 0.052500
vt 0.122500 0.052500
vt 0.140000 0.052500
vt 0.860000 0.052500
vt 0.877500 0.052500
vt 0.895000 0.052500
vt 0.912500 0.052500
vt 0.930000 0.052500
vt 0.947500 0.052500
vt 0.965000 0.052500
vt 0.982500 0.052500
vt 1.000000 0.052500
vt 0.000000 0.070000
vt 0.017500 0.070000
vt 0.035000 0.070000
vt 0.052500 0.070000
vt 0.070000 0.070000
vt 0.087500 0.070000
vt 0.105000 0.070000
vt 0.122500 0.070000
vt 0.140000 0.070000
vt 0.860000 0.070000
vt 0.877500 0.070000
vt 0.895000 0.070000
vt 0.912500 0.070000
vt 0.930000 0.070000
vt 0.947500 0.070000
vt 0.965000 0.070000
vt 0.982500 0.070000
vt 1.000000 0.070000
vt 0.000000 0.087500
vt 0.017500 0.087500
vt 0.035000 0.087500
vt 0.052500 0.087500
vt 0.070000 0.087500
vt 0.087500 0.087500
vt 0.105000 0.087500
vt 0.122500 0.087500
vt 0.140000 0.087500
vt 0.860000 0.087500
vt 0.877500 0.087500
vt 0.895000 0.087500
vt 0.912500 0.087500
vt 0.930000 0.087500
vt 0.947500 0.087500
vt 0.965000 0.087500
vt 0.982500 0.087500
vt 1.000000 0.087500
vt 0.000000 0.105000
vt 0.017500 0.105000
vt 0.035000 0.105000
vt 0.052500 0.105000
vt 0.070000 0.105000
vt 0.087500 0.105000
vt 0.105000 0.105000
vt 0.122500 0.105000
vt 0.140000 0.105000
vt 0.860000 0.105000
vt 0.877500 0.105000
vt 0.895000 0.105000
vt 0.912500 0.105000
vt 0.930000 0.105000
vt 0.947500 0.105000
vt 0.965000 0.105000
vt 0.982500 0.105000
vt 1.000000 0.105000
vt 0.000000 0.122500
vt 0.017500 0.122500
vt 0.035000 0.122500
vt 0.052500 0.122500
vt 0.070000 0.122500
vt 0.087500 0.122500
vt 0.105000 0.122500
vt 0.122500 0.122500
vt 0.140000 0.122500
vt 0.860000 0.122500
vt 0.877500 0.122500
vt 0.895000 0.122500
vt 0.912500 0.122500
vt 0.930000 0.122500
vt 0.947500 0.122500
vt 0.965000 0.122500
vt 0.982500 0.122500
vt 1.000000 0.122500
vt 0.000000 0.140000
vt 0.017500 0.140000
vt 0.035000 0.140000
vt 0.052500 0.140000
vt 0.070000 0.140000
vt 0.087500 0.140000
vt 0.105000 0.140000
vt 0.122500 0.140000
vt 0.140000 0.140000
vt 0.860000 0.140000
vt 0.877500 0.140000
vt 0.895000 0.140000
vt 0.912500 0.140000
vt 0.930000 0.140000
vt 0.947500 0.140000
vt 0.965000 0.140000
vt 0.982500 0.140000
vt 1.000000 0.140000
vt 0.000000 0.860000
vt 0.017500 0.860000
vt 0.035000 0.860000
vt 0.052500 0.860000
vt 0.070000 0.860000
vt 0.087500 0.860000
vt 0.105000 0.860000
vt 0.122500 0.860000
vt 0.140000 0.860000
vt 0.860000 0.860000
vt 0.877500 0.860000
vt 0.895000 0.860000
vt 0.912500 0.860000
vt 0.930000 0.860000
vt 0.947500 0.860000
vt 0.965000 0.860000
vt 0.982500 0.860000
vt 1.000000 0.860000
vt 0.000000 0.877500
vt 0.017500 0.877500
vt 0.035000 0.877500
vt 0.052500 0.877500
vt 0.070000 0.877500
vt 0.087500 0.877500
vt 0.105000 0.877500
vt 0.122500 0.877500
vt 0.140000 0.877500
vt 0.860000 0.877500
vt 0.877500 0.877500
vt 0.895000 0.877500
vt 0.912500 0.877500
vt 0.930000 0.877500
vt 0.947500 0.877500
vt 0.965000 0.877500
vt 0.982500 0.877500
vt 1.000000 0.877500
vt 0.000000 0.895000
vt 0.017500 0.895000
vt 0.035000 0.895000
vt 0.052500 0.895000
vt 0.070000 0.895000
vt 0.087500 0.895000
vt 0.105000 0.895000
vt 0.122500 0.895000
vt 0.140000 0.895000
vt 0.860000 0.895000
vt 0.877500 0.895000
vt 0.895000 0.895000
vt 0.912500 0.895000
vt 0.930000 0.895000
vt 0.947500 0.895000
vt 0.965000 0.895000
vt 0.982500 0.895000
vt 1.000000 0.895000
vt 0.000000 0.912500
vt 0.017500 0.912500
vt 0.035000 0.912500
vt 0.052500 0.912500
vt 0.070000 0.912500
vt 0.087500 0.912500
vt 0.105000 0.912500
vt 0.122500 0.912500
vt 0.140000 0.912500
vt 0.860000 0.912500
vt 0.877500 0.912500
vt 0.895000 0.912500
vt 0.912500 0.912500
vt 0.930000 0.912500
vt 0.947500 0.912500
vt 0.965000 0.912500
vt 0.982500 0.912500
vt 1.000000 0.912500
vt 0.000000 0.930000
vt 0.017500 0.930000
vt 0.035000 0.930000
vt 0.052500 0.930000
vt 0.070000 0.930000
vt 0.087500 0.930000
vt 0.105000 0.930000
vt 0.122500 0.930000
vt 0.140000 0.930000
vt 0.860000 0.930000
vt 0.877500 0.930000
vt 0.895000 0.930000
vt 0.912500 0.930000
vt 0.930000 0.930000
vt 0.947500 0.930000
vt 0.965000 0.930000
vt 0.982500 0.930000
vt 1.000000 0.930000
vt 0.000000 0.947500
vt 0.017500 0.947500
vt 0.035000 0.947500
vt 0.052500 0.947500
vt 0.070000 0.947500
vt 0.087500 0.947500
vt 0.105000 0.947500
vt 0.122500 0.947500
vt 0.140000 0.947500
vt 0.860000 0.947500
vt 0.877500 0.947500
vt 0.895000 0.947500
vt 0.912500 0.947500
vt 0.930000 0.947500
vt 0.947500 0.947500
vt 0.965000 0.947500
vt 0.982500 0.947500
vt 1.000000 0.947500
vt 0.000000 0.965000
vt 0.017500 0.965000
vt 0.035000 0.965000
vt 0.052500 0.965000
vt 0.070000 0.965000
vt 0.087500 0.965000
vt 0.105000 0.965000
vt 0.122500 0.965000
vt 0.140000 0.965000
vt 0.860000 0.965000
vt 0.877500 0.965000
vt 0.895000 0.965000
vt 0.912500 0.965000
vt 0.930000 0.965000
vt 0.947500 0.965000
vt 0.965000 0.965000
vt 0.982500 0.965000
vt 1.000000 0.965000
vt 0.000000 0.982500
vt 0.017500 0.982500
vt 0.035000 0.982500
vt 0.052500 0.982500
vt 0.070000 0.982500
vt 0.087500 0.982500
vt 0.105000 0.982500
vt 0.122500 0.982500
vt 0.140000 0.982500
vt 0.860000 0.982500
vt 0.877500 0.982500
vt 0.895000 0.982500
vt 0.912500 0.982500
vt 0.930000 0.982500
vt 0.947500 0.982500
vt 0.965000 0.982500
vt 0.982500 0.982500
vt 1.000000 0.982500
vt 0.000000 1.000000
vt 0.017500 1.000000
vt 0.035000 1.000000
vt 0.052500 1.000000
vt 0.070000 1.000000
vt 0.087500 1.000000
vt 0.105000 1.000000
vt 0.122500 1.000000
vt 0.140000 1.000000
vt 0.860000 1.000000
vt 0.877500 1.000000
vt 0.895000 1.000000
vt 0.912500 1.000000
vt 0.930000 1.000000
vt 0.947500 1.000000
vt 0.965000 1.000000
vt 0.982500 1.000000
vt 1.000000 1.000000
vt 0.000000 0.000000
vt 0.017500 0.000000
vt 0.035000 0.000000
vt 0.052500 0.000000
vt 0.070000 0.000000
vt 0.087500 0.000000
vt 0.105000 0.000000
vt 0.122500 0.000000
vt 0.140000 0.000000
vt 0.860000 0.000000
vt 0.877500 0.000000
vt 0.895000 0.000000
vt 0.912500 0.000000
vt 0.930000 0.000000
vt 0.947500 0.000000
vt 0.965000 0.000000
vt 0.982500 0.000000
vt 1.000000 0.000000
vt 0.000000 0.017500
vt 0.017500 0.017500
vt 0.035000 0.017500
vt 0.052500 0.017500
vt 0.070000 0.017500
vt 0.087500 0.017500
vt 0.105000 0.017500
vt 0.122500 0.017500
vt 0.140000 0.017500
vt 0.860000 0.017500
vt 0.877500 0.017500
vt 0.895000 0.017500
vt 0.912500 0.017500
vt 0.930000 0.017500
vt 0.947500 0.017500
vt 0.965000 0.017500
vt 0.982500 0.017500
vt 1.000000 0.017500
vt 0.000000 0.035000
vt 0.017500 0.035000
vt 0.035000 0.035000
vt 0.052500 0.035000
vt 0.070000 0.035000
vt 0.087500 0.035000
vt 0.105000 0.035000
vt 0.122500 0.035000
vt 0.140000 0.035000
vt 0.860000 0.035000
vt 0.877500 0.035000
vt 0.895000 0.035000
vt 0.912500 0.035000
vt 0.930000 0.035000
vt 0.947500 0.035000
vt 0.965000 0.035000
vt 0.982500 0.035000
vt 1.000000 0.035000
vt 0.000000 0.052500
vt 0.017500 0.052500
vt 0.035000 0.052500
vt 0.052500 0.052500
vt 0.070000 0.052500
vt 0.087500 0.052500
vt 0.105000 0.052500
vt 0.122500 0.052500
vt 0.140000 0.052500
vt 0.860000 0.052500
vt 0.877500 0.052500
vt 0.895000 0.052500
vt 0.912500 0.052500
vt 0.930000 0.052500
vt 0.947500 0.052500
vt 0.965000 0.052500
vt 0.982500 0.052500
vt 1.000000 0.052500
vt 0.000000 0.070000
vt 0.017500 0.070000
vt 0.035000 0.070000
vt 0.052500 0.070000
vt 0.070000 0.070000
vt 0.087500 0.070000
vt 0.105000 0.070000
vt 0.122500 0.070000
vt 0.140000 0.070000
vt 0.860000 0.070000
vt 0.877500 0.070000
vt 0.895000 0.070000
vt 0.912500 0.070000
vt 0.930000 0.070000
vt 0.947500 0.070000
vt 0.965000 0.070000
vt 0.982500 0.070000
vt 1.000000 0.070000
vt 0.000000 0.087500
vt 0.017500 0.087500
vt 0.035000 0.087500
vt 0.052500 0.087500
vt 0.070000 0.087500
vt 0.087500 0.087500
vt 0.105000 0.087500
vt 0.122500 0.087500
vt 0.140000 0.087500
vt 0.860000 0.087500
vt 0.877500 0.087500
vt 0.895000 0.087500
vt 0.912500 0.087500
vt 0.930000 0.087500
vt 0.947500 0.087500
vt 0.965000 0.087500
vt 0.982500 0.087500
vt 1.000000 0.087500
vt 0.000000 0.105000
vt 0.017500 0.105000
vt 0.035000 0.105000
vt 0.052500 0.105000
vt 0.070000 0.105000
vt 0.087500 0.105000
vt 0.105000 0.105000
vt 0.122500 0.105000
vt 0.140000 0.105000
vt 0.860000 0.105000
vt 0.877500 0.105000
vt 0.895000 0.105000
vt 0.912500 0.105000
vt 0.930000 0.105000
vt 0.947500 0.105000
vt 0.965000 0.105000
vt 0.982500 0.105000
vt 1.000000 0.105000
vt 0.000000 0.122500
vt 0.017500 0.122500
vt 0.035000 0.122500
vt 0.052500 0.122500
vt 0.070000 0.122500
vt 0.087500 0.122500
vt 0.105000 0.122500
vt 0.122500 0.122500
vt 0.140000 0.122500
vt 0.860000 0.122500
vt 0.877500 0.122500
vt 0.895000 0.122500
vt 0.912500 0.122500
vt 0.930000 0.122500
vt 0.947500 0.122500
vt 0.965000 0.122500
vt 0.982500 0.122500
vt 1.000000 0.122500
vt 0.000000 0.140000
vt 0.017500 0.140000
vt 0.035000 0.140000
vt 0.052500 0.140000
vt 0.070000 0.140000
vt 0.087500 0.140000
vt 0.105000 0.140000
vt 0.122500 0.140000
vt 0.140000 0.140000
vt 0.860000 0.140000
vt 0.877500 0.140000
vt 0.895000 0.140000
vt 0.912500 0.140000
vt 0.930000 0.140000
vt 0.947500 0.140000
vt 0.965000 0.140000
vt 0.982500 0.140000
vt 1.000000 0.140000
vt 0.000000 0.860000
vt 0.017500 0.860000
vt 0.035000 0.860000
vt 0.052500 0.860000
vt 0.070000 0.860000
vt 0.087500 0.860000
vt 0.105000 0.860000
vt 0.122500 0.860000
vt 0.140000 0.860000
vt 0.860000 0.860000
vt 0.877500 0.860000
vt 0.895000 0.860000
vt 0.912500 0.860000
vt 0.930000 0.860000
vt 0.947500 0.860000
vt 0.965000 0.860000
vt 0.982500 0.860000
vt 1.000000 0.860000
vt 0.000000 0.877500
vt 0.017500 0.877500
vt 0.035000 0.877500
vt 0.052500 0.877500
vt 0.070000 0.877500
vt 0.087500 0.877500
vt 0.105000 0.877500
vt 0.122500 0.877500
vt 0.140000 0.877500
vt 0.860000 0.877500
vt 0.877500 0.877500
vt 0.895000 0.877500
vt 0.912500 0.877500
vt 0.930000 0.877500
vt 0.947500 0.877500
vt 0.965000 0.877500
vt 0.982500 0.877500
vt 1.000000 0.877500
vt 0.000000 0.895000
vt 0.017500 0.895000
vt 0.035000 0.895000
vt 0.052500 0.895000
vt 0.070000 0.895000
vt 0.087500 0.895000
vt 0.105000 0.895000
vt 0.122500 0.895000
vt 0.140000 0.895000
vt 0.860000 0.895000
vt 0.877500 0.895000
vt 0.895000 0.895000
vt 0.912500 0.895000
vt 0.930000 0.895000
vt 0.947500 0.895000
vt 0.965000 0.895000
vt 0.982500 0.895000
vt 1.000000 0.895000
vt 0.000000 0.912500
vt 0.017500 0.912500
vt 0.035000 0.912500
vt 0.052500 0.912500
vt 0.070000 0.912500
vt 0.087500 0.912500
vt 0.105000 0.912500
vt 0.122500 0.912500
vt 0.140000 0.912500
vt 0.860000 0.912500
vt 0.877500 0.912500
vt 0.895000 0.912500
vt 0.912500 0.912500
vt 0.930000 0.912500
vt 0.947500 0.912500
vt 0.965000 0.912500
vt 0.982500 0.912500
vt 1.000000 0.912500
vt 0.000000 0.930000
vt 0.017500 0.930000
vt 0.035000 0.930000
vt 0.052500 0.930000
vt 0.070000 0.930000
vt 0.087500 0.930000
vt 0.105000 0.930000
vt 0.122500 0.930000
vt 0.140000 0.930000
vt 0.860000 0.930000
vt 0.877500 0.930000
vt 0.895000 0.930000
vt 0.912500 0.930000
vt 0.930000 0.930000
vt 0.947500 0.930000
vt 0.965000 0.930000
vt 0.982500 0.930000
vt 1.000000 0.930000
vt 0.000000 0.947500
vt 0.017500 0.947500
vt 0.035000 0.947500
vt 0.052500 0.947500
vt 0.070000 0.947500
vt 0.087500 0.947500
vt 0.105000 0.947500
vt 0.122500 0.947500
vt 0.140000 0.947500
vt 0.860000 0.947500
vt 0.877500 0.947500
vt 0.895000 0.947500
vt 0.912500 0.947500
vt 0.930000 0.947500
vt 0.947500 0.947500
vt 0.965000 0.947500
vt 0.982500 0.947500
vt 1.000000 0.947500
vt 0.000000 0.965000
vt 0.017500 0.965000
vt 0.035000 0.965000
vt 0.052500 0.965000
vt 0.070000 0.965000
vt 0.087500 0.965000
vt 0.105000 0.965000
vt 0.122500 0.965000
vt 0.140000 0.965000
vt 0.860000 0.965000
vt 0.877500 0.965000
vt 0.895000 0.965000
vt 0.912500 0.965000
vt 0.930000 0.965000
vt 0.947500 0.965000
vt 0.965000 0.965000
vt 0.982500 0.965000
vt 1.000000 0.965000
vt 0.000000 0.982500
vt 0.017500 0.982500
vt 0.035000 0.982500
vt 0.052500 0.982500
vt 0.070000 0.982500
vt 0.087500 0.982500
vt 0.105000 0.982500
vt 0.122500 0.982500
vt 0.140000 0.982500
vt 0.860000 0.982500
vt 0.877500 0.982500
vt 0.895000 0.982500
vt 0.912500 0.982500
vt 0.930000 0.982500
vt 0.947500 0.982500
vt 0.965000 0.982500
vt 0.982500 0.982500
vt 1.000000 0.982500
vt 0.000000 1.000000
vt 0.017500 1.000000
vt 0.035000 1.000000
vt 0.052500 1.000000
vt 0.070000 1.000000
vt 0.087500 1.000000
vt 0.105000 1.000000
vt 0.122500 1.000000
vt 0.140000 1.000000
vt 0.860000 1.000000
vt 0.877500 1.000000
vt 0.895000 1.000000
vt 0.912500 1.000000
vt 0.930000 1.000000
vt 0.947500 1.000000
vt 0.965000 1.000000
vt 0.982500 1.000000
vt 1.000000 1.000000
vt 0.000000 0.000000
vt 0.017500 0.000000
vt 0.035000 0.000000
vt 0.052500 0.000000
vt 0.070000 0.000000
vt 0.087500 0.000000
vt 0.105000 0.000000
vt 0.122500 0.000000
vt 0.140000 0.000000
vt 0.860000 0.000000
vt 0.877500 0.000000
vt 0.895000 0.000000
vt 0.912500 0.000000
vt 0.930000 0.000000
vt 0.947500 0.000000
vt 0.965000 0.000000
vt 0.982500 0.000000
vt 1.000000 0.000000
vt 0.000000 0.017500
vt 0.017500 0.017500
vt 0.035000 0.017500
vt 0.052500 0.017500
vt 0.070000 0.017500
vt 0.087500 0.017500
vt 0.105000 0.017500
vt 0.122500 0.017500
vt 0.140000 0.017500
vt 0.860000 0.017500
vt 0.877500 0.017500
vt 0.895000 0.017500
vt 0.912500 0.017500
vt 0.930000 0.017500
vt 0.947500 0.017500
vt 0.965000 0.017500
vt 0.982500 0.017500
vt 1.000000 0.017500
vt 0.000000 0.035000
vt 0.017500 0.035000
vt 0.035000 0.035000
vt 0.052500 0.035000
vt 0.070000 0.035000
vt 0.087500 0.035000
vt 0.105000 0.035000
vt 0.122500 0.035000
vt 0.140000 0.035000
vt 0.860000 0.035000
vt 0.877500 0.035000
vt 0.895000 0.035000
vt 0.912500 0.035000
vt 0.930000 0.035000
vt 0.947500 0.035000
vt 0.965000 0.035000
vt 0.982500 0.035000
vt 1.000000 0.035000
vt 0.000000 0.052500
vt 0.017500 0.052500
vt 0.035000 0.052500
vt 0.052500 0.052500
vt 0.070000 0.052500
vt 0.087500 0.052500
vt 0.105000 0.052500
vt 0.122500 0.052500
vt 0.140000 0.052500
vt 0.860000 0.052500
vt 0.877500 0.052500
vt 0.895000 0.052500
vt 0.912500 0.052500
vt 0.930000 0.052500
vt 0.947500 0.052500
vt 0.965000 0.052500
vt 0.982500 0.052500
vt 1.000000 0.052500
vt 0.000000 0.070000
vt 0.017500 0.070000
vt 0.035000 0.070000
vt 0.052500 0.070000
vt 0.070000 0.070000
vt 0.087500 0.070000
vt 0.105000 0.070000
vt 0.122500 0.070000
vt 0.140000 0.070000
vt 0.860000 0.070000
vt 0.877500 0.070000
vt 0.895000 0.070000
vt 0.912500 0.070000
vt 0.930000 0.070000
vt 0.947500 0.070000
vt 0.965000 0.070000
vt 0.982500 0.070000
vt 1.000000 0.070000
vt 0.000000 0.087500
vt 0.017500 0.087500
vt 0.035000 0.087500
vt 0.052500 0.087500
vt 0.070000 0.087500
vt 0.087500 0.087500
vt 0.105000 0.087500
vt 0.122500 0.087500
vt 0.140000 0.087500
vt 0.860000 0.087500
vt 0.877500 0.087500
vt 0.895000 0.087500
vt 0.912500 0.087500
vt 0.930000 0.087500
vt 0.947500 0.087500
vt 0.965000 0.087500
vt 0.982500 0.087500
vt 1.000000 0.087500
vt 0.000000 0.105000
vt 0.017500 0.105000
vt 0.035000 0.105000
vt 0.052500 0.105000
vt 0.070000 0.105000
vt 0.087500 0.105000
vt 0.105000 0.105000
vt 0.122500 0.105000
vt 0.140000 0.105000
vt 0.860000 0.105000
vt 0.877500 0.105000
vt 0.895000 0.105000
vt 0.912500 0.105000
vt 0.930000 0.105000
vt 0.947500 0.105000
vt 0.965000 0.105000
vt 0.982500 0.105000
vt 1.000000 0.105000
vt 0.000000 0.122500
vt 0.017500 0.122500
vt 0.035000 0.122500
vt 0.052500 0.122500
vt 0.070000 0.122500
vt 0.087500 0.122500
vt 0.105000 0.122500
vt 0.122500 0.122500
vt 0.140000 0.122500
vt 0.860000 0.122500
vt 0.877500 0.122500
vt 0.895000 0.122500
vt 0.912500 0.122500
vt 0.930000 0.122500
vt 0.947500 0.122500
vt 0.965000 0.122500
vt 0.982500 0.122500
vt 1.000000 0.122500
vt 0.000000 0.140000
vt 0.017500 0.140000
vt 0.035000 0.140000
vt 0.052500 0.140000
vt 0.070000 0.140000
vt 0.087500 0.140000
vt 0.105000 0.140000
vt 0.122500 0.140000
vt 0.140000 0.140000
vt 0.860000 0.140000
vt 0.877500 0.140000
vt 0.895000 0.140000
vt 0.912500 0.140000
vt 0.930000 0.140000
vt 0.947500 0.140000
vt 0.965000 0.140000
vt 0.982500 0.140000
vt 1.000000 0.140000
vt 0.000000 0.860000
vt 0.017500 0.860000
vt 0.035000 0.860000
vt 0.052500 0.860000
vt 0.070000 0.860000
vt 0.087500 0.860000
vt 0.105000 0.860000
vt 0.122500 0.860000
vt 0.140000 0.860000
vt 0.860000 0.860000
vt 0.877500 0.860000
vt 0.895000 0.860000
vt 0.912500 0.860000
vt 0.930000 0.860000
vt 0.947500 0.860000
vt 0.965000 0.860000
vt 0.982500 0.860000
vt 1.000000 0.860000
vt 0.000000 0.877500
vt 0.017500 0.877500
vt 0.035000 0.877500
vt 0.052500 0.877500
vt 0.070000 0.877500
vt 0.087500 0.877500
vt 0.105000 0.877500
vt 0.122500 0.877500
vt 0.140000 0.877500
vt 0.860000 0.877500
vt 0.877500 0.877500
vt 0.895000 0.877500
vt 0.912500 0.877500
vt 0.930000 0.877500
vt 0.947500 0.877500
vt 0.965000 0.877500
vt 0.982500 0.877500
vt 1.000000 0.877500
vt 0.000000 0.895000
vt 0.017500 0.895000
vt 0.035000 0.895000
vt 0.052500 0.895000
vt 0.070000 0.895000
vt 0.087500 0.895000
vt 0.105000 0.895000
vt 0.122500 0.895000
vt 0.140000 0.895000
vt 0.860000 0.895000
vt 0.877500 0.895000
vt 0.895000 0.895000
vt 0.912500 0.895000
vt 0.930000 0.895000
vt 0.947500 0.895000
vt 0.965000 0.895000
vt 0.982500 0.895000
vt 1.000000 0.895000
vt 0.000000 0.912500
vt 0.017500 0.912500
vt 0.035000 0.912500
vt 0.052500 0.912500
vt 0.070000 0.912500
vt 0.087500 0.912500
vt 0.105000 0.912500
vt 0.122500 0.912500
vt 0.140000 0.912500
vt 0.860000 0.912500
vt 0.877500 0.912500
vt 0.895000 0.912500
vt 0.912500 0.912500
vt 0.930000 0.912500
vt 0.947500 0.912500
vt 0.965000 0.912500
vt 0.982500 0.912500
vt 1.000000 0.912500
vt 0.000000 0.930000
vt 0.017500 0.930000
vt 0.035000 0.930000
vt 0.052500 0.930000
vt 0.070000 0.930000
vt 0.087500 0.930000
vt 0.105000 0.930000
vt 0.122500 0.930000
vt 0.140000 0.930000
vt 0.860000 0.930000
vt 0.877500 0.930000
vt 0.895000 0.930000
vt 0.912500 0.930000
vt 0.930000 0.930000
vt 0.947500 0.930000
vt 0.965000 0.930000
vt 0.982500 0.930000
vt 1.000000 0.930000
vt 0.000000 0.947500
vt 0.017500 0.947500
vt 0.035000 0.947500
vt 0.052500 0.947500
vt 0.070000 0.947500
vt 0.087500 0.947500
vt 0.105000 0.947500
vt 0.122500 0.947500
vt 0.140000 0.947500
vt 0.860000 0.947500
vt 0.877500 0.947500
vt 0.895000 0.947500
vt 0.912500 0.947500
vt 0.930000 0.947500
vt 0.947500 0.947500
vt 0.965000 0.947500
vt 0.982500 0.947500
vt 1.000000 0.947500
vt 0.000000 0.965000
vt 0.017500 0.965000
vt 0.035000 0.965000
vt 0.052500 0.965000
vt 0.070000 0.965000
vt 0.087500 0.965000
vt 0.105000 0.965000
vt 0.122500 0.965000
vt 0.140000 0.965000
vt 0.860000 0.965000
vt 0.877500 0.965000
vt 0.895000 0.965000
vt 0.912500 0.965000
vt 0.930000 0.965000
vt 0.947500 0.965000
vt 0.965000 0.965000
vt 0.982500 0.965000
vt 1.000000 0.965000
vt 0.000000 0.982500
vt 0.017500 0.982500
vt 0.035000 0.982500
vt 0.052500 0.982500
vt 0.070000 0.982500
vt 0.087500 0.982500
vt 0.105000 0.982500
vt 0.122500 0.982500
vt 0.140000 0.982500
vt 0.860000 0.982500
vt 0.877500 0.982500
vt 0.895000 0.982500
vt 0.912500 0.982500
vt 0.930000 0.982500
vt 0.947500 0.982500
vt 0.965000 0.982500
vt 0.982500 0.982500
vt 1.000000 0.982500
vt 0.000000 1.000000
vt 0.017500 1.000000
vt 0.035000 1.000000
vt 0.052500 1.000000
vt 0.070000 1.000000
vt 0.087500 1.000000
vt 0.105000 1.000000
vt 0.122500 1.000000
vt 0.140000 1.000000
vt 0.860000 1.000000
vt 0.877500 1.000000
vt 0.895000 1.000000
vt 0.912500 1.000000
vt 0.930000 1.000000
vt 0.947500 1.000000
vt 0.965000 1.000000
vt 0.982500 1.000000
vt 1.000000 1.000000
vt 0.000000 0.000000
vt 0.017500 0.000000
vt 0.035000 0.000000
vt 0.052500 0.000000
vt 0.070000 0.000000
vt 0.087500 0.000000
vt 0.105000 0.000000
vt 0.122500 0.000000
vt 0.140000 0.000000
vt 0.860000 0.000000
vt 0.877500 0.000000
vt 0.895000 0.000000
vt 0.912500 0.000000
vt 0.930000 0.000000
vt 0.947500 0.000000
vt 0.965000 0.000000
vt 0.982500 0.000000
vt 1.000000 0.000000
vt 0.000000 0.017500
vt 0.017500 0.017500
vt 0.035000 0.017500
vt 0.052500 0.017500
vt 0.070000 0.017500
vt 0.087500 0.017500
vt 0.105000 0.017500
vt 0.122500 0.017500
vt 0.140000 0.017500
vt 0.860000 0.017500
vt 0.877500 0.017500
vt 0.895000 0.017500
vt 0.912500 0.017500
vt 0.930000 0.017500
vt 0.947500 0.017500
vt 0.965000 0.017500
vt 0.982500 0.017500
vt 1.000000 0.017500
vt 0.000000 0.035000
vt 0.017500 0.035000
vt 0.035000 0.035000
vt 0.052500 0.035000
vt 0.070000 0.035000
vt 0.087500 0.035000
vt 0.105000 0.035000
vt 0.122500 0.035000
vt 0.140000 0.035000
vt 0.860000 0.035000
vt 0.877500 0.035000
vt 0.895000 0.035000
vt 0.912500 0.035000
vt 0.930000 0.035000
vt 0.947500 0.035000
vt 0.965000 0.035000
vt 0.982500 0.035000
vt 1.000000 0.035000
vt 0.000000 0.052500
vt 0.017500 0.052500
vt 0.035000 0.052500
vt 0.052500 0.052500
vt 0.070000 0.052500
vt 0.087500 0.052500
vt 0.105000 0.052500
vt 0.122500 0.052500
vt 0.140000 0.052500
vt 0.860000 0.052500
vt 0.877500 0.052500
vt 0.895000 0.052500
vt 0.912500 0.052500
vt 0.930000 0.052500
vt 0.947500 0.052500
vt 0.965000 0.052500
vt 0.982500 0.052500
vt 1.000000 0.052500
vt 0.000000 0.070000
vt 0.017500 0.070000
vt 0.035000 0.070000
vt 0.052500 0.070000
vt 0.070000 0.070000
vt 0.087500 0.070000
vt 0.105000 0.070000
vt 0.122500 0.070000
vt 0.140000 0.070000
vt 0.860000 0.070000
vt 0.877500 0.070000
vt 0.895000 0.070000
vt 0.912500 0.070000
vt 0.930000 0.070000
vt 0.947500 0.070000
vt 0.965000 0.070000
vt 0.982500 0.070000
vt 1.000000 0.070000
vt 0.000000 0.087500
vt 0.017500 0.087500
vt 0.035000 0.087500
vt 0.052500 0.087500
vt 0.070000 0.087500
vt 0.087500 0.087500
vt 0.105000 0.087500
vt 0.122500 0.087500
vt 0.140000 0.087500
vt 0.860000 0.087500
vt 0.877500 0.087500
vt 0.895000 0.087500
vt 0.912500 0.087500
vt 0.930000 0.087500
vt 0.947500 0.087500
vt 0.965000 0.087500
vt 0.982500 0.087500
vt 1.000000 0.087500
vt 0.000000 0.105000
vt 0.017500 0.105000
vt 0.035000 0.105000
vt 0.052500 0.105000
vt 0.070000 0.105000
vt 0.087500 0.105000
vt 0.105000 0.105000
vt 0.122500 0.105000
vt 0.140000 0.105000
vt 0.860000 0.105000
vt 0.877500 0.105000
vt 0.895000 0.105000
vt 0.912500 0.105000
vt 0.930000 0.105000
vt 0.947500 0.105000
vt 0.965000 0.105000
vt 0.982500 0.105000
vt 1.000000 0.105000
vt 0.000000 0.122500
vt 0.017500 0.122500
vt 0.035000 0.122500
vt 0.052500 0.122500
vt 0.070000 0.122500
vt 0.087500 0.122500
vt 0.105000 0.122500
vt 0.122500 0.122500
vt 0.140000 0.122500
vt 0.860000 0.122500
vt 0.877500 0.122500
vt 0.895000 0.122500
vt 0.912500 0.122500
vt 0.930000 0.122500
vt 0.947500 0.122500
vt 0.965000 0.122500
vt 0.982500 0.122500
vt 1.000000 0.122500
vt 0.000000 0.140000
vt 0.017500 0.140000
vt 0.035000 0.140000
vt 0.052500 0.140000
vt 0.070000 0.140000
vt 0.087500 0.140000
vt 0.105000 0.140000
vt 0.122500 0.140000
vt 0.140000 0.140000
vt 0.860000 0.140000
vt 0.877500 0.140000
vt 0.895000 0.140000
vt 0.912500 0.140000
vt 0.930000 0.140000
vt 0.947500 0.140000
vt 0.965000 0.140000
vt 0.982500 0.140000
vt 1.000000 0.140000
vt 0.000000 0.860000
vt 0.017500 0.860000
vt 0.035000 0.860000
vt 0.052500 0.860000
vt 0.070000 0.860000
vt 0.087500 0.860000
vt 0.105000 0.860000
vt 0.122500 0.860000
vt 0.140000 0.860000
vt 0.860000 0.860000
vt 0.877500 0.860000
vt 0.895000 0.860000
vt 0.912500 0.860000
vt 0.930000 0.860000
vt 0.947500 0.860000
vt 0.965000 0.860000
vt 0.982500 0.860000
vt 1.000000 0.860000
vt 0.000000 0.877500
vt 0.017500 0.877500
vt 0.035000 0.877500
vt 0.052500 0.877500
vt 0.070000 0.877500
vt 0.087500 0.877500
vt 0.105000 0.877500
vt 0.122500 0.877500
vt 0.140000 0.877500
vt 0.860000 0.877500
vt 0.877500 0.877500
vt 0.895000 0.877500
vt 0.912500 0.877500
vt 0.930000 0.877500
vt 0.947500 0.877500
vt 0.965000 0.877500
vt 0.982500 0.877500
vt 1.000000 0.877500
vt 0.000000 0.895000
vt 0.017500 0.895000
vt 0.035000 0.895000
vt 0.052500 0.895000
vt 0.070000 0.895000
vt 0.087500 0.895000
vt 0.105000 0.895000
vt 0.122500 0.895000
vt 0.140000 0.895000
vt 0.860000 0.895000
vt 0.877500 0.895000
vt 0.895000 0.895000
vt 0.912500 0.895000
vt 0.930000 0.895000
vt 0.947500 0.895000
vt 0.965000 0.895000
vt 0.982500 0.895000
vt 1.000000 0.895000
vt 0.000000 0.912500
vt 0.017500 0.912500
vt 0.035000 0.912500
vt 0.052500 0.912500
vt 0.070000 0.912500
vt 0.087500 0.912500
vt 0.105000 0.912500
vt 0.122500 0.912500
vt 0.140000 0.912500
vt 0.860000 0.912500
vt 0.877500 0.912500
vt 0.895000 0.912500
vt 0.912500 0.912500
vt 0.930000 0.912500
vt 0.947500 0.912500
vt 0.965000 0.912500
vt 0.982500 0.912500
vt 1.000000 0.912500
vt 0.000000 0.930000
vt 0.017500 0.930000
vt 0.035000 0.930000
vt 0.052500 0.930000
vt 0.070000 0.930000
vt 0.087500 0.930000
vt 0.105000 0.930000
vt 0.122500 0.930000
vt 0.140000 0.930000
vt 0.860000 0.930000
vt 0.877500 0.930000
vt 0.895000 0.930000
vt 0.912500 0.930000
vt 0.930000 0.930000
vt 0.947500 0.930000
vt 0.965000 0.930000
vt 0.982500 0.930000
vt 1.000000 0.930000
vt 0.000000 0.947500
vt 0.017500 0.947500
vt 0.035000 0.947500
vt 0.052500 0.947500
vt 0.070000 0.947500
vt 0.087500 0.947500
vt 0.105000 0.947500
vt 0.122500 0.947500
vt 0.140000 0.947500
vt 0.860000 0.947500
vt 0.877500 0.947500
vt 0.895000 0.947500
vt 0.912500 0.947500
vt 0.930000 0.947500
vt 0.947500 0.947500
vt 0.965000 0.947500
vt 0.982500 0.947500
vt 1.000000 0.947500
vt 0.000000 0.965000
vt 0.017500 0.965000
vt 0.035000 0.965000
vt 0.052500 0.965000
vt 0.070000 0.965000
vt 0.087500 0.965000
vt 0.105000 0.965000
vt 0.122500 0.965000
vt 0.140000 0.965000
vt 0.860000 0.965000
vt 0.877500 0.965000
vt 0.895000 0.965000
vt 0.912500 0.965000
vt 0.930000 0.965000
vt 0.947500 0.965000
vt 0.965000 0.965000
vt 0.982500 0.965000
vt 1.000000 0.965000
vt 0.000000 0.982500
vt 0.017500 0.982500
vt 0.035000 0.982500
vt 0.052500 0.982500
vt 0.070000 0.982500
vt 0.087500 0.982500
vt 0.105000 0.982500
vt 0.122500 0.982500
vt 0.140000 0.982500
vt 0.860000 0.982500
vt 0.877500 0.982500
vt 0.895000 0.982500
vt 0.912500 0.982500
vt 0.930000 0.982500
vt 0.947500 0.982500
vt 0.965000 0.982500
vt 0.982500 0.982500
vt 1.000000 0.982500
vt 0.000000 1.000000
vt 0.017500 1.000000
vt 0.035000 1.000000
vt 0.052500 1.000000
vt 0.070000 1.000000
vt 0.087500 1.000000
vt 0.105000 1.000000
vt 0.122500 1.000000
vt 0.140000 1.000000
vt 0.860000 1.000000
vt 0.877500 1.000000
vt 0.895000 1.000000
vt 0.912500 1.000000
vt 0.930000 1.000000
vt 0.947500 1.000000
vt 0.965000 1.000000
vt 0.982500 1.000000
vt 1.000000 1.000000
vt 0.000000 0.000000
vt 0.017500 0.000000
vt 0.035000 0.000000
vt 0.052500 0.000000
vt 0.070000 0.000000
vt 0.087500 0.000000
vt 0.105000 0.000000
vt 0.122500 0.000000
vt 0.140000 0.000000
vt 0.860000 0.000000
vt 0.877500 0.000000
vt 0.895000 0.000000
vt 0.912500 0.000000
vt 0.930000 0.000000
vt 0.947500 0.000000
vt 0.965000 0.000000
vt 0.982500 0.000000
vt 1.000000 0.000000
vt 0.000000 0.017500
vt 0.017500 0.017500
vt 0.035000 0.017500
vt 0.052500 0.017500
vt 0.070000 0.017500
vt 0.087500 0.017500
vt 0.105000 0.017500
vt 0.122500 0.017500
vt 0.140000 0.017500
vt 0.860000 0.017500
vt 0.877500 0.017500
vt 0.895000 0.017500
vt 0.912500 0.017500
vt 0.930000 0.017500
vt 0.947500 0.017500
vt 0.965000 0.017500
vt 0.982500 0.017500
vt 1.000000 0.017500
vt 0.000000 0.035000
vt 0.017500 0.035000
vt 0.035000 0.035000
vt 0.052500 0.035000
vt 0.070000 0.035000
vt 0.087500 0.035000
vt 0.105000 0.035000
vt 0.122500 0.035000
vt 0.140000 0.035000
vt 0.860000 0.035000
vt 0.877500 0.035000
vt 0.895000 0.035000
vt 0.912500 0.035000
vt 0.930000 0.035000
vt 0.947500 0.035000
vt 0.965000 0.035000
vt 0.982500 0.035000
vt 1.000000 0.035000
vt 0.000000 0.052500
vt 0.017500 0.052500
vt 0.035000 0.052500
vt 0.052500 0.052500
vt 0.070000 0.052500
vt 0.087500 0.052500
vt 0.105000 0.052500
vt 0.122500 0.052500
vt 0.140000 0.052500
vt 0.860000 0.052500
vt 0.877500 0.052500
vt 0.895000 0.052500
vt 0.912500 0.052500
vt 0.930000 0.052500
vt 0.947500 0.052500
vt 0.965000 0.052500
vt 0.982500 0.052500
vt 1.000000 0.052500
vt 0.000000 0.070000
vt 0.017500 0.070000
vt 0.035000 0.070000
vt 0.052500 0.070000
vt 0.070000 0.070000
vt 0.087500 0.070000
vt 0.105000 0.070000
vt 0.122500 0.070000
vt 0.140000 0.070000
vt 0.860000 0.070000
vt 0.877500 0.070000
vt 0.895000 0.070000
vt 0.912500 0.070000
vt 0.930000 0.070000
vt 0.947500 0.070000
vt 0.965000 0.070000
vt 0.982500 0.070000
vt 1.000000 0.070000
vt 0.000000 0.087500
vt 0.017500 0.087500
vt 0.035000 0.087500
vt 0.052500 0.087500
vt 0.070000 0.087500
vt 0.087500 0.087500
vt 0.105000 0.087500
vt 0.122500 0.087500
vt 0.140000 0.087500
vt 0.860000 0.087500
vt 0.877500 0.087500
vt 0.895000 0.087500
vt 0.912500 0.087500
vt 0.930000 0.087500
vt 0.947500 0.087500
vt 0.965000 0.087500
vt 0.982500 0.087500
vt 1.000000 0.087500
vt 0.000000 0.105000
vt 0.017500 0.105000
vt 0.035000 0.105000
vt 0.052500 0.105000
vt 0.070000 0.105000
vt 0.087500 0.105000
vt 0.105000 0.105000
vt 0.122500 0.105000
vt 0.140000 0.105000
vt 0.860000 0.105000
vt 0.877500 0.105000
vt 0.895000 0.105000
vt 0.912500 0.105000
vt 0.930000 0.105000
vt 0.947500 0.105000
vt 0.965000 0.105000
vt 0.982500 0.105000
vt 1.000000 0.105000
vt 0.000000 0.122500
vt 0.017500 0.122500
vt 0.035000 0.122500
vt 0.052500 0.122500
vt 0.070000 0.122500
vt 0.087500 0.122500
vt 0.105000 0.122500
vt 0.122500 0.122500
vt 0.140000 0.122500
vt 0.860000 0.122500
vt 0.877500 0.122500
vt 0.895000 0.122500
vt 0.912500 0.122500
vt 0.930000 0.122500
vt 0.947500 0.122500
vt 0.965000 0.122500
vt 0.982500 0.122500
vt 1.000000 0.122500
vt 0.000000 0.140000
vt 0.017500 0.140000
vt 0.035000 0.140000
vt 0.052500 0.140000
vt 0.070000 0.140000
vt 0.087500 0.140000
vt 0.105000 0.140000
vt 0.122500 0.140000
vt 0.140000 0.140000
vt 0.860000 0.140000
vt 0.877500 0.140000
vt 0.895000 0.140000
vt 0.912500 0.140000
vt 0.930000 0.140000
vt 0.947500 0.140000
vt 0.965000 0.140000
vt 0.982500 0.140000
vt 1.000000 0.140000
vt 0.000000 0.860000
vt 0.017500 0.860000
vt 0.035000 0.860000
vt 0.052500 0.860000
vt 0.070000 0.860000
vt 0.087500 0.860000
vt 0.105000 0.860000
vt 0.122500 0.860000
vt 0.140000 0.860000
vt 0.860000 0.860000
vt 0.877500 0.860000
vt 0.895000 0.860000
vt 0.912500 0.860000
vt 0.930000 0.860000
vt 0.947500 0.860000
vt 0.965000 0.860000
vt 0.982500 0.860000
vt 1.000000 0.860000
vt 0.000000 0.877500
vt 0.017500 0.877500
vt 0.035000 0.877500
vt 0.052500 0.877500
vt 0.070000 0.877500
vt 0.087500 0.877500
vt 0.105000 0.877500
vt 0.122500 0.877500
vt 0.140000 0.877500
vt 0.860000 0.877500
vt 0.877500 0.877500
vt 0.895000 0.877500
vt 0.912500 0.877500
vt 0.930000 0.877500
vt 0.947500 0.877500
vt 0.965000 0.877500
vt 0.982500 0.877500
vt 1.000000 0.877500
vt 0.000000 0.895000
vt 0.017500 0.895000
vt 0.035000 0.895000
vt 0.052500 0.895000
vt 0.070000 0.895000
vt 0.087500 0.895000
vt 0.105000 0.895000
vt 0.122500 0.895000
vt 0.140000 0.895000
vt 0.860000 0.895000
vt 0.877500 0.895000
vt 0.895000 0.895000
vt 0.912500 0.895000
vt 0.930000 0.895000
vt 0.947500 0.895000
vt 0.965000 0.895000
vt 0.982500 0.895000
vt 1.000000 0.895000
vt 0.000000 0.912500
vt 0.017500 0.912500
vt 0.035000 0.912500
vt 0.052500 0.912500
vt 0.070000 0.912500
vt 0.087500 0.912500
vt 0.105000 0.912500
vt 0.122500 0.912500
vt 0.140000 0.912500
vt 0.860000 0.912500
vt 0.877500 0.912500
vt 0.895000 0.912500
vt 0.912500 0.912500
vt 0.930000 0.912500
vt 0.947500 0.912500
vt 0.965000 0.912500
vt 0.982500 0.912500
vt 1.000000 0.912500
vt 0.000000 0.930000
vt 0.017500 0.930000
vt 0.035000 0.930000
vt 0.052500 0.930000
vt 0.070000 0.930000
vt 0.087500 0.930000
vt 0.105000 0.930000
vt 0.122500 0.930000
vt 0.140000 0.930000
vt 0.860000 0.930000
vt 0.877500 0.930000
vt 0.895000 0.930000
vt 0.912500 0.930000
vt 0.930000 0.930000
vt 0.947500 0.930000
vt 0.965000 0.930000
vt 0.982500 0.930000
vt 1.000000 0.930000
vt 0.000000 0.947500
vt 0.017500 0.947500
vt 0.035000 0.947500
vt 0.052500 0.947500
vt 0.070000 0.947500
vt 0.087500 0.947500
vt 0.105000 0.947500
vt 0.122500 0.947500
vt 0.140000 0.947500
vt 0.860000 0.947500
vt 0.877500 0.947500
vt 0.895000 0.947500
vt 0.912500 0.947500
vt 0.930000 0.947500
vt 0.947500 0.947500
vt 0.965000 0.947500
vt 0.982500 0.947500
vt 1.000000 0.947500
vt 0.000000 0.965000
vt 0.017500 0.965000
vt 0.035000 0.965000
vt 0.052500 0.965000
vt 0.070000 0.965000
vt 0.087500 0.965000
vt 0.105000 0.965000
vt 0.122500 0.965000
vt 0.140000 0.965000
vt 0.860000 0.965000
vt 0.877500 0.965000
vt 0.895000 0.965000
vt 0.912500 0.965000
vt 0.930000 0.965000
vt 0.947500 0.965000
vt 0.965000 0.965000
vt 0.982500 0.965000
vt 1.000000 0.965000
vt 0.000000 0.982500
vt 0.017500 0.982500
vt 0.035000 0.982500
vt 0.052500 0.982500
vt 0.070000 0.982500
vt 0.087500 0.982500
vt 0.105000 0.982500
vt 0.122500 0.982500
vt 0.140000 0.982500
vt 0.860000 0.982500
vt 0.877500 0.982500
vt 0.895000 0.982500
vt 0.912500 0.982500
vt 0.930000 0.982500
vt 0.947500 0.982500
vt 0.965000 0.982500
vt 0.982500 0.982500
vt 1.000000 0.982500
vt 0.000000 1.000000
vt 0.017500 1.000000
vt 0.035000 1.000000
vt 0.052500 1.000000
vt 0.070000 1.000000
vt 0.087500 1.000000
vt 0.105000 1.000000
vt 0.122500 1.000000
vt 0.140000 1.000000
vt 0.860000 1.000000
vt 0.877500 1.000000
vt 0.895000 1.000000
vt 0.912500 1.000000
vt 0.930000 1.000000
vt 0.947500 1.000000
vt 0.965000 1.000000
vt 0.982500 1.000000
vt 1.000000 1.000000
vn 0.577350 -0.577350 -0.577350
vn 0.601317 -0.601317 -0.526152
vn 0.624695 -0.624695 -0.468521
vn 0.646762 -0.646762 -0.404226
vn 0.666667 -0.666667 -0.333333
vn 0.683486 -0.683486 -0.256307
vn 0.696311 -0.696311 -0.174078
vn 0.704361 -0.704361 -0.088045
vn 0.707107 -0.707107 0.000000
vn 0.707107 -0.707107 0.000000
vn 0.704361 -0.704361 0.088045
vn 0.696311 -0.696311 0.174078
vn 0.683486 -0.683486 0.256307
vn 0.666667 -0.666667 0.333333
vn 0.646762 -0.646762 0.404226
vn 0.624695 -0.624695 0.468521
vn 0.601317 -0.601317 0.526152
vn 0.577350 -0.577350 0.577350
vn 0.601317 -0.526152 -0.601317
vn 0.628539 -0.549972 -0.549972
vn 0.655386 -0.573462 -0.491539
vn 0.681005 -0.595880 -0.425628
vn 0.704361 -0.616316 -0.352180
vn 0.724286 -0.633750 -0.271607
vn 0.739600 -0.647150 -0.184900
vn 0.749269 -0.655610 -0.093659
vn 0.752577 -0.658505 0.000000
vn 0.752577 -0.658505 0.000000
vn 0.749269 -0.655610 0.093659
vn 0.739600 -0.647150 0.184900
vn 0.724286 -0.633750 0.271607
vn 0.704361 -0.616316 0.352180
vn 0.681005 -0.595880 0.425628
vn 0.655386 -0.573462 0.491539
vn 0.628539 -0.549972 0.549972
vn 0.601317 -0.526152 0.601317
vn 0.624695 -0.468521 -0.624695
vn 0.655386 -0.491539 -0.573462
vn 0.685994 -0.514496 -0.514496
vn 0.715542 -0.536656 -0.447214
vn 0.742781 -0.557086 -0.371391
vn 0.766261 -0.574696 -0.287348
vn 0.784465 -0.588348 -0.196116
vn 0.796030 -0.597022 -0.099504
vn 0.800000 -0.600000 0.000000
vn 0.800000 -0.600000 0.000000
vn 0.796030 -0.597022 0.099504
vn 0.784465 -0.588348 0.196116
vn 0.766261 -0.574696 0.287348
vn 0.742781 -0.557086 0.371391
vn 0.715542 -0.536656 0.447214
vn 0.685994 -0.514496 0.514496
vn 0.655386 -0.491539 0.573462
vn 0.624695 -0.468521 0.624695
vn 0.646762 -0.404226 -0.646762
vn 0.681005 -0.425628 -0.595880
vn 0.715542 -0.447214 -0.536656
vn 0.749269 -0.468293 -0.468293
vn 0.780720 -0.487950 -0.390360
vn 0.808122 -0.505076 -0.303046
vn 0.829561 -0.518476 -0.207390
vn 0.843274 -0.527046 -0.105409
vn 0.847998 -0.529999 0.000000
vn 0.847998 -0.529999 0.000000
vn 0.843274 -0.527046 0.105409
vn 0.829561 -0.518476 0.207390
vn 0.808122 -0.505076 0.303046
vn 0.780720 -0.487950 0.390360
vn 0.749269 -0.468293 0.468293
vn 0.715542 -0.447214 0.536656
vn 0.681005 -0.425628 0.595880
vn 0.646762 -0.404226 0.646762
vn 0.666667 -0.333333 -0.666667
vn 0.704361 -0.352180 -0.616316
vn 0.742781 -0.371391 -0.557086
vn 0.780720 -0.390360 -0.487950
vn 0.816497 -0.408248 -0.408248
vn 0.847998 -0.423999 -0.317999
vn 0.872872 -0.436436 -0.218218
vn 0.888889 -0.444444 -0.111111
vn 0.894427 -0.447214 0.000000
vn 0.894427 -0.447214 0.000000
vn 0.888889 -0.444444 0.111111
vn 0.872872 -0.436436 0.218218
vn 0.847998 -0.423999 0.317999
vn 0.816497 -0.408248 0.408248
vn 0.780720 -0.390360 0.487950
vn 0.742781 -0.371391 0.557086
vn 0.704361 -0.352180 0.616316
vn 0.666667 -0.333333 0.666667
vn 0.683486 -0.256307 -0.683486
vn 0.724286 -0.271607 -0.633750
vn 0.766261 -0.287348 -0.574696
vn 0.808122 -0.303046 -0.505076
vn 0.847998 -0.317999 -0.423999
vn 0.883452 -0.331295 -0.331295
vn 0.911685 -0.341882 -0.227921
vn 0.929981 -0.348743 -0.116248
vn 0.936329 -0.351123 0.000000
vn 0.936329 -0.351123 0.000000
vn 0.929981 -0.348743 0.116248
vn 0.911685 -0.341882 0.227921
vn 0.883452 -0.331295 0.331295
vn 0.847998 -0.317999 0.423999
vn 0.808122 -0.303046 0.505076
vn 0.766261 -0.287348 0.574696
vn 0.724286 -0.271607 0.633750
vn 0.683486 -0.256307 0.683486
vn 0.696311 -0.174078 -0.696311
vn 0.739600 -0.184900 -0.647150
vn 0.784465 -0.196116 -0.588348
vn 0.829561 -0.207390 -0.518476
vn 0.872872 -0.218218 -0.436436
vn 0.911685 -0.227921 -0.341882
vn 0.942809 -0.235702 -0.235702
vn 0.963087 -0.240772 -0.120386
vn 0.970143 -0.242536 0.000000
vn 0.970143 -0.242536 0.000000
vn 0.963087 -0.240772 0.120386
vn 0.942809 -0.235702 0.235702
vn 0.911685 -0.227921 0.341882
vn 0.872872 -0.218218 0.436436
vn 0.829561 -0.207390 0.518476
vn 0.784465 -0.196116 0.588348
vn 0.739600 -0.184900 0.647150
vn 0.696311 -0.174078 0.696311
vn 0.704361 -0.088045 -0.704361
vn 0.749269 -0.093659 -0.655610
vn 0.796030 -0.099504 -0.597022
vn 0.843274 -0.105409 -0.527046
vn 0.888889 -0.111111 -0.444444
vn 0.929981 -0.116248 -0.348743
vn 0.963087 -0.120386 -0.240772
vn 0.984732 -0.123091 -0.123091
vn 0.992278 -0.124035 0.000000
vn 0.992278 -0.124035 0.000000
vn 0.984732 -0.123091 0.123091
vn 0.963087 -0.120386 0.240772
vn 0.929981 -0.116248 0.348743
vn 0.888889 -0.111111 0.444444
vn 0.843274 -0.105409 0.527046
vn 0.796030 -0.099504 0.597022
vn 0.749269 -0.093659 0.655610
vn 0.704361 -0.088045 0.704361
vn 0.707107 0.000000 -0.707107
vn 0.752577 0.000000 -0.658505
vn 0.800000 0.000000 -0.600000
vn 0.847998 0.000000 -0.529999
vn 0.894427 0.000000 -0.447214
vn 0.936329 0.000000 -0.351123
vn 0.970143 0.000000 -0.242536
vn 0.992278 0.000000 -0.124035
vn 1.000000 0.000000 0.000000
vn 1.000000 0.000000 0.000000
vn 0.992278 0.000000 0.124035
vn 0.970143 0.000000 0.242536
vn 0.936329 0.000000 0.351123
vn 0.894427 0.000000 0.447214
vn 0.847998 0.000000 0.529999
vn 0.800000 0.000000 0.600000
vn 0.752577 0.000000 0.658505
vn 0.707107 0.000000 0.707107
vn 0.707107 0.000000 -0.707107
vn 0.752577 0.000000 -0.658505
vn 0.800000 0.000000 -0.600000
vn 0.847998 0.000000 -0.529999
vn 0.894427 0.000000 -0.447214
vn 0.936329 0.000000 -0.351123
vn 0.970143 0.000000 -0.242536
vn 0.992278 0.000000 -0.124035
vn 1.000000 0.000000 0.000000
vn 1.000000 0.000000 0.000000
vn 0.992278 0.000000 0.124035
vn 0.970143 0.000000 0.242536
vn 0.936329 0.000000 0.351123
vn 0.894427 0.000000 0.447214
vn 0.847998 0.000000 0.529999
vn 0.800000 0.000000 0.600000
vn 0.752577 0.000000 0.658505
vn 0.707107 0.000000 0.707107
vn 0.704361 0.088045 -0.704361
vn 0.749269 0.093659 -0.655610
vn 0.796030 0.099504 -0.597022
vn 0.843274 0.105409 -0.527046
vn 0.888889 0.111111 -0.444444
vn 0.929981 0.116248 -0.348743
vn 0.963087 0.120386 -0.240772
vn 0.984732 0.123091 -0.123091
vn 0.992278 0.124035 0.000000
vn 0.992278 0.124035 0.000000
vn 0.984732 0.123091 0.123091
vn 0.963087 0.120386 0.240772
vn 0.929981 0.116248 0.348743
vn 0.888889 0.111111 0.444444
vn 0.843274 0.105409 0.527046
vn 0.796030 0.099504 0.597022
vn 0.749269 0.093659 0.655610
vn 0.704361 0.088045 0.704361
vn 0.696311 0.174078 -0.696311
vn 0.739600 0.184900 -0.647150
vn 0.784465 0.196116 -0.588348
vn 0.829561 0.207390 -0.518476
vn 0.872872 0.218218 -0.436436
vn 0.911685 0.227921 -0.341882
vn 0.942809 0.235702 -0.235702
vn 0.963087 0.240772 -0.120386
vn 0.970143 0.242536 0.000000
vn 0.970143 0.242536 0.000000
vn 0.963087 0.240772 0.120386
vn 0.942809 0.235702 0.235702
vn 0.911685 0.227921 0.341882
vn 0.872872 0.218218 0.436436
vn 0.829561 0.207390 0.518476
vn 0.784465 0.196116 0.588348
vn 0.739600 0.184900 0.647150
vn 0.696311 0.174078 0.696311
vn 0.683486 0.256307 -0.683486
vn 0.724286 0.271607 -0.633750
vn 0.766261 0.287348 -0.574696
vn 0.808122 0.303046 -0.505076
vn 0.847998 0.317999 -0.423999
vn 0.883452 0.331295 -0.331295
vn 0.911685 0.341882 -0.227921
vn 0.929981 0.348743 -0.116248
vn 0.936329 0.351123 0.000000
vn 0.936329 0.351123 0.000000
vn 0.929981 0.348743 0.116248
vn 0.911685 0.341882 0.227921
vn 0.883452 0.331295 0.331295
vn 0.847998 0.317999 0.423999
vn 0.808122 0.303046 0.505076
vn 0.766261 0.287348 0.574696
vn 0.724286 0.271607 0.633750
vn 0.683486 0.256307 0.683486
vn 0.666667 0.333333 -0.666667
vn 0.704361 0.352180 -0.616316
vn 0.742781 0.371391 -0.557086
vn 0.780720 0.390360 -0.487950
vn 0.816497 0.408248 -0.408248
vn 0.847998 0.423999 -0.317999
vn 0.872872 0.436436 -0.218218
vn 0.888889 0.444444 -0.111111
vn 0.894427 0.447214 0.000000
vn 0.894427 0.447214 0.000000
vn 0.888889 0.444444 0.111111
vn 0.872872 0.436436 0.218218
vn 0.847998 0.423999 0.317999
vn 0.816497 0.408248 0.408248
vn 0.780720 0.390360 0.487950
vn 0.742781 0.371391 0.557086
vn 0.704361 0.352180 0.616316
vn 0.666667 0.333333 0.666667
vn 0.646762 0.404226 -0.646762
vn 0.681005 0.425628 -0.595880
vn 0.715542 0.447214 -0.536656
vn 0.749269 0.468293 -0.468293
vn 0.780720 0.487950 -0.390360
vn 0.808122 0.505076 -0.303046
vn 0.829561 0.518476 -0.207390
vn 0.843274 0.527046 -0.105409
vn 0.847998 0.529999 0.000000
vn 0.847998 0.529999 0.000000
vn 0.843274 0.527046 0.105409
vn 0.829561 0.518476 0.207390
vn 0.808122 0.505076 0.303046
vn 0.780720 0.487950 0.390360
vn 0.749269 0.468293 0.468293
vn 0.715542 0.447214 0.536656
vn 0.681005 0.425628 0.595880
vn 0.646762 0.404226 0.646762
vn 0.624695 0.468521 -0.624695
vn 0.655386 0.491539 -0.573462
vn 0.685994 0.514496 -0.514496
vn 0.715542 0.536656 -0.447214
vn 0.742781 0.557086 -0.371391
vn 0.766261 0.574696 -0.287348
vn 0.784465 0.588348 -0.196116
vn 0.796030 0.597022 -0.099504
vn 0.800000 0.600000 0.000000
vn 0.800000 0.600000 0.000000
vn 0.796030 0.597022 0.099504
vn 0.784465 0.588348 0.196116
vn 0.766261 0.574696 0.287348
vn 0.742781 0.557086 0.371391
vn 0.715542 0.536656 0.447214
vn 0.685994 0.514496 0.514496
vn 0.655386 0.491539 0.573462
vn 0.624695 0.468521 0.624695
vn 0.601317 0.526152 -0.601317
vn 0.628539 0.549972 -0.549972
vn 0.655386 0.573462 -0.491539
vn 0.681005 0.595880 -0.425628
vn 0.704361 0.616316 -0.352180
vn 0.724286 0.633750 -0.271607
vn 0.739600 0.647150 -0.184900
vn 0.749269 0.655610 -0.093659
vn 0.752577 0.658505 0.000000
vn 0.752577 0.658505 0.000000
vn 0.749269 0.655610 0.093659
vn 0.739600 0.647150 0.184900
vn 0.724286 0.633750 0.271607
vn 0.704361 0.616316 0.352180
vn 0.681005 0.595880 0.425628
vn 0.655386 0.573462 0.491539
vn 0.628539 0.549972 0.549972
vn 0.601317 0.526152 0.601317
vn 0.577350 0.577350 -0.577350
vn 0.601317 0.601317 -0.526152
vn 0.624695 0.624695 -0.468521
vn 0.646762 0.646762 -0.404226
vn 0.666667 0.666667 -0.333333
vn 0.683486 0.683486 -0.256307
vn 0.696311 0.696311 -0.174078
vn 0.704361 0.704361 -0.088045
vn 0.707107 0.707107 0.000000
vn 0.707107 0.707107 0.000000
vn 0.704361 0.704361 0.088045
vn 0.696311 0.696311 0.174078
vn 0.683486 0.683486 0.256307
vn 0.666667 0.666667 0.333333
vn 0.646762 0.646762 0.404226
vn 0.624695 0.624695 0.468521
vn 0.601317 0.601317 0.526152
vn 0.577350 0.577350 0.577350
vn -0.577350 -0.577350 0.577350
vn -0.601317 -0.601317 0.526152
vn -0.624695 -0.624695 0.468521
vn -0.646762 -0.646762 0.404226
vn -0.666667 -0.666667 0.333333
vn -0.683486 -0.683486 0.256307
vn -0.696311 -0.696311 0.174078
vn -0.704361 -0.704361 0.088045
vn -0.707107 -0.707107 0.000000
vn -0.707107 -0.707107 0.000000
vn -0.704361 -0.704361 -0.088045
vn -0.696311 -0.696311 -0.174078
vn -0.683486 -0.683486 -0.256307
vn -0.666667 -0.666667 -0.333333
vn -0.646762 -0.646762 -0.404226
vn -0.624695 -0.624695 -0.468521
vn -0.601317 -0.601317 -0.526152
vn -0.577350 -0.577350 -0.577350
vn -0.601317 -0.526152 0.601317
vn -0.628539 -0.549972 0.549972
vn -0.655386 -0.573462 0.491539
vn -0.681005 -0.595880 0.425628
vn -0.704361 -0.616316 0.352180
vn -0.724286 -0.633750 0.271607
vn -0.739600 -0.647150 0.184900
vn -0.749269 -0.655610 0.093659
vn -0.752577 -0.658505 0.000000
vn -0.752577 -0.658505 0.000000
vn -0.749269 -0.655610 -0.093659
vn -0.739600 -0.647150 -0.184900
vn -0.724286 -0.633750 -0.271607
vn -0.704361 -0.616316 -0.352180
vn -0.681005 -0.595880 -0.425628
vn -0.655386 -0.573462 -0.491539
vn -0.628539 -0.549972 -0.549972
vn -0.601317 -0.526152 -0.601317
vn -0.624695 -0.468521 0.624695
vn -0.655386 -0.491539 0.573462
vn -0.685994 -0.514496 0.514496
vn -0.715542 -0.536656 0.447214
vn -0.742781 -0.557086 0.371391
vn -0.766261 -0.574696 0.287348
vn -0.784465 -0.588348 0.196116
vn -0.796030 -0.597022 0.099504
vn -0.800000 -0.600000 0.000000
vn -0.800000 -0.600000 0.000000
vn -0.796030 -0.597022 -0.099504
vn -0.784465 -0.588348 -0.196116
vn -0.766261 -0.574696 -0.287348
vn -0.742781 -0.557086 -0.371391
vn -0.715542 -0.536656 -0.447214
vn -0.685994 -0.514496 -0.514496
vn -0.655386 -0.491539 -0.573462
vn -0.624695 -0.468521 -0.624695
vn -0.646762 -0.404226 0.646762
vn -0.681005 -0.425628 0.595880
vn -0.715542 -0.447214 0.536656
vn -0.749269 -0.468293 0.468293
vn -0.780720 -0.487950 0.390360
vn -0.808122 -0.505076 0.303046
vn -0.829561 -0.518476 0.207390
vn -0.843274 -0.527046 0.105409
vn -0.847998 -0.529999 0.000000
vn -0.847998 -0.529999 0.000000
vn -0.843274 -0.527046 -0.105409
vn -0.829561 -0.518476 -0.207390
vn -0.808122 -0.505076 -0.303046
vn -0.780720 -0.487950 -0.390360
vn -0.749269 -0.468293 -0.468293
vn -0.715542 -0.447214 -0.536656
vn -0.681005 -0.425628 -0.595880
vn -0.646762 -0.404226 -0.646762
vn -0.666667 -0.333333 0.666667
vn -0.704361 -0.352180 0.616316
vn -0.742781 -0.371391 0.557086
vn -0.780720 -0.390360 0.487950
vn -0.816497 -0.408248 0.408248
vn -0.847998 -0.423999 0.317999
vn -0.872872 -0.436436 0.218218
vn -0.888889 -0.444444 0.111111
vn -0.894427 -0.447214 0.000000
vn -0.894427 -0.447214 0.000000
vn -0.888889 -0.444444 -0.111111
vn -0.872872 -0.436436 -0.218218
vn -0.847998 -0.423999 -0.317999
vn -0.816497 -0.408248 -0.408248
vn -0.780720 -0.390360 -0.487950
vn -0.742781 -0.371391 -0.557086
vn -0.704361 -0.352180 -0.616316
vn -0.666667 -0.333333 -0.666667
vn -0.683486 -0.256307 0.683486
vn -0.724286 -0.271607 0.633750
vn -0.766261 -0.287348 0.574696
vn -0.808122 -0.303046 0.505076
vn -0.847998 -0.317999 0.423999
vn -0.883452 -0.331295 0.331295
vn -0.911685 -0.341882 0.227921
vn -0.929981 -0.348743 0.116248
vn -0.936329 -0.351123 0.000000
vn -0.936329 -0.351123 0.000000
vn -0.929981 -0.348743 -0.116248
vn -0.911685 -0.341882 -0.227921
vn -0.883452 -0.331295 -0.331295
vn -0.847998 -0.317999 -0.423999
vn -0.808122 -0.303046 -0.505076
vn -0.766261 -0.287348 -0.574696
vn -0.724286 -0.271607 -0.633750
vn -0.683486 -0.256307 -0.683486
vn -0.696311 -0.174078 0.696311
vn -0.739600 -0.184900 0.647150
vn -0.784465 -0.196116 0.588348
vn -0.829561 -0.207390 0.518476
vn -0.872872 -0.218218 0.436436
vn -0.911685 -0.227921 0.341882
vn -0.942809 -0.235702 0.235702
vn -0.963087 -0.240772 0.120386
vn -0.970143 -0.242536 0.000000
vn -0.970143 -0.242536 0.000000
vn -0.963087 -0.240772 -0.120386
vn -0.942809 -0.235702 -0.235702
vn -0.911685 -0.227921 -0.341882
vn -0.872872 -0.218218 -0.436436
vn -0.829561 -0.207390 -0.518476
vn -0.784465 -0.196116 -0.588348
vn -0.739600 -0.184900 -0.647150
vn -0.696311 -0.174078 -0.696311
vn -0.704361 -0.088045 0.704361
vn -0.749269 -0.093659 0.655610
vn -0.796030 -0.099504 0.597022
vn -0.843274 -0.105409 0.527046
vn -0.888889 -0.111111 0.444444
vn -0.929981 -0.116248 0.348743
vn -0.963087 -0.120386 0.240772
vn -0.984732 -0.123091 0.123091
vn -0.992278 -0.124035 0.000000
vn -0.992278 -0.124035 0.000000
vn -0.984732 -0.123091 -0.123091
vn -0.963087 -0.120386 -0.240772
vn -0.929981 -0.116248 -0.348743
vn -0.888889 -0.111111 -0.444444
vn -0.843274 -0.105409 -0.527046
vn -0.796030 -0.099504 -0.597022
vn -0.749269 -0.093659 -0.655610
vn -0.704361 -0.088045 -0.704361
vn -0.707107 0.000000 0.707107
vn -0.752577 0.000000 0.658505
vn -0.800000 0.000000 0.600000
vn -0.847998 0.000000 0.529999
vn -0.894427 0.000000 0.447214
vn -0.936329 0.000000 0.351123
vn -0.970143 0.000000 0.242536
vn -0.992278 0.000000 0.124035
vn -1.000000 0.000000 0.000000
vn -1.000000 0.000000 0.000000
vn -0.992278 0.000000 -0.124035
vn -0.970143 0.000000 -0.242536
vn -0.936329 0.000000 -0.351123
vn -0.894427 0.000000 -0.447214
vn -0.847998 0.000000 -0.529999
vn -0.800000 0.000000 -0.600000
vn -0.752577 0.000000 -0.658505
vn -0.707107 0.000000 -0.707107
vn -0.707107 0.000000 0.707107
vn -0.752577 0.000000 0.658505
vn -0.800000 0.000000 0.600000
vn -0.847998 0.000000 0.529999
vn -0.894427 0.000000 0.447214
vn -0.936329 0.000000 0.351123
vn -0.970143 0.000000 0.242536
vn -0.992278 0.000000 0.124035
vn -1.000000 0.000000 0.000000
vn -1.000000 0.000000 0.000000
vn -0.992278 0.000000 -0.124035
vn -0.970143 0.000000 -0.242536
vn -0.936329 0.000000 -0.351123
vn -0.894427 0.000000 -0.447214
vn -0.847998 0.000000 -0.529999
vn -0.800000 0.000000 -0.600000
vn -0.752577 0.000000 -0.658505
vn -0.707107 0.000000 -0.707107
vn -0.704361 0.088045 0.704361
vn -0.749269 0.093659 0.655610
vn -0.796030 0.099504 0.597022
vn -0.843274 0.105409 0.527046
vn -0.888889 0.111111 0.444444
vn -0.929981 0.116248 0.348743
vn -0.963087 0.120386 0.240772
vn -0.984732 0.123091 0.123091
vn -0.992278 0.124035 0.000000
vn -0.992278 0.124035 0.000000
vn -0.984732 0.123091 -0.123091
vn -0.963087 0.120386 -0.240772
vn -0.929981 0.116248 -0.348743
vn -0.888889 0.111111 -0.444444
vn -0.843274 0.105409 -0.527046
vn -0.796030 0.099504 -0.597022
vn -0.749269 0.093659 -0.655610
vn -0.704361 0.088045 -0.704361
vn -0.696311 0.174078 0.696311
vn -0.739600 0.184900 0.647150
vn -0.784465 0.196116 0.588348
vn -0.829561 0.207390 0.518476
vn -0.872872 0.218218 0.436436
vn -0.911685 0.227921 0.341882
vn -0.942809 0.235702 0.235702
vn -0.963087 0.240772 0.120386
vn -0.970143 0.242536 0.000000
vn -0.970143 0.242536 0.000000
vn -0.963087 0.240772 -0.120386
vn -0.942809 0.235702 -0.235702
vn -0.911685 0.227921 -0.341882
vn -0.872872 0.218218 -0.436436
vn -0.829561 0.207390 -0.518476
vn -0.784465 0.196116 -0.588348
vn -0.739600 0.184900 -0.647150
vn -0.696311 0.174078 -0.696311
vn -0.683486 0.256307 0.683486
vn -0.724286 0.271607 0.633750
vn -0.766261 0.287348 0.574696
vn -0.808122 0.303046 0.505076
vn -0.847998 0.317999 0.423999
vn -0.883452 0.331295 0.331295
vn -0.911685 0.341882 0.227921
vn -0.929981 0.348743 0.116248
vn -0.936329 0.351123 0.000000
vn -0.936329 0.351123 0.000000
vn -0.929981 0.348743 -0.116248
vn -0.911685 0.341882 -0.227921
vn -0.883452 0.331295 -0.331295
vn -0.847998 0.317999 -0.423999
vn -0.808122 0.303046 -0.505076
vn -0.766261 0.287348 -0.574696
vn -0.724286 0.271607 -0.633750
vn -0.683486 0.256307 -0.683486
vn -0.666667 0.333333 0.666667
vn -0.704361 0.352180 0.616316
vn -0.742781 0.371391 0.557086
vn -0.780720 0.390360 0.487950
vn -0.816497 0.408248 0.408248
vn -0.847998 0.423999 0.317999
vn -0.872872 0.436436 0.218218
vn -0.888889 0.444444 0.111111
vn -0.894427 0.447214 0.000000
vn -0.894427 0.447214 0.000000
vn -0.888889 0.444444 -0.111111
vn -0.872872 0.436436 -0.218218
vn -0.847998 0.423999 -0.317999
vn -0.816497 0.408248 -0.408248
vn -0.780720 0.390360 -0.487950
vn -0.742781 0.371391 -0.557086
vn -0.704361 0.352180 -0.616316
vn -0.666667 0.333333 -0.666667
vn -0.646762 0.404226 0.646762
vn -0.681005 0.425628 0.595880
vn -0.715542 0.447214 0.536656
vn -0.749269 0.468293 0.468293
vn -0.780720 0.487950 0.390360
vn -0.808122 0.505076 0.303046
vn -0.829561 0.518476 0.207390
vn -0.843274 0.527046 0.105409
vn -0.847998 0.529999 0.000000
vn -0.847998 0.529999 0.000000
vn -0.843274 0.527046 -0.105409
vn -0.829561 0.518476 -0.207390
vn -0.808122 0.505076 -0.303046
vn -0.780720 0.487950 -0.390360
vn -0.749269 0.468293 -0.468293
vn -0.715542 0.447214 -0.536656
vn -0.681005 0.425628 -0.595880
vn -0.646762 0.404226 -0.646762
vn -0.624695 0.468521 0.624695
vn -0.655386 0.491539 0.573462
vn -0.685994 0.514496 0.514496
vn -0.715542 0.536656 0.447214
vn -0.742781 0.557086 0.371391
vn -0.766261 0.574696 0.287348
vn -0.784465 0.588348 0.196116
vn -0.796030 0.597022 0.099504
vn -0.800000 0.600000 0.000000
vn -0.800000 0.600000 0.000000
vn -0.796030 0.597022 -0.099504
vn -0.784465 0.588348 -0.196116
vn -0.766261 0.574696 -0.287348
vn -0.742781 0.557086 -0.371391
vn -0.715542 0.536656 -0.447214
vn -0.685994 0.514496 -0.514496
vn -0.655386 0.491539 -0.573462
vn -0.624695 0.468521 -0.624695
vn -0.601317 0.526152 0.601317
vn -0.628539 0.549972 0.549972
vn -0.655386 0.573462 0.491539
vn -0.681005 0.595880 0.425628
vn -0.704361 0.616316 0.352180
vn -0.724286 0.633750 0.271607
vn -0.739600 0.647150 0.184900
vn -0.749269 0.655610 0.093659
vn -0.752577 0.658505 0.000000
vn -0.752577 0.658505 0.000000
vn -0.749269 0.655610 -0.093659
vn -0.739600 0.647150 -0.184900
vn -0.724286 0.633750 -0.271607
vn -0.704361 0.616316 -0.352180
vn -0.681005 0.595880 -0.425628
vn -0.655386 0.573462 -0.491539
vn -0.628539 0.549972 -0.549972
vn -0.601317 0.526152 -0.601317
vn -0.577350 0.577350 0.577350
vn -0.601317 0.601317 0.526152
vn -0.624695 0.624695 0.468521
vn -0.646762 0.646762 0.404226
vn -0.666667 0.666667 0.333333
vn -0.683486 0.683486 0.256307
vn -0.696311 0.696311 0.174078
vn -0.704361 0.704361 0.088045
vn -0.707107 0.707107 0.000000
vn -0.707107 0.707107 0.000000
vn -0.704361 0.704361 -0.088045
vn -0.696311 0.696311 -0.174078
vn -0.683486 0.683486 -0.256307
vn -0.666667 0.666667 -0.333333
vn -0.646762 0.646762 -0.404226
vn -0.624695 0.624695 -0.468521
vn -0.601317 0.601317 -0.526152
vn -0.577350 0.577350 -0.577350
vn -0.577350 0.577350 0.577350
vn -0.526152 0.601317 0.601317
vn -0.468521 0.624695 0.624695
vn -0.404226 0.646762 0.646762
vn -0.333333 0.666667 0.666667
vn -0.256307 0.683486 0.683486
vn -0.174078 0.696311 0.696311
vn -0.088045 0.704361 0.704361
vn 0.000000 0.707107 0.707107
vn 0.000000 0.707107 0.707107
vn 0.088045 0.704361 0.704361
vn 0.174078 0.696311 0.696311
vn 0.256307 0.683486 0.683486
vn 0.333333 0.666667 0.666667
vn 0.404226 0.646762 0.646762
vn 0.468521 0.624695 0.624695
vn 0.526152 0.601317 0.601317
vn 0.577350 0.577350 0.577350
vn -0.601317 0.601317 0.526152
vn -0.549972 0.628539 0.549972
vn -0.491539 0.655386 0.573462
vn -0.425628 0.681005 0.595880
vn -0.352180 0.704361 0.616316
vn -0.271607 0.724286 0.633750
vn -0.184900 0.739600 0.647150
vn -0.093659 0.749269 0.655610
vn 0.000000 0.752577 0.658505
vn 0.000000 0.752577 0.658505
vn 0.093659 0.749269 0.655610
vn 0.184900 0.739600 0.647150
vn 0.271607 0.724286 0.633750
vn 0.352180 0.704361 0.616316
vn 0.425628 0.681005 0.595880
vn 0.491539 0.655386 0.573462
vn 0.549972 0.628539 0.549972
vn 0.601317 0.601317 0.526152
vn -0.624695 0.624695 0.468521
vn -0.573462 0.655386 0.491539
vn -0.514496 0.685994 0.514496
vn -0.447214 0.715542 0.536656
vn -0.371391 0.742781 0.557086
vn -0.287348 0.766261 0.574696
vn -0.196116 0.784465 0.588348
vn -0.099504 0.796030 0.597022
vn 0.000000 0.800000 0.600000
vn 0.000000 0.800000 0.600000
vn 0.099504 0.796030 0.597022
vn 0.196116 0.784465 0.588348
vn 0.287348 0.766261 0.574696
vn 0.371391 0.742781 0.557086
vn 0.447214 0.715542 0.536656
vn 0.514496 0.685994 0.514496
vn 0.573462 0.655386 0.491539
vn 0.624695 0.624695 0.468521
vn -0.646762 0.646762 0.404226
vn -0.595880 0.681005 0.425628
vn -0.536656 0.715542 0.447214
vn -0.468293 0.749269 0.468293
vn -0.390360 0.780720 0.487950
vn -0.303046 0.808122 0.505076
vn -0.207390 0.829561 0.518476
vn -0.105409 0.843274 0.527046
vn 0.000000 0.847998 0.529999
vn 0.000000 0.847998 0.529999
vn 0.105409 0.843274 0.527046
vn 0.207390 0.829561 0.518476
vn 0.303046 0.808122 0.505076
vn 0.390360 0.780720 0.487950
vn 0.468293 0.749269 0.468293
vn 0.536656 0.715542 0.447214
vn 0.595880 0.681005 0.425628
vn 0.646762 0.646762 0.404226
vn -0.666667 0.666667 0.333333
vn -0.616316 0.704361 0.352180
vn -0.557086 0.742781 0.371391
vn -0.487950 0.780720 0.390360
vn -0.408248 0.816497 0.408248
vn -0.317999 0.847998 0.423999
vn -0.218218 0.872872 0.436436
vn -0.111111 0.888889 0.444444
vn 0.000000 0.894427 0.447214
vn 0.000000 0.894427 0.447214
vn 0.111111 0.888889 0.444444
vn 0.218218 0.872872 0.436436
vn 0.317999 0.847998 0.423999
vn 0.408248 0.816497 0.408248
vn 0.487950 0.780720 0.390360
vn 0.557086 0.742781 0.371391
vn 0.616316 0.704361 0.352180
vn 0.666667 0.666667 0.333333
vn -0.683486 0.683486 0.256307
vn -0.633750 0.724286 0.271607
vn -0.574696 0.766261 0.287348
vn -0.505076 0.808122 0.303046
vn -0.423999 0.847998 0.317999
vn -0.331295 0.883452 0.331295
vn -0.227921 0.911685 0.341882
vn -0.116248 0.929981 0.348743
vn 0.000000 0.936329 0.351123
vn 0.000000 0.936329 0.351123
vn 0.116248 0.929981 0.348743
vn 0.227921 0.911685 0.341882
vn 0.331295 0.883452 0.331295
vn 0.423999 0.847998 0.317999
vn 0.505076 0.808122 0.303046
vn 0.574696 0.766261 0.287348
vn 0.633750 0.724286 0.271607
vn 0.683486 0.683486 0.256307
vn -0.696311 0.696311 0.174078
vn -0.647150 0.739600 0.184900
vn -0.588348 0.784465 0.196116
vn -0.518476 0.829561 0.207390
vn -0.436436 0.872872 0.218218
vn -0.341882 0.911685 0.227921
vn -0.235702 0.942809 0.235702
vn -0.120386 0.963087 0.240772
vn 0.000000 0.970143 0.242536
vn 0.000000 0.970143 0.242536
vn 0.120386 0.963087 0.240772
vn 0.235702 0.942809 0.235702
vn 0.341882 0.911685 0.227921
vn 0.436436 0.872872 0.218218
vn 0.518476 0.829561 0.207390
vn 0.588348 0.784465 0.196116
vn 0.647150 0.739600 0.184900
vn 0.696311 0.696311 0.174078
vn -0.704361 0.704361 0.088045
vn -0.655610 0.749269 0.093659
vn -0.597022 0.796030 0.099504
vn -0.527046 0.843274 0.105409
vn -0.444444 0.888889 0.111111
vn -0.348743 0.929981 0.116248
vn -0.240772 0.963087 0.120386
vn -0.123091 0.984732 0.123091
vn 0.000000 0.992278 0.124035
vn 0.000000 0.992278 0.124035
vn 0.123091 0.984732 0.123091
vn 0.240772 0.963087 0.120386
vn 0.348743 0.929981 0.116248
vn 0.444444 0.888889 0.111111
vn 0.527046 0.843274 0.105409
vn 0.597022 0.796030 0.099504
vn 0.655610 0.749269 0.093659
vn 0.704361 0.704361 0.088045
vn -0.707107 0.707107 0.000000
vn -0.658505 0.752577 0.000000
vn -0.600000 0.800000 0.000000
vn -0.529999 0.847998 0.000000
vn -0.447214 0.894427 0.000000
vn -0.351123 0.936329 0.000000
vn -0.242536 0.970143 0.000000
vn -0.124035 0.992278 0.000000
vn 0.000000 1.000000 0.000000
vn 0.000000 1.000000 0.000000
vn 0.124035 0.992278 0.000000
vn 0.242536 0.970143 0.000000
vn 0.351123 0.936329 0.000000
vn 0.447214 0.894427 0.000000
vn 0.529999 0.847998 0.000000
vn 0.600000 0.800000 0.000000
vn 0.658505 0.752577 0.000000
vn 0.707107 0.707107 0.000000
vn -0.707107 0.707107 0.000000
vn -0.658505 0.752577 0.000000
vn -0.600000 0.800000 0.000000
vn -0.529999 0.847998 0.000000
vn -0.447214 0.894427 0.000000
vn -0.351123 0.936329 0.000000
vn -0.242536 0.970143 0.000000
vn -0.124035 0.992278 0.000000
vn 0.000000 1.000000 0.000000
vn 0.000000 1.000000 0.000000
vn 0.124035 0.992278 0.000000
vn 0.242536 0.970143 0.000000
vn 0.351123 0.936329 0.000000
vn 0.447214 0.894427 0.000000
vn 0.529999 0.847998 0.000000
vn 0.600000 0.800000 0.000000
vn 0.658505 0.752577 0.000000
vn 0.707107 0.707107 0.000000
vn -0.704361 0.704361 -0.088045
vn -0.655610 0.749269 -0.093659
vn -0.597022 0.796030 -0.099504
vn -0.527046 0.843274 -0.105409
vn -0.444444 0.888889 -0.111111
vn -0.348743 0.929981 -0.116248
vn -0.240772 0.963087 -0.120386
vn -0.123091 0.984732 -0.123091
vn 0.000000 0.992278 -0.124035
vn 0.000000 0.992278 -0.124035
vn 0.123091 0.984732 -0.123091
vn 0.240772 0.963087 -0.120386
vn 0.348743 0.929981 -0.116248
vn 0.444444 0.888889 -0.111111
vn 0.527046 0.843274 -0.105409
vn 0.597022 0.796030 -0.099504
vn 0.655610 0.749269 -0.093659
vn 0.704361 0.704361 -0.088045
vn -0.696311 0.696311 -0.174078
vn -0.647150 0.739600 -0.184900
vn -0.588348 0.784465 -0.196116
vn -0.518476 0.829561 -0.207390
vn -0.436436 0.872872 -0.218218
vn -0.341882 0.911685 -0.227921
vn -0.235702 0.942809 -0.235702
vn -0.120386 0.963087 -0.240772
vn 0.000000 0.970143 -0.242536
vn 0.000000 0.970143 -0.242536
vn 0.120386 0.963087 -0.240772
vn 0.235702 0.942809 -0.235702
vn 0.341882 0.911685 -0.227921
vn 0.436436 0.872872 -0.218218
vn 0.518476 0.829561 -0.207390
vn 0.588348 0.784465 -0.196116
vn 0.647150 0.739600 -0.184900
vn 0.696311 0.696311 -0.174078
vn -0.683486 0.683486 -0.256307
vn -0.633750 0.724286 -0.271607
vn -0.574696 0.766261 -0.287348
vn -0.505076 0.808122 -0.303046
vn -0.423999 0.847998 -0.317999
vn -0.331295 0.883452 -0.331295
vn -0.227921 0.911685 -0.341882
vn -0.116248 0.929981 -0.348743
vn 0.000000 0.936329 -0.351123
vn 0.000000 0.936329 -0.351123
vn 0.116248 0.929981 -0.348743
vn 0.227921 0.911685 -0.341882
vn 0.331295 0.883452 -0.331295
vn 0.423999 0.847998 -0.317999
vn 0.505076 0.808122 -0.303046
vn 0.574696 0.766261 -0.287348
vn 0.633750 0.724286 -0.271607
vn 0.683486 0.683486 -0.256307
vn -0.666667 0.666667 -0.333333
vn -0.616316 0.704361 -0.352180
vn -0.557086 0.742781 -0.371391
vn -0.487950 0.780720 -0.390360
vn -0.408248 0.816497 -0.408248
vn -0.317999 0.847998 -0.423999
vn -0.218218 0.872872 -0.436436
vn -0.111111 0.888889 -0.444444
vn 0.000000 0.894427 -0.447214
vn 0.000000 0.894427 -0.447214
vn 0.111111 0.888889 -0.444444
vn 0.218218 0.872872 -0.436436
vn 0.317999 0.847998 -0.423999
vn 0.408248 0.816497 -0.408248
vn 0.487950 0.780720 -0.390360
vn 0.557086 0.742781 -0.371391
vn 0.616316 0.704361 -0.352180
vn 0.666667 0.666667 -0.333333
vn -0.646762 0.646762 -0.404226
vn -0.595880 0.681005 -0.425628
vn -0.536656 0.715542 -0.447214
vn -0.468293 0.749269 -0.468293
vn -0.390360 0.780720 -0.487950
vn -0.303046 0.808122 -0.505076
vn -0.207390 0.829561 -0.518476
vn -0.105409 0.843274 -0.527046
vn 0.000000 0.847998 -0.529999
vn 0.000000 0.847998 -0.529999
vn 0.105409 0.843274 -0.527046
vn 0.207390 0.829561 -0.518476
vn 0.303046 0.808122 -0.505076
vn 0.390360 0.780720 -0.487950
vn 0.468293 0.749269 -0.468293
vn 0.536656 0.715542 -0.447214
vn 0.595880 0.681005 -0.425628
vn 0.646762 0.646762 -0.404226
vn -0.624695 0.624695 -0.468521
vn -0.573462 0.655386 -0.491539
vn -0.514496 0.685994 -0.514496
vn -0.447214 0.715542 -0.536656
vn -0.371391 0.742781 -0.557086
vn -0.287348 0.766261 -0.574696
vn -0.196116 0.784465 -0.588348
vn -0.099504 0.796030 -0.597022
vn 0.000000 0.800000 -0.600000
vn 0.000000 0.800000 -0.600000
vn 0.099504 0.796030 -0.597022
vn 0.196116 0.784465 -0.588348
vn 0.287348 0.766261 -0.574696
vn 0.371391 0.742781 -0.557086
vn 0.447214 0.715542 -0.536656
vn 0.514496 0.685994 -0.514496
vn 0.573462 0.655386 -0.491539
vn 0.624695 0.624695 -0.468521
vn -0.601317 0.601317 -0.526152
vn -0.549972 0.628539 -0.549972
vn -0.491539 0.655386 -0.573462
vn -0.425628 0.681005 -0.595880
vn -0.352180 0.704361 -0.616316
vn -0.271607 0.724286 -0.633750
vn -0.184900 0.739600 -0.647150
vn -0.093659 0.749269 -0.655610
vn 0.000000 0.752577 -0.658505
vn 0.000000 0.752577 -0.658505
vn 0.093659 0.749269 -0.655610
vn 0.184900 0.739600 -0.647150
vn 0.271607 0.724286 -0.633750
vn 0.352180 0.704361 -0.616316
vn 0.425628 0.681005 -0.595880
vn 0.491539 0.655386 -0.573462
vn 0.549972 0.628539 -0.549972
vn 0.601317 0.601317 -0.526152
vn -0.577350 0.577350 -0.577350
vn -0.526152 0.601317 -0.601317
vn -0.468521 0.624695 -0.624695
vn -0.404226 0.646762 -0.646762
vn -0.333333 0.666667 -0.666667
vn -0.256307 0.683486 -0.683486
vn -0.174078 0.696311 -0.696311
vn -0.088045 0.704361 -0.704361
vn 0.000000 0.707107 -0.707107
vn 0.000000 0.707107 -0.707107
vn 0.088045 0.704361 -0.704361
vn 0.174078 0.696311 -0.696311
vn 0.256307 0.683486 -0.683486
vn 0.333333 0.666667 -0.666667
vn 0.404226 0.646762 -0.646762
vn 0.468521 0.624695 -0.624695
vn 0.526152 0.601317 -0.601317
vn 0.577350 0.577350 -0.577350
vn -0.577350 -0.577350 -0.577350
vn -0.526152 -0.601317 -0.601317
vn -0.468521 -0.624695 -0.624695
vn -0.404226 -0.646762 -0.646762
vn -0.333333 -0.666667 -0.666667
vn -0.256307 -0.683486 -0.683486
vn -0.174078 -0.696311 -0.696311
vn -0.088045 -0.704361 -0.704361
vn 0.000000 -0.707107 -0.707107
vn 0.000000 -0.707107 -0.707107
vn 0.088045 -0.704361 -0.704361
vn 0.174078 -0.696311 -0.696311
vn 0.256307 -0.683486 -0.683486
vn 0.333333 -0.666667 -0.666667
vn 0.404226 -0.646762 -0.646762
vn 0.468521 -0.624695 -0.624695
vn 0.526152 -0.601317 -0.601317
vn 0.577350 -0.577350 -0.577350
vn -0.601317 -0.601317 -0.526152
vn -0.549972 -0.628539 -0.549972
vn -0.491539 -0.655386 -0.573462
vn -0.425628 -0.681005 -0.595880
vn -0.352180 -0.704361 -0.616316
vn -0.271607 -0.724286 -0.633750
vn -0.184900 -0.739600 -0.647150
vn -0.093659 -0.749269 -0.655610
vn 0.000000 -0.752577 -0.658505
vn 0.000000 -0.752577 -0.658505
vn 0.093659 -0.749269 -0.655610
vn 0.184900 -0.739600 -0.647150
vn 0.271607 -0.724286 -0.633750
vn 0.352180 -0.704361 -0.616316
vn 0.425628 -0.681005 -0.595880
vn 0.491539 -0.655386 -0.573462
vn 0.549972 -0.628539 -0.549972
vn 0.601317 -0.601317 -0.526152
vn -0.624695 -0.624695 -0.468521
vn -0.573462 -0.655386 -0.491539
vn -0.514496 -0.685994 -0.514496
vn -0.447214 -0.715542 -0.536656
vn -0.371391 -0.742781 -0.557086
vn -0.287348 -0.766261 -0.574696
vn -0.196116 -0.784465 -0.588348
vn -0.099504 -0.796030 -0.597022
vn 0.000000 -0.800000 -0.600000
vn 0.000000 -0.800000 -0.600000
vn 0.099504 -0.796030 -0.597022
vn 0.196116 -0.784465 -0.588348
vn 0.287348 -0.766261 -0.574696
vn 0.371391 -0.742781 -0.557086
vn 0.447214 -0.715542 -0.536656
vn 0.514496 -0.685994 -0.514496
vn 0.573462 -0.655386 -0.491539
vn 0.624695 -0.624695 -0.468521
vn -0.646762 -0.646762 -0.404226
vn -0.595880 -0.681005 -0.425628
vn -0.536656 -0.715542 -0.447214
vn -0.468293 -0.749269 -0.468293
vn -0.390360 -0.780720 -0.487950
vn -0.303046 -0.808122 -0.505076
vn -0.207390 -0.829561 -0.518476
vn -0.105409 -0.843274 -0.527046
vn 0.000000 -0.847998 -0.529999
vn 0.000000 -0.847998 -0.529999
vn 0.105409 -0.843274 -0.527046
vn 0.207390 -0.829561 -0.518476
vn 0.303046 -0.808122 -0.505076
vn 0.390360 -0.780720 -0.487950
vn 0.468293 -0.749269 -0.468293
vn 0.536656 -0.715542 -0.447214
vn 0.595880 -0.681005 -0.425628
vn 0.646762 -0.646762 -0.404226
vn -0.666667 -0.666667 -0.333333
vn -0.616316 -0.704361 -0.352180
vn -0.557086 -0.742781 -0.371391
vn -0.487950 -0.780720 -0.390360
vn -0.408248 -0.816497 -0.408248
vn -0.317999 -0.847998 -0.423999
vn -0.218218 -0.872872 -0.436436
vn -0.111111 -0.888889 -0.444444
vn 0.000000 -0.894427 -0.447214
vn 0.000000 -0.894427 -0.447214
vn 0.111111 -0.888889 -0.444444
vn 0.218218 -0.872872 -0.436436
vn 0.317999 -0.847998 -0.423999
vn 0.408248 -0.816497 -0.408248
vn 0.487950 -0.780720 -0.390360
vn 0.557086 -0.742781 -0.371391
vn 0.616316 -0.704361 -0.352180
vn 0.666667 -0.666667 -0.333333
vn -0.683486 -0.683486 -0.256307
vn -0.633750 -0.724286 -0.271607
vn -0.574696 -0.766261 -0.287348
vn -0.505076 -0.808122 -0.303046
vn -0.423999 -0.847998 -0.317999
vn -0.331295 -0.883452 -0.331295
vn -0.227921 -0.911685 -0.341882
vn -0.116248 -0.929981 -0.348743
vn 0.000000 -0.936329 -0.351123
vn 0.000000 -0.936329 -0.351123
vn 0.116248 -0.929981 -0.348743
vn 0.227921 -0.911685 -0.341882
vn 0.331295 -0.883452 -0.331295
vn 0.423999 -0.847998 -0.317999
vn 0.505076 -0.808122 -0.303046
vn 0.574696 -0.766261 -0.287348
vn 0.633750 -0.724286 -0.271607
vn 0.683486 -0.683486 -0.256307
vn -0.696311 -0.696311 -0.174078
vn -0.647150 -0.739600 -0.184900
vn -0.588348 -0.784465 -0.196116
vn -0.518476 -0.829561 -0.207390
vn -0.436436 -0.872872 -0.218218
vn -0.341882 -0.911685 -0.227921
vn -0.235702 -0.942809 -0.235702
vn -0.120386 -0.963087 -0.240772
vn 0.000000 -0.970143 -0.242536
vn 0.000000 -0.970143 -0.242536
vn 0.120386 -0.963087 -0.240772
vn 0.235702 -0.942809 -0.235702
vn 0.341882 -0.911685 -0.227921
vn 0.436436 -0.872872 -0.218218
vn 0.518476 -0.829561 -0.207390
vn 0.588348 -0.784465 -0.196116
vn 0.647150 -0.739600 -0.184900
vn 0.696311 -0.696311 -0.174078
vn -0.704361 -0.704361 -0.088045
vn -0.655610 -0.749269 -0.093659
vn -0.597022 -0.796030 -0.099504
vn -0.527046 -0.843274 -0.105409
vn -0.444444 -0.888889 -0.111111
vn -0.348743 -0.929981 -0.116248
vn -0.240772 -0.963087 -0.120386
vn -0.123091 -0.984732 -0.123091
vn 0.000000 -0.992278 -0.124035
vn 0.000000 -0.992278 -0.124035
vn 0.123091 -0.984732 -0.123091
vn 0.240772 -0.963087 -0.120386
vn 0.348743 -0.929981 -0.116248
vn 0.444444 -0.888889 -0.111111
vn 0.527046 -0.843274 -0.105409
vn 0.597022 -0.796030 -0.099504
vn 0.655610 -0.749269 -0.093659
vn 0.704361 -0.704361 -0.088045
vn -0.707107 -0.707107 0.000000
vn -0.658505 -0.752577 0.000000
vn -0.600000 -0.800000 0.000000
vn -0.529999 -0.847998 0.000000
vn -0.447214 -0.894427 0.000000
vn -0.351123 -0.936329 0.000000
vn -0.242536 -0.970143 0.000000
vn -0.124035 -0.992278 0.000000
vn 0.000000 -1.000000 0.000000
vn 0.000000 -1.000000 0.000000
vn 0.124035 -0.992278 0.000000
vn 0.242536 -0.970143 0.000000
vn 0.351123 -0.936329 0.000000
vn 0.447214 -0.894427 0.000000
vn 0.529999 -0.847998 0.000000
vn 0.600000 -0.800000 0.000000
vn 0.658505 -0.752577 0.000000
vn 0.707107 -0.707107 0.000000
vn -0.707107 -0.707107 0.000000
vn -0.658505 -0.752577 0.000000
vn -0.600000 -0.800000 0.000000
vn -0.529999 -0.847998 0.000000
vn -0.447214 -0.894427 0.000000
vn -0.351123 -0.936329 0.000000
vn -0.242536 -0.970143 0.000000
vn -0.124035 -0.992278 0.000000
vn 0.000000 -1.000000 0.000000
vn 0.000000 -1.000000 0.000000
vn 0.124035 -0.992278 0.000000
vn 0.242536 -0.970143 0.000000
vn 0.351123 -0.936329 0.000000
vn 0.447214 -0.894427 0.000000
vn 0.529999 -0.847998 0.000000
vn 0.600000 -0.800000 0.000000
vn 0.658505 -0.752577 0.000000
vn 0.707107 -0.707107 0.000000
vn -0.704361 -0.704361 0.088045
vn -0.655610 -0.749269 0.093659
vn -0.597022 -0.796030 0.099504
vn -0.527046 -0.843274 0.105409
vn -0.444444 -0.888889 0.111111
vn -0.348743 -0.929981 0.116248
vn -0.240772 -0.963087 0.120386
vn -0.123091 -0.984732 0.123091
vn 0.000000 -0.992278 0.124035
vn 0.000000 -0.992278 0.124035
vn 0.123091 -0.984732 0.123091
vn 0.240772 -0.963087 0.120386
vn 0.348743 -0.929981 0.116248
vn 0.444444 -0.888889 0.111111
vn 0.527046 -0.843274 0.105409
vn 0.597022 -0.796030 0.099504
vn 0.655610 -0.749269 0.093659
vn 0.704361 -0.704361 0.088045
vn -0.696311 -0.696311 0.174078
vn -0.647150 -0.739600 0.184900
vn -0.588348 -0.784465 0.196116
vn -0.518476 -0.829561 0.207390
vn -0.436436 -0.872872 0.218218
vn -0.341882 -0.911685 0.227921
vn -0.235702 -0.942809 0.235702
vn -0.120386 -0.963087 0.240772
vn 0.000000 -0.970143 0.242536
vn 0.000000 -0.970143 0.242536
vn 0.120386 -0.963087 0.240772
vn 0.235702 -0.942809 0.235702
vn 0.341882 -0.911685 0.227921
vn 0.436436 -0.872872 0.218218
vn 0.518476 -0.829561 0.207390
vn 0.588348 -0.784465 0.196116
vn 0.647150 -0.739600 0.184900
vn 0.696311 -0.696311 0.174078
vn -0.683486 -0.683486 0.256307
vn -0.633750 -0.724286 0.271607
vn -0.574696 -0.766261 0.287348
vn -0.505076 -0.808122 0.303046
vn -0.423999 -0.847998 0.317999
vn -0.331295 -0.883452 0.331295
vn -0.227921 -0.911685 0.341882
vn -0.116248 -0.929981 0.348743
vn 0.000000 -0.936329 0.351123
vn 0.000000 -0.936329 0.351123
vn 0.116248 -0.929981 0.348743
vn 0.227921 -0.911685 0.341882
vn 0.331295 -0.883452 0.331295
vn 0.423999 -0.847998 0.317999
vn 0.505076 -0.808122 0.303046
vn 0.574696 -0.766261 0.287348
vn 0.633750 -0.724286 0.271607
vn 0.683486 -0.683486 0.256307
vn -0.666667 -0.666667 0.333333
vn -0.616316 -0.704361 0.352180
vn -0.557086 -0.742781 0.371391
vn -0.487950 -0.780720 0.390360
vn -0.408248 -0.816497 0.408248
vn -0.317999 -0.847998 0.423999
vn -0.218218 -0.872872 0.436436
vn -0.111111 -0.888889 0.444444
vn 0.000000 -0.894427 0.447214
vn 0.000000 -0.894427 0.447214
vn 0.111111 -0.888889 0.444444
vn 0.218218 -0.872872 0.436436
vn 0.317999 -0.847998 0.423999
vn 0.408248 -0.816497 0.408248
vn 0.487950 -0.780720 0.390360
vn 0.557086 -0.742781 0.371391
vn 0.616316 -0.704361 0.352180
vn 0.666667 -0.666667 0.333333
vn -0.646762 -0.646762 0.404226
vn -0.595880 -0.681005 0.425628
vn -0.536656 -0.715542 0.447214
vn -0.468293 -0.749269 0.468293
vn -0.390360 -0.780720 0.487950
vn -0.303046 -0.808122 0.505076
vn -0.207390 -0.829561 0.518476
vn -0.105409 -0.843274 0.527046
vn 0.000000 -0.847998 0.529999
vn 0.000000 -0.847998 0.529999
vn 0.105409 -0.843274 0.527046
vn 0.207390 -0.829561 0.518476
vn 0.303046 -0.808122 0.505076
vn 0.390360 -0.780720 0.487950
vn 0.468293 -0.749269 0.468293
vn 0.536656 -0.715542 0.447214
vn 0.595880 -0.681005 0.425628
vn 0.646762 -0.646762 0.404226
vn -0.624695 -0.624695 0.468521
vn -0.573462 -0.655386 0.491539
vn -0.514496 -0.685994 0.514496
vn -0.447214 -0.715542 0.536656
vn -0.371391 -0.742781 0.557086
vn -0.287348 -0.766261 0.574696
vn -0.196116 -0.784465 0.588348
vn -0.099504 -0.796030 0.597022
vn 0.000000 -0.800000 0.600000
vn 0.000000 -0.800000 0.600000
vn 0.099504 -0.796030 0.597022
vn 0.196116 -0.784465 0.588348
vn 0.287348 -0.766261 0.574696
vn 0.371391 -0.742781 0.557086
vn 0.447214 -0.715542 0.536656
vn 0.514496 -0.685994 0.514496
vn 0.573462 -0.655386 0.491539
vn 0.624695 -0.624695 0.468521
vn -0.601317 -0.601317 0.526152
vn -0.549972 -0.628539 0.549972
vn -0.491539 -0.655386 0.573462
vn -0.425628 -0.681005 0.595880
vn -0.352180 -0.704361 0.616316
vn -0.271607 -0.724286 0.633750
vn -0.184900 -0.739600 0.647150
vn -0.093659 -0.749269 0.655610
vn 0.000000 -0.752577 0.658505
vn 0.000000 -0.752577 0.658505
vn 0.093659 -0.749269 0.655610
vn 0.184900 -0.739600 0.647150
vn 0.271607 -0.724286 0.633750
vn 0.352180 -0.704361 0.616316
vn 0.425628 -0.681005 0.595880
vn 0.491539 -0.655386 0.573462
vn 0.549972 -0.628539 0.549972
vn 0.601317 -0.601317 0.526152
vn -0.577350 -0.577350 0.577350
vn -0.526152 -0.601317 0.601317
vn -0.468521 -0.624695 0.624695
vn -0.404226 -0.646762 0.646762
vn -0.333333 -0.666667 0.666667
vn -0.256307 -0.683486 0.683486
vn -0.174078 -0.696311 0.696311
vn -0.088045 -0.704361 0.704361
vn 0.000000 -0.707107 0.707107
vn 0.000000 -0.707107 0.707107
vn 0.088045 -0.704361 0.704361
vn 0.174078 -0.696311 0.696311
vn 0.256307 -0.683486 0.683486
vn 0.333333 -0.666667 0.666667
vn 0.404226 -0.646762 0.646762
vn 0.468521 -0.624695 0.624695
vn 0.526152 -0.601317 0.601317
vn 0.577350 -0.577350 0.577350
vn 0.577350 -0.577350 0.577350
vn 0.526152 -0.601317 0.601317
vn 0.468521 -0.624695 0.624695
vn 0.404226 -0.646762 0.646762
vn 0.333333 -0.666667 0.666667
vn 0.256307 -0.683486 0.683486
vn 0.174078 -0.696311 0.696311
vn 0.088045 -0.704361 0.704361
vn 0.000000 -0.707107 0.707107
vn 0.000000 -0.707107 0.707107
vn -0.088045 -0.704361 0.704361
vn -0.174078 -0.696311 0.696311
vn -0.256307 -0.683486 0.683486
vn -0.333333 -0.666667 0.666667
vn -0.404226 -0.646762 0.646762
vn -0.468521 -0.624695 0.624695
vn -0.526152 -0.601317 0.601317
vn -0.577350 -0.577350 0.577350
vn 0.601317 -0.526152 0.601317
vn 0.549972 -0.549972 0.628539
vn 0.491539 -0.573462 0.655386
vn 0.425628 -0.595880 0.681005
vn 0.352180 -0.616316 0.704361
vn 0.271607 -0.633750 0.724286
vn 0.184900 -0.647150 0.739600
vn 0.093659 -0.655610 0.749269
vn 0.000000 -0.658505 0.752577
vn 0.000000 -0.658505 0.752577
vn -0.093659 -0.655610 0.749269
vn -0.184900 -0.647150 0.739600
vn -0.271607 -0.633750 0.724286
vn -0.352180 -0.616316 0.704361
vn -0.425628 -0.595880 0.681005
vn -0.491539 -0.573462 0.655386
vn -0.549972 -0.549972 0.628539
vn -0.601317 -0.526152 0.601317
vn 0.624695 -0.468521 0.624695
vn 0.573462 -0.491539 0.655386
vn 0.514496 -0.514496 0.685994
vn 0.447214 -0.536656 0.715542
vn 0.371391 -0.557086 0.742781
vn 0.287348 -0.574696 0.766261
vn 0.196116 -0.588348 0.784465
vn 0.099504 -0.597022 0.796030
vn 0.000000 -0.600000 0.800000
vn 0.000000 -0.600000 0.800000
vn -0.099504 -0.597022 0.796030
vn -0.196116 -0.588348 0.784465
vn -0.287348 -0.574696 0.766261
vn -0.371391 -0.557086 0.742781
vn -0.447214 -0.536656 0.715542
vn -0.514496 -0.514496 0.685994
vn -0.573462 -0.491539 0.655386
vn -0.624695 -0.468521 0.624695
vn 0.646762 -0.404226 0.646762
vn 0.595880 -0.425628 0.681005
vn 0.536656 -0.447214 0.715542
vn 0.468293 -0.468293 0.749269
vn 0.390360 -0.487950 0.780720
vn 0.303046 -0.505076 0.808122
vn 0.207390 -0.518476 0.829561
vn 0.105409 -0.527046 0.843274
vn 0.000000 -0.529999 0.847998
vn 0.000000 -0.529999 0.847998
vn -0.105409 -0.527046 0.843274
vn -0.207390 -0.518476 0.829561
vn -0.303046 -0.505076 0.808122
vn -0.390360 -0.487950 0.780720
vn -0.468293 -0.468293 0.749269
vn -0.536656 -0.447214 0.715542
vn -0.595880 -0.425628 0.681005
vn -0.646762 -0.404226 0.646762
vn 0.666667 -0.333333 0.666667
vn 0.616316 -0.352180 0.704361
vn 0.557086 -0.371391 0.742781
vn 0.487950 -0.390360 0.780720
vn 0.408248 -0.408248 0.816497
vn 0.317999 -0.423999 0.847998
vn 0.218218 -0.436436 0.872872
vn 0.111111 -0.444444 0.888889
vn 0.000000 -0.447214 0.894427
vn 0.000000 -0.447214 0.894427
vn -0.111111 -0.444444 0.888889
vn -0.218218 -0.436436 0.872872
vn -0.317999 -0.423999 0.847998
vn -0.408248 -0.408248 0.816497
vn -0.487950 -0.390360 0.780720
vn -0.557086 -0.371391 0.742781
vn -0.616316 -0.352180 0.704361
vn -0.666667 -0.333333 0.666667
vn 0.683486 -0.256307 0.683486
vn 0.633750 -0.271607 0.724286
vn 0.574696 -0.287348 0.766261
vn 0.505076 -0.303046 0.808122
vn 0.423999 -0.317999 0.847998
vn 0.331295 -0.331295 0.883452
vn 0.227921 -0.341882 0.911685
vn 0.116248 -0.348743 0.929981
vn 0.000000 -0.351123 0.936329
vn 0.000000 -0.351123 0.936329
vn -0.116248 -0.348743 0.929981
vn -0.227921 -0.341882 0.911685
vn -0.331295 -0.331295 0.883452
vn -0.423999 -0.317999 0.847998
vn -0.505076 -0.303046 0.808122
vn -0.574696 -0.287348 0.766261
vn -0.633750 -0.271607 0.724286
vn -0.683486 -0.256307 0.683486
vn 0.696311 -0.174078 0.696311
vn 0.647150 -0.184900 0.739600
vn 0.588348 -0.196116 0.784465
vn 0.518476 -0.207390 0.829561
vn 0.436436 -0.218218 0.872872
vn 0.341882 -0.227921 0.911685
vn 0.235702 -0.235702 0.942809
vn 0.120386 -0.240772 0.963087
vn 0.000000 -0.242536 0.970143
vn 0.000000 -0.242536 0.970143
vn -0.120386 -0.240772 0.963087
vn -0.235702 -0.235702 0.942809
vn -0.341882 -0.227921 0.911685
vn -0.436436 -0.218218 0.872872
vn -0.518476 -0.207390 0.829561
vn -0.588348 -0.196116 0.784465
vn -0.647150 -0.184900 0.739600
vn -0.696311 -0.174078 0.696311
vn 0.704361 -0.088045 0.704361
vn 0.655610 -0.093659 0.749269
vn 0.597022 -0.099504 0.796030
vn 0.527046 -0.105409 0.843274
vn 0.444444 -0.111111 0.888889
vn 0.348743 -0.116248 0.929981
vn 0.240772 -0.120386 0.963087
vn 0.123091 -0.123091 0.984732
vn 0.000000 -0.124035 0.992278
vn 0.000000 -0.124035 0.992278
vn -0.123091 -0.123091 0.984732
vn -0.240772 -0.120386 0.963087
vn -0.348743 -0.116248 0.929981
vn -0.444444 -0.111111 0.888889
vn -0.527046 -0.105409 0.843274
vn -0.597022 -0.099504 0.796030
vn -0.655610 -0.093659 0.749269
vn -0.704361 -0.088045 0.704361
vn 0.707107 0.000000 0.707107
vn 0.658505 0.000000 0.752577
vn 0.600000 0.000000 0.800000
vn 0.529999 0.000000 0.847998
vn 0.447214 0.000000 0.894427
vn 0.351123 0.000000 0.936329
vn 0.242536 0.000000 0.970143
vn 0.124035 0.000000 0.992278
vn 0.000000 0.000000 1.000000
vn 0.000000 0.000000 1.000000
vn -0.124035 0.000000 0.992278
vn -0.242536 0.000000 0.970143
vn -0.351123 0.000000 0.936329
vn -0.447214 0.000000 0.894427
vn -0.529999 0.000000 0.847998
vn -0.600000 0.000000 0.800000
vn -0.658505 0.000000 0.752577
vn -0.707107 0.000000 0.707107
vn 0.707107 0.000000 0.707107
vn 0.658505 0.000000 0.752577
vn 0.600000 0.000000 0.800000
vn 0.529999 0.000000 0.847998
vn 0.447214 0.000000 0.894427
vn 0.351123 0.000000 0.936329
vn 0.242536 0.000000 0.970143
vn 0.124035 0.000000 0.992278
vn 0.000000 0.000000 1.000000
vn 0.000000 0.000000 1.000000
vn -0.124035 0.000000 0.992278
vn -0.242536 0.000000 0.970143
vn -0.351123 0.000000 0.936329
vn -0.447214 0.000000 0.894427
vn -0.529999 0.000000 0.847998
vn -0.600000 0.000000 0.800000
vn -0.658505 0.000000 0.752577
vn -0.707107 0.000000 0.707107
vn 0.704361 0.088045 0.704361
vn 0.655610 0.093659 0.749269
vn 0.597022 0.099504 0.796030
vn 0.527046 0.105409 0.843274
vn 0.444444 0.111111 0.888889
vn 0.348743 0.116248 0.929981
vn 0.240772 0.120386 0.963087
vn 0.123091 0.123091 0.984732
vn 0.000000 0.124035 0.992278
vn 0.000000 0.124035 0.992278
vn -0.123091 0.123091 0.984732
vn -0.240772 0.120386 0.963087
vn -0.348743 0.116248 0.929981
vn -0.444444 0.111111 0.888889
vn -0.527046 0.105409 0.843274
vn -0.597022 0.099504 0.796030
vn -0.655610 0.093659 0.749269
vn -0.704361 0.088045 0.704361
vn 0.696311 0.174078 0.696311
vn 0.647150 0.184900 0.739600
vn 0.588348 0.196116 0.784465
vn 0.518476 0.207390 0.829561
vn 0.436436 0.218218 0.872872
vn 0.341882 0.227921 0.911685
vn 0.235702 0.235702 0.942809
vn 0.120386 0.240772 0.963087
vn 0.000000 0.242536 0.970143
vn 0.000000 0.242536 0.970143
vn -0.120386 0.240772 0.963087
vn -0.235702 0.235702 0.942809
vn -0.341882 0.227921 0.911685
vn -0.436436 0.218218 0.872872
vn -0.518476 0.207390 0.829561
vn -0.588348 0.196116 0.784465
vn -0.647150 0.184900 0.739600
vn -0.696311 0.174078 0.696311
vn 0.683486 0.256307 0.683486
vn 0.633750 0.271607 0.724286
vn 0.574696 0.287348 0.766261
vn 0.505076 0.303046 0.808122
vn 0.423999 0.317999 0.847998
vn 0.331295 0.331295 0.883452
vn 0.227921 0.341882 0.911685
vn 0.116248 0.348743 0.929981
vn 0.000000 0.351123 0.936329
vn 0.000000 0.351123 0.936329
vn -0.116248 0.348743 0.929981
vn -0.227921 0.341882 0.911685
vn -0.331295 0.331295 0.883452
vn -0.423999 0.317999 0.847998
vn -0.505076 0.303046 0.808122
vn -0.574696 0.287348 0.766261
vn -0.633750 0.271607 0.724286
vn -0.683486 0.256307 0.683486
vn 0.666667 0.333333 0.666667
vn 0.616316 0.352180 0.704361
vn 0.557086 0.371391 0.742781
vn 0.487950 0.390360 0.780720
vn 0.408248 0.408248 0.816497
vn 0.317999 0.423999 0.847998
vn 0.218218 0.436436 0.872872
vn 0.111111 0.444444 0.888889
vn 0.000000 0.447214 0.894427
vn 0.000000 0.447214 0.894427
vn -0.111111 0.444444 0.888889
vn -0.218218 0.436436 0.872872
vn -0.317999 0.423999 0.847998
vn -0.408248 0.408248 0.816497
vn -0.487950 0.390360 0.780720
vn -0.557086 0.371391 0.742781
vn -0.616316 0.352180 0.704361
vn -0.666667 0.333333 0.666667
vn 0.646762 0.404226 0.646762
vn 0.595880 0.425628 0.681005
vn 0.536656 0.447214 0.715542
vn 0.468293 0.468293 0.749269
vn 0.390360 0.487950 0.780720
vn 0.303046 0.505076 0.808122
vn 0.207390 0.518476 0.829561
vn 0.105409 0.527046 0.843274
vn 0.000000 0.529999 0.847998
vn 0.000000 0.529999 0.847998
vn -0.105409 0.527046 0.843274
vn -0.207390 0.518476 0.829561
vn -0.303046 0.505076 0.808122
vn -0.390360 0.487950 0.780720
vn -0.468293 0.468293 0.749269
vn -0.536656 0.447214 0.715542
vn -0.595880 0.425628 0.681005
vn -0.646762 0.404226 0.646762
vn 0.624695 0.468521 0.624695
vn 0.573462 0.491539 0.655386
vn 0.514496 0.514496 0.685994
vn 0.447214 0.536656 0.715542
vn 0.371391 0.557086 0.742781
vn 0.287348 0.574696 0.766261
vn 0.196116 0.588348 0.784465
vn 0.099504 0.597022 0.796030
vn 0.000000 0.600000 0.800000
vn 0.000000 0.600000 0.800000
vn -0.099504 0.597022 0.796030
vn -0.196116 0.588348 0.784465
vn -0.287348 0.574696 0.766261
vn -0.371391 0.557086 0.742781
vn -0.447214 0.536656 0.715542
vn -0.514496 0.514496 0.685994
vn -0.573462 0.491539 0.655386
vn -0.624695 0.468521 0.624695
vn 0.601317 0.526152 0.601317
vn 0.549972 0.549972 0.628539
vn 0.491539 0.573462 0.655386
vn 0.425628 0.595880 0.681005
vn 0.352180 0.616316 0.704361
vn 0.271607 0.633750 0.724286
vn 0.184900 0.647150 0.739600
vn 0.093659 0.655610 0.749269
vn 0.000000 0.658505 0.752577
vn 0.000000 0.658505 0.752577
vn -0.093659 0.655610 0.749269
vn -0.184900 0.647150 0.739600
vn -0.271607 0.633750 0.724286
vn -0.352180 0.616316 0.704361
vn -0.425628 0.595880 0.681005
vn -0.491539 0.573462 0.655386
vn -0.549972 0.549972 0.628539
vn -0.601317 0.526152 0.601317
vn 0.577350 0.577350 0.577350
vn 0.526152 0.601317 0.601317
vn 0.468521 0.624695 0.624695
vn 0.404226 0.646762 0.646762
vn 0.333333 0.666667 0.666667
vn 0.256307 0.683486 0.683486
vn 0.174078 0.696311 0.696311
vn 0.088045 0.704361 0.704361
vn 0.000000 0.707107 0.707107
vn 0.000000 0.707107 0.707107
vn -0.088045 0.704361 0.704361
vn -0.174078 0.696311 0.696311
vn -0.256307 0.683486 0.683486
vn -0.333333 0.666667 0.666667
vn -0.404226 0.646762 0.646762
vn -0.468521 0.624695 0.624695
vn -0.526152 0.601317 0.601317
vn -0.577350 0.577350 0.577350
vn -0.577350 -0.577350 -0.577350
vn -0.526152 -0.601317 -0.601317
vn -0.468521 -0.624695 -0.624695
vn -0.404226 -0.646762 -0.646762
vn -0.333333 -0.666667 -0.666667
vn -0.256307 -0.683486 -0.683486
vn -0.174078 -0.696311 -0.696311
vn -0.088045 -0.704361 -0.704361
vn 0.000000 -0.707107 -0.707107
vn 0.000000 -0.707107 -0.707107
vn 0.088045 -0.704361 -0.704361
vn 0.174078 -0.696311 -0.696311
vn 0.256307 -0.683486 -0.683486
vn 0.333333 -0.666667 -0.666667
vn 0.404226 -0.646762 -0.646762
vn 0.468521 -0.624695 -0.624695
vn 0.526152 -0.601317 -0.601317
vn 0.577350 -0.577350 -0.577350
vn -0.601317 -0.526152 -0.601317
vn -0.549972 -0.549972 -0.628539
vn -0.491539 -0.573462 -0.655386
vn -0.425628 -0.595880 -0.681005
vn -0.352180 -0.616316 -0.704361
vn -0.271607 -0.633750 -0.724286
vn -0.184900 -0.647150 -0.739600
vn -0.093659 -0.655610 -0.749269
vn 0.000000 -0.658505 -0.752577
vn 0.000000 -0.658505 -0.752577
vn 0.093659 -0.655610 -0.749269
vn 0.184900 -0.647150 -0.739600
vn 0.271607 -0.633750 -0.724286
vn 0.352180 -0.616316 -0.704361
vn 0.425628 -0.595880 -0.681005
vn 0.491539 -0.573462 -0.655386
vn 0.549972 -0.549972 -0.628539
vn 0.601317 -0.526152 -0.601317
vn -0.624695 -0.468521 -0.624695
vn -0.573462 -0.491539 -0.655386
vn -0.514496 -0.514496 -0.685994
vn -0.447214 -0.536656 -0.715542
vn -0.371391 -0.557086 -0.742781
vn -0.287348 -0.574696 -0.766261
vn -0.196116 -0.588348 -0.784465
vn -0.099504 -0.597022 -0.796030
vn 0.000000 -0.600000 -0.800000
vn 0.000000 -0.600000 -0.800000
vn 0.099504 -0.597022 -0.796030
vn 0.196116 -0.588348 -0.784465
vn 0.287348 -0.574696 -0.766261
vn 0.371391 -0.557086 -0.742781
vn 0.447214 -0.536656 -0.715542
vn 0.514496 -0.514496 -0.685994
vn 0.573462 -0.491539 -0.655386
vn 0.624695 -0.468521 -0.624695
vn -0.646762 -0.404226 -0.646762
vn -0.595880 -0.425628 -0.681005
vn -0.536656 -0.447214 -0.715542
vn -0.468293 -0.468293 -0.749269
vn -0.390360 -0.487950 -0.780720
vn -0.303046 -0.505076 -0.808122
vn -0.207390 -0.518476 -0.829561
vn -0.105409 -0.527046 -0.843274
vn 0.000000 -0.529999 -0.847998
vn 0.000000 -0.529999 -0.847998
vn 0.105409 -0.527046 -0.843274
vn 0.207390 -0.518476 -0.829561
vn 0.303046 -0.505076 -0.808122
vn 0.390360 -0.487950 -0.780720
vn 0.468293 -0.468293 -0.749269
vn 0.536656 -0.447214 -0.715542
vn 0.595880 -0.425628 -0.681005
vn 0.646762 -0.404226 -0.646762
vn -0.666667 -0.333333 -0.666667
vn -0.616316 -0.352180 -0.704361
vn -0.557086 -0.371391 -0.742781
vn -0.487950 -0.390360 -0.780720
vn -0.408248 -0.408248 -0.816497
vn -0.317999 -0.423999 -0.847998
vn -0.218218 -0.436436 -0.872872
vn -0.111111 -0.444444 -0.888889
vn 0.000000 -0.447214 -0.894427
vn 0.000000 -0.447214 -0.894427
vn 0.111111 -0.444444 -0.888889
vn 0.218218 -0.436436 -0.872872
vn 0.317999 -0.423999 -0.847998
vn 0.408248 -0.408248 -0.816497
vn 0.487950 -0.390360 -0.780720
vn 0.557086 -0.371391 -0.742781
vn 0.616316 -0.352180 -0.704361
vn 0.666667 -0.333333 -0.666667
vn -0.683486 -0.256307 -0.683486
vn -0.633750 -0.271607 -0.724286
vn -0.574696 -0.287348 -0.766261
vn -0.505076 -0.303046 -0.808122
vn -0.423999 -0.317999 -0.847998
vn -0.331295 -0.331295 -0.883452
vn -0.227921 -0.341882 -0.911685
vn -0.116248 -0.348743 -0.929981
vn 0.000000 -0.351123 -0.936329
vn 0.000000 -0.351123 -0.936329
vn 0.116248 -0.348743 -0.929981
vn 0.227921 -0.341882 -0.911685
vn 0.331295 -0.331295 -0.883452
vn 0.423999 -0.317999 -0.847998
vn 0.505076 -0.303046 -0.808122
vn 0.574696 -0.287348 -0.766261
vn 0.633750 -0.271607 -0.724286
vn 0.683486 -0.256307 -0.683486
vn -0.696311 -0.174078 -0.696311
vn -0.647150 -0.184900 -0.739600
vn -0.588348 -0.196116 -0.784465
vn -0.518476 -0.207390 -0.829561
vn -0.436436 -0.218218 -0.872872
vn -0.341882 -0.227921 -0.911685
vn -0.235702 -0.235702 -0.942809
vn -0.120386 -0.240772 -0.963087
vn 0.000000 -0.242536 -0.970143
vn 0.000000 -0.242536 -0.970143
vn 0.120386 -0.240772 -0.963087
vn 0.235702 -0.235702 -0.942809
vn 0.341882 -0.227921 -0.911685
vn 0.436436 -0.218218 -0.872872
vn 0.518476 -0.207390 -0.829561
vn 0.588348 -0.196116 -0.784465
vn 0.647150 -0.184900 -0.739600
vn 0.696311 -0.174078 -0.696311
vn -0.704361 -0.088045 -0.704361
vn -0.655610 -0.093659 -0.749269
vn -0.597022 -0.099504 -0.796030
vn -0.527046 -0.105409 -0.843274
vn -0.444444 -0.111111 -0.888889
vn -0.348743 -0.116248 -0.929981
vn -0.240772 -0.120386 -0.963087
vn -0.123091 -0.123091 -0.984732
vn 0.000000 -0.124035 -0.992278
vn 0.000000 -0.124035 -0.992278
vn 0.123091 -0.123091 -0.984732
vn 0.240772 -0.120386 -0.963087
vn 0.348743 -0.116248 -0.929981
vn 0.444444 -0.111111 -0.888889
vn 0.527046 -0.105409 -0.843274
vn 0.597022 -0.099504 -0.796030
vn 0.655610 -0.093659 -0.749269
vn 0.704361 -0.088045 -0.704361
vn -0.707107 0.000000 -0.707107
vn -0.658505 0.000000 -0.752577
vn -0.600000 0.000000 -0.800000
vn -0.529999 0.000000 -0.847998
vn -0.447214 0.000000 -0.894427
vn -0.351123 0.000000 -0.936329
vn -0.242536 0.000000 -0.970143
vn -0.124035 0.000000 -0.992278
vn 0.000000 0.000000 -1.000000
vn 0.000000 0.000000 -1.000000
vn 0.124035 0.000000 -0.992278
vn 0.242536 0.000000 -0.970143
vn 0.351123 0.000000 -0.936329
vn 0.447214 0.000000 -0.894427
vn 0.529999 0.000000 -0.847998
vn 0.600000 0.000000 -0.800000
vn 0.658505 0.000000 -0.752577
vn 0.707107 0.000000 -0.707107
vn -0.707107 0.000000 -0.707107
vn -0.658505 0.000000 -0.752577
vn -0.600000 0.000000 -0.800000
vn -0.529999 0.000000 -0.847998
vn -0.447214 0.000000 -0.894427
vn -0.351123 0.000000 -0.936329
vn -0.242536 0.000000 -0.970143
vn -0.124035 0.000000 -0.992278
vn 0.000000 0.000000 -1.000000
vn 0.000000 0.000000 -1.000000
vn 0.124035 0.000000 -0.992278
vn 0.242536 0.000000 -0.970143
vn 0.351123 0.000000 -0.936329
vn 0.447214 0.000000 -0.894427
vn 0.529999 0.000000 -0.847998
vn 0.600000 0.000000 -0.800000
vn 0.658505 0.000000 -0.752577
vn 0.707107 0.000000 -0.707107
vn -0.704361 0.088045 -0.704361
vn -0.655610 0.093659 -0.749269
vn -0.597022 0.099504 -0.796030
vn -0.527046 0.105409 -0.843274
vn -0.444444 0.111111 -0.888889
vn -0.348743 0.116248 -0.929981
vn -0.240772 0.120386 -0.963087
vn -0.123091 0.123091 -0.984732
vn 0.000000 0.124035 -0.992278
vn 0.000000 0.124035 -0.992278
vn 0.123091 0.123091 -0.984732
vn 0.240772 0.120386 -0.963087
vn 0.348743 0.116248 -0.929981
vn 0.444444 0.111111 -0.888889
vn 0.527046 0.105409 -0.843274
vn 0.597022 0.099504 -0.796030
vn 0.655610 0.093659 -0.749269
vn 0.704361 0.088045 -0.704361
vn -0.696311 0.174078 -0.696311
vn -0.647150 0.184900 -0.739600
vn -0.588348 0.196116 -0.784465
vn -0.518476 0.207390 -0.829561
vn -0.436436 0.218218 -0.872872
vn -0.341882 0.227921 -0.911685
vn -0.235702 0.235702 -0.942809
vn -0.120386 0.240772 -0.963087
vn 0.000000 0.242536 -0.970143
vn 0.000000 0.242536 -0.970143
vn 0.120386 0.240772 -0.963087
vn 0.235702 0.235702 -0.942809
vn 0.341882 0.227921 -0.911685
vn 0.436436 0.218218 -0.872872
vn 0.518476 0.207390 -0.829561
vn 0.588348 0.196116 -0.784465
vn 0.647150 0.184900 -0.739600
vn 0.696311 0.174078 -0.696311
vn -0.683486 0.256307 -0.683486
vn -0.633750 0.271607 -0.724286
vn -0.574696 0.287348 -0.766261
vn -0.505076 0.303046 -0.808122
vn -0.423999 0.317999 -0.847998
vn -0.331295 0.331295 -0.883452
vn -0.227921 0.341882 -0.911685
vn -0.116248 0.348743 -0.929981
vn 0.000000 0.351123 -0.936329
vn 0.000000 0.351123 -0.936329
vn 0.116248 0.348743 -0.929981
vn 0.227921 0.341882 -0.911685
vn 0.331295 0.331295 -0.883452
vn 0.423999 0.317999 -0.847998
vn 0.505076 0.303046 -0.808122
vn 0.574696 0.287348 -0.766261
vn 0.633750 0.271607 -0.724286
vn 0.683486 0.256307 -0.683486
vn -0.666667 0.333333 -0.666667
vn -0.616316 0.352180 -0.704361
vn -0.557086 0.371391 -0.742781
vn -0.487950 0.390360 -0.780720
vn -0.408248 0.408248 -0.816497
vn -0.317999 0.423999 -0.847998
vn -0.218218 0.436436 -0.872872
vn -0.111111 0.444444 -0.888889
vn 0.000000 0.447214 -0.894427
vn 0.000000 0.447214 -0.894427
vn 0.111111 0.444444 -0.888889
vn 0.218218 0.436436 -0.872872
vn 0.317999 0.423999 -0.847998
vn 0.408248 0.408248 -0.816497
vn 0.487950 0.390360 -0.780720
vn 0.557086 0.371391 -0.742781
vn 0.616316 0.352180 -0.704361
vn 0.666667 0.333333 -0.666667
vn -0.646762 0.404226 -0.646762
vn -0.595880 0.425628 -0.681005
vn -0.536656 0.447214 -0.715542
vn -0.468293 0.468293 -0.749269
vn -0.390360 0.487950 -0.780720
vn -0.303046 0.505076 -0.808122
vn -0.207390 0.518476 -0.829561
vn -0.105409 0.527046 -0.843274
vn 0.000000 0.529999 -0.847998
vn 0.000000 0.529999 -0.847998
vn 0.105409 0.527046 -0.843274
vn 0.207390 0.518476 -0.829561
vn 0.303046 0.505076 -0.808122
vn 0.390360 0.487950 -0.780720
vn 0.468293 0.468293 -0.749269
vn 0.536656 0.447214 -0.715542
vn 0.595880 0.425628 -0.681005
vn 0.646762 0.404226 -0.646762
vn -0.624695 0.468521 -0.624695
vn -0.573462 0.491539 -0.655386
vn -0.514496 0.514496 -0.685994
vn -0.447214 0.536656 -0.715542
vn -0.371391 0.557086 -0.742781
vn -0.287348 0.574696 -0.766261
vn -0.196116 0.588348 -0.784465
vn -0.099504 0.597022 -0.796030
vn 0.000000 0.600000 -0.800000
vn 0.000000 0.600000 -0.800000
vn 0.099504 0.597022 -0.796030
vn 0.196116 0.588348 -0.784465
vn 0.287348 0.574696 -0.766261
vn 0.371391 0.557086 -0.742781
vn 0.447214 0.536656 -0.715542
vn 0.514496 0.514496 -0.685994
vn 0.573462 0.491539 -0.655386
vn 0.624695 0.468521 -0.624695
vn -0.601317 0.526152 -0.601317
vn -0.549972 0.549972 -0.628539
vn -0.491539 0.573462 -0.655386
vn -0.425628 0.595880 -0.681005
vn -0.352180 0.616316 -0.704361
vn -0.271607 0.633750 -0.724286
vn -0.184900 0.647150 -0.739600
vn -0.093659 0.655610 -0.749269
vn 0.000000 0.658505 -0.752577
vn 0.000000 0.658505 -0.752577
vn 0.093659 0.655610 -0.749269
vn 0.184900 0.647150 -0.739600
vn 0.271607 0.633750 -0.724286
vn 0.352180 0.616316 -0.704361
vn 0.425628 0.595880 -0.681005
vn 0.491539 0.573462 -0.655386
vn 0.549972 0.549972 -0.628539
vn 0.601317 0.526152 -0.601317
vn -0.577350 0.577350 -0.577350
vn -0.526152 0.601317 -0.601317
vn -0.468521 0.624695 -0.624695
vn -0.404226 0.646762 -0.646762
vn -0.333333 0.666667 -0.666667
vn -0.256307 0.683486 -0.683486
vn -0.174078 0.696311 -0.696311
vn -0.088045 0.704361 -0.704361
vn 0.000000 0.707107 -0.707107
vn 0.000000 0.707107 -0.707107
vn 0.088045 0.704361 -0.704361
vn 0.174078 0.696311 -0.696311
vn 0.256307 0.683486 -0.683486
vn 0.333333 0.666667 -0.666667
vn 0.404226 0.646762 -0.646762
vn 0.468521 0.624695 -0.624695
vn 0.526152 0.601317 -0.601317
vn 0.577350 0.577350 -0.577350
usemtl M_Rounded_Beveled_Cube
s 1
f 1/1/1 19/19/19 2/2/2
f 2/2/2 19/19/19 20/20/20
f 2/2/2 20/20/20 3/3/3
f 3/3/3 20/20/20 21/21/21
f 3/3/3 21/21/21 4/4/4
f 4/4/4 21/21/21 22/22/22
f 4/4/4 22/22/22 5/5/5
f 5/5/5 22/22/22 23/23/23
f 5/5/5 23/23/23 6/6/6
f 6/6/6 23/23/23 24/24/24
f 6/6/6 24/24/24 7/7/7
f 7/7/7 24/24/24 25/25/25
f 7/7/7 25/25/25 8/8/8
f 8/8/8 25/25/25 26/26/26
f 8/8/8 26/26/26 9/9/9
f 9/9/9 26/26/26 27/27/27
f 9/9/9 27/27/27 10/10/10
f 10/10/10 27/27/27 28/28/28
f 10/10/10 28/28/28 11/11/11
f 11/11/11 28/28/28 29/29/29
f 11/11/11 29/29/29 12/12/12
f 12/12/12 29/29/29 30/30/30
f 12/12/12 30/30/30 13/13/13
f 13/13/13 30/30/30 31/31/31
f 13/13/13 31/31/31 14/14/14
f 14/14/14 31/31/31 32/32/32
f 14/14/14 32/32/32 15/15/15
f 15/15/15 32/32/32 33/33/33
f 15/15/15 33/33/33 16/16/16
f 16/16/16 33/33/33 34/34/34
f 16/16/16 34/34/34 17/17/17
f 17/17/17 34/34/34 35/35/35
f 17/17/17 35/35/35 18/18/18
f 18/18/18 35/35/35 36/36/36
f 19/19/19 37/37/37 20/20/20
f 20/20/20 37/37/37 38/38/38
f 20/20/20 38/38/38 21/21/21
f 21/21/21 38/38/38 39/39/39
f 21/21/21 39/39/39 22/22/22
f 22/22/22 39/39/39 40/40/40
f 22/22/22 40/40/40 23/23/23
f 23/23/23 40/40/40 41/41/41
f 23/23/23 41/41/41 24/24/24
f 24/24/24 41/41/41 42/42/42
f 24/24/24 42/42/42 25/25/25
f 25/25/25 42/42/42 43/43/43
f 25/25/25 43/43/43 26/26/26
f 26/26/26 43/43/43 44/44/44
f 26/26/26 44/44/44 27/27/27
f 27/27/27 44/44/44 45/45/45
f 27/27/27 45/45/45 28/28/28
f 28/28/28 45/45/45 46/46/46
f 28/28/28 46/46/46 29/29/29
f 29/29/29 46/46/46 47/47/47
f 29/29/29 47/47/47 30/30/30
f 30/30/30 47/47/47 48/48/48
f 30/30/30 48/48/48 31/31/31
f 31/31/31 48/48/48 49/49/49
f 31/31/31 49/49/49 32/32/32
f 32/32/32 49/49/49 50/50/50
f 32/32/32 50/50/50 33/33/33
f 33/33/33 50/50/50 51/51/51
f 33/33/33 51/51/51 34/34/34
f 34/34/34 51/51/51 52/52/52
f 34/34/34 52/52/52 35/35/35
f 35/35/35 52/52/52 53/53/53
f 35/35/35 53/53/53 36/36/36
f 36/36/36 53/53/53 54/54/54
f 37/37/37 55/55/55 38/38/38
f 38/38/38 55/55/55 56/56/56
f 38/38/38 56/56/56 39/39/39
f 39/39/39 56/56/56 57/57/57
f 39/39/39 57/57/57 40/40/40
f 40/40/40 57/57/57 58/58/58
f 40/40/40 58/58/58 41/41/41
f 41/41/41 58/58/58 59/59/59
f 41/41/41 59/59/59 42/42/42
f 42/42/42 59/59/59 60/60/60
f 42/42/42 60/60/60 43/43/43
f 43/43/43 60/60/60 61/61/61
f 43/43/43 61/61/61 44/44/44
f 44/44/44 61/61/61 62/62/62
f 44/44/44 62/62/62 45/45/45
f 45/45/45 62/62/62 63/63/63
f 45/45/45 63/63/63 46/46/46
f 46/46/46 63/63/63 64/64/64
f 46/46/46 64/64/64 47/47/47
f 47/47/47 64/64/64 65/65/65
f 47/47/47 65/65/65 48/48/48
f 48/48/48 65/65/65 66/66/66
f 48/48/48 66/66/66 49/49/49
f 49/49/49 66/66/66 67/67/67
f 49/49/49 67/67/67 50/50/50
f 50/50/50 67/67/67 68/68/68
f 50/50/50 68/68/68 51/51/51
f 51/51/51 68/68/68 69/69/69
f 51/51/51 69/69/69 52/52/52
f 52/52/52 69/69/69 70/70/70
f 52/52/52 70/70/70 53/53/53
f 53/53/53 70/70/70 71/71/71
f 53/53/53 71/71/71 54/54/54
f 54/54/54 71/71/71 72/72/72
f 55/55/55 73/73/73 56/56/56
f 56/56/56 73/73/73 74/74/74
f 56/56/56 74/74/74 57/57/57
f 57/57/57 74/74/74 75/75/75
f 57/57/57 75/75/75 58/58/58
f 58/58/58 75/75/75 76/76/76
f 58/58/58 76/76/76 59/59/59
f 59/59/59 76/76/76 77/77/77
f 59/59/59 77/77/77 60/60/60
f 60/60/60 77/77/77 78/78/78
f 60/60/60 78/78/78 61/61/61
f 61/61/61 78/78/78 79/79/79
f 61/61/61 79/79/79 62/62/62
f 62/62/62 79/79/79 80/80/80
f 62/62/62 80/80/80 63/63/63
f 63/63/63 80/80/80 81/81/81
f 63/63/63 81/81/81 64/64/64
f 64/64/64 81/81/81 82/82/82
f 64/64/64 82/82/82 65/65/65
f 65/65/65 82/82/82 83/83/83
f 65/65/65 83/83/83 66/66/66
f 66/66/66 83/83/83 84/84/84
f 66/66/66 84/84/84 67/67/67
f 67/67/67 84/84/84 85/85/85
f 67/67/67 85/85/85 68/68/68
f 68/68/68 85/85/85 86/86/86
f 68/68/68 86/86/86 69/69/69
f 69/69/69 86/86/86 87/87/87
f 69/69/69 87/87/87 70/70/70
f 70/70/70 87/87/87 88/88/88
f 70/70/70 88/88/88 71/71/71
f 71/71/71 88/88/88 89/89/89
f 71/71/71 89/89/89 72/72/72
f 72/72/72 89/89/89 90/90/90
f 73/73/73 91/91/91 74/74/74
f 74/74/74 91/91/91 92/92/92
f 74/74/74 92/92/92 75/75/75
f 75/75/75 92/92/92 93/93/93
f 75/75/75 93/93/93 76/76/76
f 76/76/76 93/93/93 94/94/94
f 76/76/76 94/94/94 77/77/77
f 77/77/77 94/94/94 95/95/95
f 77/77/77 95/95/95 78/78/78
f 78/78/78 95/95/95 96/96/96
f 78/78/78 96/96/96 79/79/79
f 79/79/79 96/96/96 97/97/97
f 79/79/79 97/97/97 80/80/80
f 80/80/80 97/97/97 98/98/98
f 80/80/80 98/98/98 81/81/81
f 81/81/81 98/98/98 99/99/99
f 81/81/81 99/99/99 82/82/82
f 82/82/82 99/99/99 100/100/100
f 82/82/82 100/100/100 83/83/83
f 83/83/83 100/100/100 101/101/101
f 83/83/83 101/101/101 84/84/84
f 84/84/84 101/101/101 102/102/102
f 84/84/84 102/102/102 85/85/85
f 85/85/85 102/102/102 103/103/103
f 85/85/85 103/103/103 86/86/86
f 86/86/86 103/103/103 104/104/104
f 86/86/86 104/104/104 87/87/87
f 87/87/87 104/104/104 105/105/105
f 87/87/87 105/105/105 88/88/88
f 88/88/88 105/105/105 106/106/106
f 88/88/88 106/106/106 89/89/89
f 89/89/89 106/106/106 107/107/107
f 89/89/89 107/107/107 90/90/90
f 90/90/90 107/107/107 108/108/108
f 91/91/91 109/109/109 92/92/92
f 92/92/92 109/109/109 110/110/110
f 92/92/92 110/110/110 93/93/93
f 93/93/93 110/110/110 111/111/111
f 93/93/93 111/111/111 94/94/94
f 94/94/94 111/111/111 112/112/112
f 94/94/94 112/112/112 95/95/95
f 95/95/95 112/112/112 113/113/113
f 95/95/95 113/113/113 96/96/96
f 96/96/96 113/113/113 114/114/114
f 96/96/96 114/114/114 97/97/97
f 97/97/97 114/114/114 115/115/115
f 97/97/97 115/115/115 98/98/98
f 98/98/98 115/115/115 116/116/116
f 98/98/98 116/116/116 99/99/99
f 99/99/99 116/116/116 117/117/117
f 99/99/99 117/117/117 100/100/100
f 100/100/100 117/117/117 118/118/118
f 100/100/100 118/118/118 101/101/101
f 101/101/101 118/118/118 119/119/119
f 101/101/101 119/119/119 102/102/102
f 102/102/102 119/119/119 120/120/120
f 102/102/102 120/120/120 103/103/103
f 103/103/103 120/120/120 121/121/121
f 103/103/103 121/121/121 104/104/104
f 104/104/104 121/121/121 122/122/122
f 104/104/104 122/122/122 105/105/105
f 105/105/105 122/122/122 123/123/123
f 105/105/105 123/123/123 106/106/106
f 106/106/106 123/123/123 124/124/124
f 106/106/106 124/124/124 107/107/107
f 107/107/107 124/124/124 125/125/125
f 107/107/107 125/125/125 108/108/108
f 108/108/108 125/125/125 126/126/126
f 109/109/109 127/127/127 110/110/110
f 110/110/110 127/127/127 128/128/128
f 110/110/110 128/128/128 111/111/111
f 111/111/111 128/128/128 129/129/129
f 111/111/111 129/129/129 112/112/112
f 112/112/112 129/129/129 130/130/130
f 112/112/112 130/130/130 113/113/113
f 113/113/113 130/130/130 131/131/131
f 113/113/113 131/131/131 114/114/114
f 114/114/114 131/131/131 132/132/132
f 114/114/114 132/132/132 115/115/115
f 115/115/115 132/132/132 133/133/133
f 115/115/115 133/133/133 116/116/116
f 116/116/116 133/133/133 134/134/134
f 116/116/116 134/134/134 117/117/117
f 117/117/117 134/134/134 135/135/135
f 117/117/117 135/135/135 118/118/118
f 118/118/118 135/135/135 136/136/136
f 118/118/118 136/136/136 119/119/119
f 119/119/119 136/136/136 137/137/137
f 119/119/119 137/137/137 120/120/120
f 120/120/120 137/137/137 138/138/138
f 120/120/120 138/138/138 121/121/121
f 121/121/121 138/138/138 139/139/139
f 121/121/121 139/139/139 122/122/122
f 122/122/122 139/139/139 140/140/140
f 122/122/122 140/140/140 123/123/123
f 123/123/123 140/140/140 141/141/141
f 123/123/123 141/141/141 124/124/124
f 124/124/124 141/141/141 142/142/142
f 124/124/124 142/142/142 125/125/125
f 125/125/125 142/142/142 143/143/143
f 125/125/125 143/143/143 126/126/126
f 126/126/126 143/143/143 144/144/144
f 127/127/127 145/145/145 128/128/128
f 128/128/128 145/145/145 146/146/146
f 128/128/128 146/146/146 129/129/129
f 129/129/129 146/146/146 147/147/147
f 129/129/129 147/147/147 130/130/130
f 130/130/130 147/147/147 148/148/148
f 130/130/130 148/148/148 131/131/131
f 131/131/131 148/148/148 149/149/149
f 131/131/131 149/149/149 132/132/132
f 132/132/132 149/149/149 150/150/150
f 132/132/132 150/150/150 133/133/133
f 133/133/133 150/150/150 151/151/151
f 133/133/133 151/151/151 134/134/134
f 134/134/134 151/151/151 152/152/152
f 134/134/134 152/152/152 135/135/135
f 135/135/135 152/152/152 153/153/153
f 135/135/135 153/153/153 136/136/136
f 136/136/136 153/153/153 154/154/154
f 136/136/136 154/154/154 137/137/137
f 137/137/137 154/154/154 155/155/155
f 137/137/137 155/155/155 138/138/138
f 138/138/138 155/155/155 156/156/156
f 138/138/138 156/156/156 139/139/139
f 139/139/139 156/156/156 157/157/157
f 139/139/139 157/157/157 140/140/140
f 140/140/140 157/157/157 158/158/158
f 140/140/140 158/158/158 141/141/141
f 141/141/141 158/158/158 159/159/159
f 141/141/141 159/159/159 142/142/142
f 142/142/142 159/159/159 160/160/160
f 142/142/142 160/160/160 143/143/143
f 143/143/143 160/160/160 161/161/161
f 143/143/143 161/161/161 144/144/144
f 144/144/144 161/161/161 162/162/162
f 145/145/145 163/163/163 146/146/146
f 146/146/146 163/163/163 164/164/164
f 146/146/146 164/164/164 147/147/147
f 147/147/147 164/164/164 165/165/165
f 147/147/147 165/165/165 148/148/148
f 148/148/148 165/165/165 166/166/166
f 148/148/148 166/166/166 149/149/149
f 149/149/149 166/166/166 167/167/167
f 149/149/149 167/167/167 150/150/150
f 150/150/150 167/167/167 168/168/168
f 150/150/150 168/168/168 151/151/151
f 151/151/151 168/168/168 169/169/169
f 151/151/151 169/169/169 152/152/152
f 152/152/152 169/169/169 170/170/170
f 152/152/152 170/170/170 153/153/153
f 153/153/153 170/170/170 171/171/171
f 153/153/153 171/171/171 154/154/154
f 154/154/154 171/171/171 172/172/172
f 154/154/154 172/172/172 155/155/155
f 155/155/155 172/172/172 173/173/173
f 155/155/155 173/173/173 156/156/156
f 156/156/156 173/173/173 174/174/174
f 156/156/156 174/174/174 157/157/157
f 157/157/157 174/174/174 175/175/175
f 157/157/157 175/175/175 158/158/158
f 158/158/158 175/175/175 176/176/176
f 158/158/158 176/176/176 159/159/159
f 159/159/159 176/176/176 177/177/177
f 159/159/159 177/177/177 160/160/160
f 160/160/160 177/177/177 178/178/178
f 160/160/160 178/178/178 161/161/161
f 161/161/161 178/178/178 179/179/179
f 161/161/161 179/179/179 162/162/162
f 162/162/162 179/179/179 180/180/180
f 163/163/163 181/181/181 164/164/164
f 164/164/164 181/181/181 182/182/182
f 164/164/164 182/182/182 165/165/165
f 165/165/165 182/182/182 183/183/183
f 165/165/165 183/183/183 166/166/166
f 166/166/166 183/183/183 184/184/184
f 166/166/166 184/184/184 167/167/167
f 167/167/167 184/184/184 185/185/185
f 167/167/167 185/185/185 168/168/168
f 168/168/168 185/185/185 186/186/186
f 168/168/168 186/186/186 169/169/169
f 169/169/169 186/186/186 187/187/187
f 169/169/169 187/187/187 170/170/170
f 170/170/170 187/187/187 188/188/188
f 170/170/170 188/188/188 171/171/171
f 171/171/171 188/188/188 189/189/189
f 171/171/171 189/189/189 172/172/172
f 172/172/172 189/189/189 190/190/190
f 172/172/172 190/190/190 173/173/173
f 173/173/173 190/190/190 191/191/191
f 173/173/173 191/191/191 174/174/174
f 174/174/174 191/191/191 192/192/192
f 174/174/174 192/192/192 175/175/175
f 175/175/175 192/192/192 193/193/193
f 175/175/175 193/193/193 176/176/176
f 176/176/176 193/193/193 194/194/194
f 176/176/176 194/194/194 177/177/177
f 177/177/177 194/194/194 195/195/195
f 177/177/177 195/195/195 178/178/178
f 178/178/178 195/195/195 196/196/196
f 178/178/178 196/196/196 179/179/179
f 179/179/179 196/196/196 197/197/197
f 179/179/179 197/197/197 180/180/180
f 180/180/180 197/197/197 198/198/198
f 181/181/181 199/199/199 182/182/182
f 182/182/182 199/199/199 200/200/200
f 182/182/182 200/200/200 183/183/183
f 183/183/183 200/200/200 201/201/201
f 183/183/183 201/201/201 184/184/184
f 184/184/184 201/201/201 202/202/202
f 184/184/184 202/202/202 185/185/185
f 185/185/185 202/202/202 203/203/203
f 185/185/185 203/203/203 186/186/186
f 186/186/186 203/203/203 204/204/204
f 186/186/186 204/204/204 187/187/187
f 187/187/187 204/204/204 205/205/205
f 187/187/187 205/205/205 188/188/188
f 188/188/188 205/205/205 206/206/206
f 188/188/188 206/206/206 189/189/189
f 189/189/189 206/206/206 207/207/207
f 189/189/189 207/207/207 190/190/190
f 190/190/190 207/207/207 208/208/208
f 190/190/190 208/208/208 191/191/191
f 191/191/191 208/208/208 209/209/209
f 191/191/191 209/209/209 192/192/192
f 192/192/192 209/209/209 210/210/210
f 192/192/192 210/210/210 193/193/193
f 193/193/193 210/210/210 211/211/211
f 193/193/193 211/211/211 194/194/194
f 194/194/194 211/211/211 212/212/212
f 194/194/194 212/212/212 195/195/195
f 195/195/195 212/212/212 213/213/213
f 195/195/195 213/213/213 196/196/196
f 196/196/196 213/213/213 214/214/214
f 196/196/196 214/214/214 197/197/197
f 197/197/197 214/214/214 215/215/215
f 197/197/197 215/215/215 198/198/198
f 198/198/198 215/215/215 216/216/216
f 199/199/199 217/217/217 200/200/200
f 200/200/200 217/217/217 218/218/218
f 200/200/200 218/218/218 201/201/201
f 201/201/201 218/218/218 219/219/219
f 201/201/201 219/219/219 202/202/202
f 202/202/202 219/219/219 220/220/220
f 202/202/202 220/220/220 203/203/203
f 203/203/203 220/220/220 221/221/221
f 203/203/203 221/221/221 204/204/204
f 204/204/204 221/221/221 222/222/222
f 204/204/204 222/222/222 205/205/205
f 205/205/205 222/222/222 223/223/223
f 205/205/205 223/223/223 206/206/206
f 206/206/206 223/223/223 224/224/224
f 206/206/206 224/224/224 207/207/207
f 207/207/207 224/224/224 225/225/225
f 207/207/207 225/225/225 208/208/208
f 208/208/208 225/225/225 226/226/226
f 208/208/208 226/226/226 209/209/209
f 209/209/209 226/226/226 227/227/227
f 209/209/209 227/227/227 210/210/210
f 210/210/210 227/227/227 228/228/228
f 210/210/210 228/228/228 211/211/211
f 211/211/211 228/228/228 229/229/229
f 211/211/211 229/229/229 212/212/212
f 212/212/212 229/229/229 230/230/230
f 212/212/212 230/230/230 213/213/213
f 213/213/213 230/230/230 231/231/231
f 213/213/213 231/231/231 214/214/214
f 214/214/214 231/231/231 232/232/232
f 214/214/214 232/232/232 215/215/215
f 215/215/215 232/232/232 233/233/233
f 215/215/215 233/233/233 216/216/216
f 216/216/216 233/233/233 234/234/234
f 217/217/217 235/235/235 218/218/218
f 218/218/218 235/235/235 236/236/236
f 218/218/218 236/236/236 219/219/219
f 219/219/219 236/236/236 237/237/237
f 219/219/219 237/237/237 220/220/220
f 220/220/220 237/237/237 238/238/238
f 220/220/220 238/238/238 221/221/221
f 221/221/221 238/238/238 239/239/239
f 221/221/221 239/239/239 222/222/222
f 222/222/222 239/239/239 240/240/240
f 222/222/222 240/240/240 223/223/223
f 223/223/223 240/240/240 241/241/241
f 223/223/223 241/241/241 224/224/224
f 224/224/224 241/241/241 242/242/242
f 224/224/224 242/242/242 225/225/225
f 225/225/225 242/242/242 243/243/243
f 225/225/225 243/243/243 226/226/226
f 226/226/226 243/243/243 244/244/244
f 226/226/226 244/244/244 227/227/227
f 227/227/227 244/244/244 245/245/245
f 227/227/227 245/245/245 228/228/228
f 228/228/228 245/245/245 246/246/246
f 228/228/228 246/246/246 229/229/229
f 229/229/229 246/246/246 247/247/247
f 229/229/229 247/247/247 230/230/230
f 230/230/230 247/247/247 248/248/248
f 230/230/230 248/248/248 231/231/231
f 231/231/231 248/248/248 249/249/249
f 231/231/231 249/249/249 232/232/232
f 232/232/232 249/249/249 250/250/250
f 232/232/232 250/250/250 233/233/233
f 233/233/233 250/250/250 251/251/251
f 233/233/233 251/251/251 234/234/234
f 234/234/234 251/251/251 252/252/252
f 235/235/235 253/253/253 236/236/236
f 236/236/236 253/253/253 254/254/254
f 236/236/236 254/254/254 237/237/237
f 237/237/237 254/254/254 255/255/255
f 237/237/237 255/255/255 238/238/238
f 238/238/238 255/255/255 256/256/256
f 238/238/238 256/256/256 239/239/239
f 239/239/239 256/256/256 257/257/257
f 239/239/239 257/257/257 240/240/240
f 240/240/240 257/257/257 258/258/258
f 240/240/240 258/258/258 241/241/241
f 241/241/241 258/258/258 259/259/259
f 241/241/241 259/259/259 242/242/242
f 242/242/242 259/259/259 260/260/260
f 242/242/242 260/260/260 243/243/243
f 243/243/243 260/260/260 261/261/261
f 243/243/243 261/261/261 244/244/244
f 244/244/244 261/261/261 262/262/262
f 244/244/244 262/262/262 245/245/245
f 245/245/245 262/262/262 263/263/263
f 245/245/245 263/263/263 246/246/246
f 246/246/246 263/263/263 264/264/264
f 246/246/246 264/264/264 247/247/247
f 247/247/247 264/264/264 265/265/265
f 247/247/247 265/265/265 248/248/248
f 248/248/248 265/265/265 266/266/266
f 248/248/248 266/266/266 249/249/249
f 249/249/249 266/266/266 267/267/267
f 249/249/249 267/267/267 250/250/250
f 250/250/250 267/267/267 268/268/268
f 250/250/250 268/268/268 251/251/251
f 251/251/251 268/268/268 269/269/269
f 251/251/251 269/269/269 252/252/252
f 252/252/252 269/269/269 270/270/270
f 253/253/253 271/271/271 254/254/254
f 254/254/254 271/271/271 272/272/272
f 254/254/254 272/272/272 255/255/255
f 255/255/255 272/272/272 273/273/273
f 255/255/255 273/273/273 256/256/256
f 256/256/256 273/273/273 274/274/274
f 256/256/256 274/274/274 257/257/257
f 257/257/257 274/274/274 275/275/275
f 257/257/257 275/275/275 258/258/258
f 258/258/258 275/275/275 276/276/276
f 258/258/258 276/276/276 259/259/259
f 259/259/259 276/276/276 277/277/277
f 259/259/259 277/277/277 260/260/260
f 260/260/260 277/277/277 278/278/278
f 260/260/260 278/278/278 261/261/261
f 261/261/261 278/278/278 279/279/279
f 261/261/261 279/279/279 262/262/262
f 262/262/262 279/279/279 280/280/280
f 262/262/262 280/280/280 263/263/263
f 263/263/263 280/280/280 281/281/281
f 263/263/263 281/281/281 264/264/264
f 264/264/264 281/281/281 282/282/282
f 264/264/264 282/282/282 265/265/265
f 265/265/265 282/282/282 283/283/283
f 265/265/265 283/283/283 266/266/266
f 266/266/266 283/283/283 284/284/284
f 266/266/266 284/284/284 267/267/267
f 267/267/267 284/284/284 285/285/285
f 267/267/267 285/285/285 268/268/268
f 268/268/268 285/285/285 286/286/286
f 268/268/268 286/286/286 269/269/269
f 269/269/269 286/286/286 287/287/287
f 269/269/269 287/287/287 270/270/270
f 270/270/270 287/287/287 288/288/288
f 271/271/271 289/289/289 272/272/272
f 272/272/272 289/289/289 290/290/290
f 272/272/272 290/290/290 273/273/273
f 273/273/273 290/290/290 291/291/291
f 273/273/273 291/291/291 274/274/274
f 274/274/274 291/291/291 292/292/292
f 274/274/274 292/292/292 275/275/275
f 275/275/275 292/292/292 293/293/293
f 275/275/275 293/293/293 276/276/276
f 276/276/276 293/293/293 294/294/294
f 276/276/276 294/294/294 277/277/277
f 277/277/277 294/294/294 295/295/295
f 277/277/277 295/295/295 278/278/278
f 278/278/278 295/295/295 296/296/296
f 278/278/278 296/296/296 279/279/279
f 279/279/279 296/296/296 297/297/297
f 279/279/279 297/297/297 280/280/280
f 280/280/280 297/297/297 298/298/298
f 280/280/280 298/298/298 281/281/281
f 281/281/281 298/298/298 299/299/299
f 281/281/281 299/299/299 282/282/282
f 282/282/282 299/299/299 300/300/300
f 282/282/282 300/300/300 283/283/283
f 283/283/283 300/300/300 301/301/301
f 283/283/283 301/301/301 284/284/284
f 284/284/284 301/301/301 302/302/302
f 284/284/284 302/302/302 285/285/285
f 285/285/285 302/302/302 303/303/303
f 285/285/285 303/303/303 286/286/286
f 286/286/286 303/303/303 304/304/304
f 286/286/286 304/304/304 287/287/287
f 287/287/287 304/304/304 305/305/305
f 287/287/287 305/305/305 288/288/288
f 288/288/288 305/305/305 306/306/306
f 289/289/289 307/307/307 290/290/290
f 290/290/290 307/307/307 308/308/308
f 290/290/290 308/308/308 291/291/291
f 291/291/291 308/308/308 309/309/309
f 291/291/291 309/309/309 292/292/292
f 292/292/292 309/309/309 310/310/310
f 292/292/292 310/310/310 293/293/293
f 293/293/293 310/310/310 311/311/311
f 293/293/293 311/311/311 294/294/294
f 294/294/294 311/311/311 312/312/312
f 294/294/294 312/312/312 295/295/295
f 295/295/295 312/312/312 313/313/313
f 295/295/295 313/313/313 296/296/296
f 296/296/296 313/313/313 314/314/314
f 296/296/296 314/314/314 297/297/297
f 297/297/297 314/314/314 315/315/315
f 297/297/297 315/315/315 298/298/298
f 298/298/298 315/315/315 316/316/316
f 298/298/298 316/316/316 299/299/299
f 299/299/299 316/316/316 317/317/317
f 299/299/299 317/317/317 300/300/300
f 300/300/300 317/317/317 318/318/318
f 300/300/300 318/318/318 301/301/301
f 301/301/301 318/318/318 319/319/319
f 301/301/301 319/319/319 302/302/302
f 302/302/302 319/319/319 320/320/320
f 302/302/302 320/320/320 303/303/303
f 303/303/303 320/320/320 321/321/321
f 303/303/303 321/321/321 304/304/304
f 304/304/304 321/321/321 322/322/322
f 304/304/304 322/322/322 305/305/305
f 305/305/305 322/322/322 323/323/323
f 305/305/305 323/323/323 306/306/306
f 306/306/306 323/323/323 324/324/324
f 325/325/325 343/343/343 326/326/326
f 326/326/326 343/343/343 344/344/344
f 326/326/326 344/344/344 327/327/327
f 327/327/327 344/344/344 345/345/345
f 327/327/327 345/345/345 328/328/328
f 328/328/328 345/345/345 346/346/346
f 328/328/328 346/346/346 329/329/329
f 329/329/329 346/346/346 347/347/347
f 329/329/329 347/347/347 330/330/330
f 330/330/330 347/347/347 348/348/348
f 330/330/330 348/348/348 331/331/331
f 331/331/331 348/348/348 349/349/349
f 331/331/331 349/349/349 332/332/332
f 332/332/332 349/349/349 350/350/350
f 332/332/332 350/350/350 333/333/333
f 333/333/333 350/350/350 351/351/351
f 333/333/333 351/351/351 334/334/334
f 334/334/334 351/351/351 352/352/352
f 334/334/334 352/352/352 335/335/335
f 335/335/335 352/352/352 353/353/353
f 335/335/335 353/353/353 336/336/336
f 336/336/336 353/353/353 354/354/354
f 336/336/336 354/354/354 337/337/337
f 337/337/337 354/354/354 355/355/355
f 337/337/337 355/355/355 338/338/338
f 338/338/338 355/355/355 356/356/356
f 338/338/338 356/356/356 339/339/339
f 339/339/339 356/356/356 357/357/357
f 339/339/339 357/357/357 340/340/340
f 340/340/340 357/357/357 358/358/358
f 340/340/340 358/358/358 341/341/341
f 341/341/341 358/358/358 359/359/359
f 341/341/341 359/359/359 342/342/342
f 342/342/342 359/359/359 360/360/360
f 343/343/343 361/361/361 344/344/344
f 344/344/344 361/361/361 362/362/362
f 344/344/344 362/362/362 345/345/345
f 345/345/345 362/362/362 363/363/363
f 345/345/345 363/363/363 346/346/346
f 346/346/346 363/363/363 364/364/364
f 346/346/346 364/364/364 347/347/347
f 347/347/347 364/364/364 365/365/365
f 347/347/347 365/365/365 348/348/348
f 348/348/348 365/365/365 366/366/366
f 348/348/348 366/366/366 349/349/349
f 349/349/349 366/366/366 367/367/367
f 349/349/349 367/367/367 350/350/350
f 350/350/350 367/367/367 368/368/368
f 350/350/350 368/368/368 351/351/351
f 351/351/351 368/368/368 369/369/369
f 351/351/351 369/369/369 352/352/352
f 352/352/352 369/369/369 370/370/370
f 352/352/352 370/370/370 353/353/353
f 353/353/353 370/370/370 371/371/371
f 353/353/353 371/371/371 354/354/354
f 354/354/354 371/371/371 372/372/372
f 354/354/354 372/372/372 355/355/355
f 355/355/355 372/372/372 373/373/373
f 355/355/355 373/373/373 356/356/356
f 356/356/356 373/373/373 374/374/374
f 356/356/356 374/374/374 357/357/357
f 357/357/357 374/374/374 375/375/375
f 357/357/357 375/375/375 358/358/358
f 358/358/358 375/375/375 376/376/376
f 358/358/358 376/376/376 359/359/359
f 359/359/359 376/376/376 377/377/377
f 359/359/359 377/377/377 360/360/360
f 360/360/360 377/377/377 378/378/378
f 361/361/361 379/379/379 362/362/362
f 362/362/362 379/379/379 380/380/380
f 362/362/362 380/380/380 363/363/363
f 363/363/363 380/380/380 381/381/381
f 363/363/363 381/381/381 364/364/364
f 364/364/364 381/381/381 382/382/382
f 364/364/364 382/382/382 365/365/365
f 365/365/365 382/382/382 383/383/383
f 365/365/365 383/383/383 366/366/366
f 366/366/366 383/383/383 384/384/384
f 366/366/366 384/384/384 367/367/367
f 367/367/367 384/384/384 385/385/385
f 367/367/367 385/385/385 368/368/368
f 368/368/368 385/385/385 386/386/386
f 368/368/368 386/386/386 369/369/369
f 369/369/369 386/386/386 387/387/387
f 369/369/369 387/387/387 370/370/370
f 370/370/370 387/387/387 388/388/388
f 370/370/370 388/388/388 371/371/371
f 371/371/371 388/388/388 389/389/389
f 371/371/371 389/389/389 372/372/372
f 372/372/372 389/389/389 390/390/390
f 372/372/372 390/390/390 373/373/373
f 373/373/373 390/390/390 391/391/391
f 373/373/373 391/391/391 374/374/374
f 374/374/374 391/391/391 392/392/392
f 374/374/374 392/392/392 375/375/375
f 375/375/375 392/392/392 393/393/393
f 375/375/375 393/393/393 376/376/376
f 376/376/376 393/393/393 394/394/394
f 376/376/376 394/394/394 377/377/377
f 377/377/377 394/394/394 395/395/395
f 377/377/377 395/395/395 378/378/378
f 378/378/378 395/395/395 396/396/396
f 379/379/379 397/397/397 380/380/380
f 380/380/380 397/397/397 398/398/398
f 380/380/380 398/398/398 381/381/381
f 381/381/381 398/398/398 399/399/399
f 381/381/381 399/399/399 382/382/382
f 382/382/382 399/399/399 400/400/400
f 382/382/382 400/400/400 383/383/383
f 383/383/383 400/400/400 401/401/401
f 383/383/383 401/401/401 384/384/384
f 384/384/384 401/401/401 402/402/402
f 384/384/384 402/402/402 385/385/385
f 385/385/385 402/402/402 403/403/403
f 385/385/385 403/403/403 386/386/386
f 386/386/386 403/403/403 404/404/404
f 386/386/386 404/404/404 387/387/387
f 387/387/387 404/404/404 405/405/405
f 387/387/387 405/405/405 388/388/388
f 388/388/388 405/405/405 406/406/406
f 388/388/388 406/406/406 389/389/389
f 389/389/389 406/406/406 407/407/407
f 389/389/389 407/407/407 390/390/390
f 390/390/390 407/407/407 408/408/408
f 390/390/390 408/408/408 391/391/391
f 391/391/391 408/408/408 409/409/409
f 391/391/391 409/409/409 392/392/392
f 392/392/392 409/409/409 410/410/410
f 392/392/392 410/410/410 393/393/393
f 393/393/393 410/410/410 411/411/411
f 393/393/393 411/411/411 394/394/394
f 394/394/394 411/411/411 412/412/412
f 394/394/394 412/412/412 395/395/395
f 395/395/395 412/412/412 413/413/413
f 395/395/395 413/413/413 396/396/396
f 396/396/396 413/413/413 414/414/414
f 397/397/397 415/415/415 398/398/398
f 398/398/398 415/415/415 416/416/416
f 398/398/398 416/416/416 399/399/399
f 399/399/399 416/416/416 417/417/417
f 399/399/399 417/417/417 400/400/400
f 400/400/400 417/417/417 418/418/418
f 400/400/400 418/418/418 401/401/401
f 401/401/401 418/418/418 419/419/419
f 401/401/401 419/419/419 402/402/402
f 402/402/402 419/419/419 420/420/420
f 402/402/402 420/420/420 403/403/403
f 403/403/403 420/420/420 421/421/421
f 403/403/403 421/421/421 404/404/404
f 404/404/404 421/421/421 422/422/422
f 404/404/404 422/422/422 405/405/405
f 405/405/405 422/422/422 423/423/423
f 405/405/405 423/423/423 406/406/406
f 406/406/406 423/423/423 424/424/424
f 406/406/406 424/424/424 407/407/407
f 407/407/407 424/424/424 425/425/425
f 407/407/407 425/425/425 408/408/408
f 408/408/408 425/425/425 426/426/426
f 408/408/408 426/426/426 409/409/409
f 409/409/409 426/426/426 427/427/427
f 409/409/409 427/427/427 410/410/410
f 410/410/410 427/427/427 428/428/428
f 410/410/410 428/428/428 411/411/411
f 411/411/411 428/428/428 429/429/429
f 411/411/411 429/429/429 412/412/412
f 412/412/412 429/429/429 430/430/430
f 412/412/412 430/430/430 413/413/413
f 413/413/413 430/430/430 431/431/431
f 413/413/413 431/431/431 414/414/414
f 414/414/414 431/431/431 432/432/432
f 415/415/415 433/433/433 416/416/416
f 416/416/416 433/433/433 434/434/434
f 416/416/416 434/434/434 417/417/417
f 417/417/417 434/434/434 435/435/435
f 417/417/417 435/435/435 418/418/418
f 418/418/418 435/435/435 436/436/436
f 418/418/418 436/436/436 419/419/419
f 419/419/419 436/436/436 437/437/437
f 419/419/419 437/437/437 420/420/420
f 420/420/420 437/437/437 438/438/438
f 420/420/420 438/438/438 421/421/421
f 421/421/421 438/438/438 439/439/439
f 421/421/421 439/439/439 422/422/422
f 422/422/422 439/439/439 440/440/440
f 422/422/422 440/440/440 423/423/423
f 423/423/423 440/440/440 441/441/441
f 423/423/423 441/441/441 424/424/424
f 424/424/424 441/441/441 442/442/442
f 424/424/424 442/442/442 425/425/425
f 425/425/425 442/442/442 443/443/443
f 425/425/425 443/443/443 426/426/426
f 426/426/426 443/443/443 444/444/444
f 426/426/426 444/444/444 427/427/427
f 427/427/427 444/444/444 445/445/445
f 427/427/427 445/445/445 428/428/428
f 428/428/428 445/445/445 446/446/446
f 428/428/428 446/446/446 429/429/429
f 429/429/429 446/446/446 447/447/447
f 429/429/429 447/447/447 430/430/430
f 430/430/430 447/447/447 448/448/448
f 430/430/430 448/448/448 431/431/431
f 431/431/431 448/448/448 449/449/449
f 431/431/431 449/449/449 432/432/432
f 432/432/432 449/449/449 450/450/450
f 433/433/433 451/451/451 434/434/434
f 434/434/434 451/451/451 452/452/452
f 434/434/434 452/452/452 435/435/435
f 435/435/435 452/452/452 453/453/453
f 435/435/435 453/453/453 436/436/436
f 436/436/436 453/453/453 454/454/454
f 436/436/436 454/454/454 437/437/437
f 437/437/437 454/454/454 455/455/455
f 437/437/437 455/455/455 438/438/438
f 438/438/438 455/455/455 456/456/456
f 438/438/438 456/456/456 439/439/439
f 439/439/439 456/456/456 457/457/457
f 439/439/439 457/457/457 440/440/440
f 440/440/440 457/457/457 458/458/458
f 440/440/440 458/458/458 441/441/441
f 441/441/441 458/458/458 459/459/459
f 441/441/441 459/459/459 442/442/442
f 442/442/442 459/459/459 460/460/460
f 442/442/442 460/460/460 443/443/443
f 443/443/443 460/460/460 461/461/461
f 443/443/443 461/461/461 444/444/444
f 444/444/444 461/461/461 462/462/462
f 444/444/444 462/462/462 445/445/445
f 445/445/445 462/462/462 463/463/463
f 445/445/445 463/463/463 446/446/446
f 446/446/446 463/463/463 464/464/464
f 446/446/446 464/464/464 447/447/447
f 447/447/447 464/464/464 465/465/465
f 447/447/447 465/465/465 448/448/448
f 448/448/448 465/465/465 466/466/466
f 448/448/448 466/466/466 449/449/449
f 449/449/449 466/466/466 467/467/467
f 449/449/449 467/467/467 450/450/450
f 450/450/450 467/467/467 468/468/468
f 451/451/451 469/469/469 452/452/452
f 452/452/452 469/469/469 470/470/470
f 452/452/452 470/470/470 453/453/453
f 453/453/453 470/470/470 471/471/471
f 453/453/453 471/471/471 454/454/454
f 454/454/454 471/471/471 472/472/472
f 454/454/454 472/472/472 455/455/455
f 455/455/455 472/472/472 473/473/473
f 455/455/455 473/473/473 456/456/456
f 456/456/456 473/473/473 474/474/474
f 456/456/456 474/474/474 457/457/457
f 457/457/457 474/474/474 475/475/475
f 457/457/457 475/475/475 458/458/458
f 458/458/458 475/475/475 476/476/476
f 458/458/458 476/476/476 459/459/459
f 459/459/459 476/476/476 477/477/477
f 459/459/459 477/477/477 460/460/460
f 460/460/460 477/477/477 478/478/478
f 460/460/460 478/478/478 461/461/461
f 461/461/461 478/478/478 479/479/479
f 461/461/461 479/479/479 462/462/462
f 462/462/462 479/479/479 480/480/480
f 462/462/462 480/480/480 463/463/463
f 463/463/463 480/480/480 481/481/481
f 463/463/463 481/481/481 464/464/464
f 464/464/464 481/481/481 482/482/482
f 464/464/464 482/482/482 465/465/465
f 465/465/465 482/482/482 483/483/483
f 465/465/465 483/483/483 466/466/466
f 466/466/466 483/483/483 484/484/484
f 466/466/466 484/484/484 467/467/467
f 467/467/467 484/484/484 485/485/485
f 467/467/467 485/485/485 468/468/468
f 468/468/468 485/485/485 486/486/486
f 469/469/469 487/487/487 470/470/470
f 470/470/470 487/487/487 488/488/488
f 470/470/470 488/488/488 471/471/471
f 471/471/471 488/488/488 489/489/489
f 471/471/471 489/489/489 472/472/472
f 472/472/472 489/489/489 490/490/490
f 472/472/472 490/490/490 473/473/473
f 473/473/473 490/490/490 491/491/491
f 473/473/473 491/491/491 474/474/474
f 474/474/474 491/491/491 492/492/492
f 474/474/474 492/492/492 475/475/475
f 475/475/475 492/492/492 493/493/493
f 475/475/475 493/493/493 476/476/476
f 476/476/476 493/493/493 494/494/494
f 476/476/476 494/494/494 477/477/477
f 477/477/477 494/494/494 495/495/495
f 477/477/477 495/495/495 478/478/478
f 478/478/478 495/495/495 496/496/496
f 478/478/478 496/496/496 479/479/479
f 479/479/479 496/496/496 497/497/497
f 479/479/479 497/497/497 480/480/480
f 480/480/480 497/497/497 498/498/498
f 480/480/480 498/498/498 481/481/481
f 481/481/481 498/498/498 499/499/499
f 481/481/481 499/499/499 482/482/482
f 482/482/482 499/499/499 500/500/500
f 482/482/482 500/500/500 483/483/483
f 483/483/483 500/500/500 501/501/501
f 483/483/483 501/501/501 484/484/484
f 484/484/484 501/501/501 502/502/502
f 484/484/484 502/502/502 485/485/485
f 485/485/485 502/502/502 503/503/503
f 485/485/485 503/503/503 486/486/486
f 486/486/486 503/503/503 504/504/504
f 487/487/487 505/505/505 488/488/488
f 488/488/488 505/505/505 506/506/506
f 488/488/488 506/506/506 489/489/489
f 489/489/489 506/506/506 507/507/507
f 489/489/489 507/507/507 490/490/490
f 490/490/490 507/507/507 508/508/508
f 490/490/490 508/508/508 491/491/491
f 491/491/491 508/508/508 509/509/509
f 491/491/491 509/509/509 492/492/492
f 492/492/492 509/509/509 510/510/510
f 492/492/492 510/510/510 493/493/493
f 493/493/493 510/510/510 511/511/511
f 493/493/493 511/511/511 494/494/494
f 494/494/494 511/511/511 512/512/512
f 494/494/494 512/512/512 495/495/495
f 495/495/495 512/512/512 513/513/513
f 495/495/495 513/513/513 496/496/496
f 496/496/496 513/513/513 514/514/514
f 496/496/496 514/514/514 497/497/497
f 497/497/497 514/514/514 515/515/515
f 497/497/497 515/515/515 498/498/498
f 498/498/498 515/515/515 516/516/516
f 498/498/498 516/516/516 499/499/499
f 499/499/499 516/516/516 517/517/517
f 499/499/499 517/517/517 500/500/500
f 500/500/500 517/517/517 518/518/518
f 500/500/500 518/518/518 501/501/501
f 501/501/501 518/518/518 519/519/519
f 501/501/501 519/519/519 502/502/502
f 502/502/502 519/519/519 520/520/520
f 502/502/502 520/520/520 503/503/503
f 503/503/503 520/520/520 521/521/521
f 503/503/503 521/521/521 504/504/504
f 504/504/504 521/521/521 522/522/522
f 505/505/505 523/523/523 506/506/506
f 506/506/506 523/523/523 524/524/524
f 506/506/506 524/524/524 507/507/507
f 507/507/507 524/524/524 525/525/525
f 507/507/507 525/525/525 508/508/508
f 508/508/508 525/525/525 526/526/526
f 508/508/508 526/526/526 509/509/509
f 509/509/509 526/526/526 527/527/527
f 509/509/509 527/527/527 510/510/510
f 510/510/510 527/527/527 528/528/528
f 510/510/510 528/528/528 511/511/511
f 511/511/511 528/528/528 529/529/529
f 511/511/511 529/529/529 512/512/512
f 512/512/512 529/529/529 530/530/530
f 512/512/512 530/530/530 513/513/513
f 513/513/513 530/530/530 531/531/531
f 513/513/513 531/531/531 514/514/514
f 514/514/514 531/531/531 532/532/532
f 514/514/514 532/532/532 515/515/515
f 515/515/515 532/532/532 533/533/533
f 515/515/515 533/533/533 516/516/516
f 516/516/516 533/533/533 534/534/534
f 516/516/516 534/534/534 517/517/517
f 517/517/517 534/534/534 535/535/535
f 517/517/517 535/535/535 518/518/518
f 518/518/518 535/535/535 536/536/536
f 518/518/518 536/536/536 519/519/519
f 519/519/519 536/536/536 537/537/537
f 519/519/519 537/537/537 520/520/520
f 520/520/520 537/537/537 538/538/538
f 520/520/520 538/538/538 521/521/521
f 521/521/521 538/538/538 539/539/539
f 521/521/521 539/539/539 522/522/522
f 522/522/522 539/539/539 540/540/540
f 523/523/523 541/541/541 524/524/524
f 524/524/524 541/541/541 542/542/542
f 524/524/524 542/542/542 525/525/525
f 525/525/525 542/542/542 543/543/543
f 525/525/525 543/543/543 526/526/526
f 526/526/526 543/543/543 544/544/544
f 526/526/526 544/544/544 527/527/527
f 527/527/527 544/544/544 545/545/545
f 527/527/527 545/545/545 528/528/528
f 528/528/528 545/545/545 546/546/546
f 528/528/528 546/546/546 529/529/529
f 529/529/529 546/546/546 547/547/547
f 529/529/529 547/547/547 530/530/530
f 530/530/530 547/547/547 548/548/548
f 530/530/530 548/548/548 531/531/531
f 531/531/531 548/548/548 549/549/549
f 531/531/531 549/549/549 532/532/532
f 532/532/532 549/549/549 550/550/550
f 532/532/532 550/550/550 533/533/533
f 533/533/533 550/550/550 551/551/551
f 533/533/533 551/551/551 534/534/534
f 534/534/534 551/551/551 552/552/552
f 534/534/534 552/552/552 535/535/535
f 535/535/535 552/552/552 553/553/553
f 535/535/535 553/553/553 536/536/536
f 536/536/536 553/553/553 554/554/554
f 536/536/536 554/554/554 537/537/537
f 537/537/537 554/554/554 555/555/555
f 537/537/537 555/555/555 538/538/538
f 538/538/538 555/555/555 556/556/556
f 538/538/538 556/556/556 539/539/539
f 539/539/539 556/556/556 557/557/557
f 539/539/539 557/557/557 540/540/540
f 540/540/540 557/557/557 558/558/558
f 541/541/541 559/559/559 542/542/542
f 542/542/542 559/559/559 560/560/560
f 542/542/542 560/560/560 543/543/543
f 543/543/543 560/560/560 561/561/561
f 543/543/543 561/561/561 544/544/544
f 544/544/544 561/561/561 562/562/562
f 544/544/544 562/562/562 545/545/545
f 545/545/545 562/562/562 563/563/563
f 545/545/545 563/563/563 546/546/546
f 546/546/546 563/563/563 564/564/564
f 546/546/546 564/564/564 547/547/547
f 547/547/547 564/564/564 565/565/565
f 547/547/547 565/565/565 548/548/548
f 548/548/548 565/565/565 566/566/566
f 548/548/548 566/566/566 549/549/549
f 549/549/549 566/566/566 567/567/567
f 549/549/549 567/567/567 550/550/550
f 550/550/550 567/567/567 568/568/568
f 550/550/550 568/568/568 551/551/551
f 551/551/551 568/568/568 569/569/569
f 551/551/551 569/569/569 552/552/552
f 552/552/552 569/569/569 570/570/570
f 552/552/552 570/570/570 553/553/553
f 553/553/553 570/570/570 571/571/571
f 553/553/553 571/571/571 554/554/554
f 554/554/554 571/571/571 572/572/572
f 554/554/554 572/572/572 555/555/555
f 555/555/555 572/572/572 573/573/573
f 555/555/555 573/573/573 556/556/556
f 556/556/556 573/573/573 574/574/574
f 556/556/556 574/574/574 557/557/557
f 557/557/557 574/574/574 575/575/575
f 557/557/557 575/575/575 558/558/558
f 558/558/558 575/575/575 576/576/576
f 559/559/559 577/577/577 560/560/560
f 560/560/560 577/577/577 578/578/578
f 560/560/560 578/578/578 561/561/561
f 561/561/561 578/578/578 579/579/579
f 561/561/561 579/579/579 562/562/562
f 562/562/562 579/579/579 580/580/580
f 562/562/562 580/580/580 563/563/563
f 563/563/563 580/580/580 581/581/581
f 563/563/563 581/581/581 564/564/564
f 564/564/564 581/581/581 582/582/582
f 564/564/564 582/582/582 565/565/565
f 565/565/565 582/582/582 583/583/583
f 565/565/565 583/583/583 566/566/566
f 566/566/566 583/583/583 584/584/584
f 566/566/566 584/584/584 567/567/567
f 567/567/567 584/584/584 585/585/585
f 567/567/567 585/585/585 568/568/568
f 568/568/568 585/585/585 586/586/586
f 568/568/568 586/586/586 569/569/569
f 569/569/569 586/586/586 587/587/587
f 569/569/569 587/587/587 570/570/570
f 570/570/570 587/587/587 588/588/588
f 570/570/570 588/588/588 571/571/571
f 571/571/571 588/588/588 589/589/589
f 571/571/571 589/589/589 572/572/572
f 572/572/572 589/589/589 590/590/590
f 572/572/572 590/590/590 573/573/573
f 573/573/573 590/590/590 591/591/591
f 573/573/573 591/591/591 574/574/574
f 574/574/574 591/591/591 592/592/592
f 574/574/574 592/592/592 575/575/575
f 575/575/575 592/592/592 593/593/593
f 575/575/575 593/593/593 576/576/576
f 576/576/576 593/593/593 594/594/594
f 577/577/577 595/595/595 578/578/578
f 578/578/578 595/595/595 596/596/596
f 578/578/578 596/596/596 579/579/579
f 579/579/579 596/596/596 597/597/597
f 579/579/579 597/597/597 580/580/580
f 580/580/580 597/597/597 598/598/598
f 580/580/580 598/598/598 581/581/581
f 581/581/581 598/598/598 599/599/599
f 581/581/581 599/599/599 582/582/582
f 582/582/582 599/599/599 600/600/600
f 582/582/582 600/600/600 583/583/583
f 583/583/583 600/600/600 601/601/601
f 583/583/583 601/601/601 584/584/584
f 584/584/584 601/601/601 602/602/602
f 584/584/584 602/602/602 585/585/585
f 585/585/585 602/602/602 603/603/603
f 585/585/585 603/603/603 586/586/586
f 586/586/586 603/603/603 604/604/604
f 586/586/586 604/604/604 587/587/587
f 587/587/587 604/604/604 605/605/605
f 587/587/587 605/605/605 588/588/588
f 588/588/588 605/605/605 606/606/606
f 588/588/588 606/606/606 589/589/589
f 589/589/589 606/606/606 607/607/607
f 589/589/589 607/607/607 590/590/590
f 590/590/590 607/607/607 608/608/608
f 590/590/590 608/608/608 591/591/591
f 591/591/591 608/608/608 609/609/609
f 591/591/591 609/609/609 592/592/592
f 592/592/592 609/609/609 610/610/610
f 592/592/592 610/610/610 593/593/593
f 593/593/593 610/610/610 611/611/611
f 593/593/593 611/611/611 594/594/594
f 594/594/594 611/611/611 612/612/612
f 595/595/595 613/613/613 596/596/596
f 596/596/596 613/613/613 614/614/614
f 596/596/596 614/614/614 597/597/597
f 597/597/597 614/614/614 615/615/615
f 597/597/597 615/615/615 598/598/598
f 598/598/598 615/615/615 616/616/616
f 598/598/598 616/616/616 599/599/599
f 599/599/599 616/616/616 617/617/617
f 599/599/599 617/617/617 600/600/600
f 600/600/600 617/617/617 618/618/618
f 600/600/600 618/618/618 601/601/601
f 601/601/601 618/618/618 619/619/619
f 601/601/601 619/619/619 602/602/602
f 602/602/602 619/619/619 620/620/620
f 602/602/602 620/620/620 603/603/603
f 603/603/603 620/620/620 621/621/621
f 603/603/603 621/621/621 604/604/604
f 604/604/604 621/621/621 622/622/622
f 604/604/604 622/622/622 605/605/605
f 605/605/605 622/622/622 623/623/623
f 605/605/605 623/623/623 606/606/606
f 606/606/606 623/623/623 624/624/624
f 606/606/606 624/624/624 607/607/607
f 607/607/607 624/624/624 625/625/625
f 607/607/607 625/625/625 608/608/608
f 608/608/608 625/625/625 626/626/626
f 608/608/608 626/626/626 609/609/609
f 609/609/609 626/626/626 627/627/627
f 609/609/609 627/627/627 610/610/610
f 610/610/610 627/627/627 628/628/628
f 610/610/610 628/628/628 611/611/611
f 611/611/611 628/628/628 629/629/629
f 611/611/611 629/629/629 612/612/612
f 612/612/612 629/629/629 630/630/630
f 613/613/613 631/631/631 614/614/614
f 614/614/614 631/631/631 632/632/632
f 614/614/614 632/632/632 615/615/615
f 615/615/615 632/632/632 633/633/633
f 615/615/615 633/633/633 616/616/616
f 616/616/616 633/633/633 634/634/634
f 616/616/616 634/634/634 617/617/617
f 617/617/617 634/634/634 635/635/635
f 617/617/617 635/635/635 618/618/618
f 618/618/618 635/635/635 636/636/636
f 618/618/618 636/636/636 619/619/619
f 619/619/619 636/636/636 637/637/637
f 619/619/619 637/637/637 620/620/620
f 620/620/620 637/637/637 638/638/638
f 620/620/620 638/638/638 621/621/621
f 621/621/621 638/638/638 639/639/639
f 621/621/621 639/639/639 622/622/622
f 622/622/622 639/639/639 640/640/640
f 622/622/622 640/640/640 623/623/623
f 623/623/623 640/640/640 641/641/641
f 623/623/623 641/641/641 624/624/624
f 624/624/624 641/641/641 642/642/642
f 624/624/624 642/642/642 625/625/625
f 625/625/625 642/642/642 643/643/643
f 625/625/625 643/643/643 626/626/626
f 626/626/626 643/643/643 644/644/644
f 626/626/626 644/644/644 627/627/627
f 627/627/627 644/644/644 645/645/645
f 627/627/627 645/645/645 628/628/628
f 628/628/628 645/645/645 646/646/646
f 628/628/628 646/646/646 629/629/629
f 629/629/629 646/646/646 647/647/647
f 629/629/629 647/647/647 630/630/630
f 630/630/630 647/647/647 648/648/648
f 649/649/649 650/650/650 667/667/667
f 650/650/650 668/668/668 667/667/667
f 650/650/650 651/651/651 668/668/668
f 651/651/651 669/669/669 668/668/668
f 651/651/651 652/652/652 669/669/669
f 652/652/652 670/670/670 669/669/669
f 652/652/652 653/653/653 670/670/670
f 653/653/653 671/671/671 670/670/670
f 653/653/653 654/654/654 671/671/671
f 654/654/654 672/672/672 671/671/671
f 654/654/654 655/655/655 672/672/672
f 655/655/655 673/673/673 672/672/672
f 655/655/655 656/656/656 673/673/673
f 656/656/656 674/674/674 673/673/673
f 656/656/656 657/657/657 674/674/674
f 657/657/657 675/675/675 674/674/674
f 657/657/657 658/658/658 675/675/675
f 658/658/658 676/676/676 675/675/675
f 658/658/658 659/659/659 676/676/676
f 659/659/659 677/677/677 676/676/676
f 659/659/659 660/660/660 677/677/677
f 660/660/660 678/678/678 677/677/677
f 660/660/660 661/661/661 678/678/678
f 661/661/661 679/679/679 678/678/678
f 661/661/661 662/662/662 679/679/679
f 662/662/662 680/680/680 679/679/679
f 662/662/662 663/663/663 680/680/680
f 663/663/663 681/681/681 680/680/680
f 663/663/663 664/664/664 681/681/681
f 664/664/664 682/682/682 681/681/681
f 664/664/664 665/665/665 682/682/682
f 665/665/665 683/683/683 682/682/682
f 665/665/665 666/666/666 683/683/683
f 666/666/666 684/684/684 683/683/683
f 667/667/667 668/668/668 685/685/685
f 668/668/668 686/686/686 685/685/685
f 668/668/668 669/669/669 686/686/686
f 669/669/669 687/687/687 686/686/686
f 669/669/669 670/670/670 687/687/687
f 670/670/670 688/688/688 687/687/687
f 670/670/670 671/671/671 688/688/688
f 671/671/671 689/689/689 688/688/688
f 671/671/671 672/672/672 689/689/689
f 672/672/672 690/690/690 689/689/689
f 672/672/672 673/673/673 690/690/690
f 673/673/673 691/691/691 690/690/690
f 673/673/673 674/674/674 691/691/691
f 674/674/674 692/692/692 691/691/691
f 674/674/674 675/675/675 692/692/692
f 675/675/675 693/693/693 692/692/692
f 675/675/675 676/676/676 693/693/693
f 676/676/676 694/694/694 693/693/693
f 676/676/676 677/677/677 694/694/694
f 677/677/677 695/695/695 694/694/694
f 677/677/677 678/678/678 695/695/695
f 678/678/678 696/696/696 695/695/695
f 678/678/678 679/679/679 696/696/696
f 679/679/679 697/697/697 696/696/696
f 679/679/679 680/680/680 697/697/697
f 680/680/680 698/698/698 697/697/697
f 680/680/680 681/681/681 698/698/698
f 681/681/681 699/699/699 698/698/698
f 681/681/681 682/682/682 699/699/699
f 682/682/682 700/700/700 699/699/699
f 682/682/682 683/683/683 700/700/700
f 683/683/683 701/701/701 700/700/700
f 683/683/683 684/684/684 701/701/701
f 684/684/684 702/702/702 701/701/701
f 685/685/685 686/686/686 703/703/703
f 686/686/686 704/704/704 703/703/703
f 686/686/686 687/687/687 704/704/704
f 687/687/687 705/705/705 704/704/704
f 687/687/687 688/688/688 705/705/705
f 688/688/688 706/706/706 705/705/705
f 688/688/688 689/689/689 706/706/706
f 689/689/689 707/707/707 706/706/706
f 689/689/689 690/690/690 707/707/707
f 690/690/690 708/708/708 707/707/707
f 690/690/690 691/691/691 708/708/708
f 691/691/691 709/709/709 708/708/708
f 691/691/691 692/692/692 709/709/709
f 692/692/692 710/710/710 709/709/709
f 692/692/692 693/693/693 710/710/710
f 693/693/693 711/711/711 710/710/710
f 693/693/693 694/694/694 711/711/711
f 694/694/694 712/712/712 711/711/711
f 694/694/694 695/695/695 712/712/712
f 695/695/695 713/713/713 712/712/712
f 695/695/695 696/696/696 713/713/713
f 696/696/696 714/714/714 713/713/713
f 696/696/696 697/697/697 714/714/714
f 697/697/697 715/715/715 714/714/714
f 697/697/697 698/698/698 715/715/715
f 698/698/698 716/716/716 715/715/715
f 698/698/698 699/699/699 716/716/716
f 699/699/699 717/717/717 716/716/716
f 699/699/699 700/700/700 717/717/717
f 700/700/700 718/718/718 717/717/717
f 700/700/700 701/701/701 718/718/718
f 701/701/701 719/719/719 718/718/718
f 701/701/701 702/702/702 719/719/719
f 702/702/702 720/720/720 719/719/719
f 703/703/703 704/704/704 721/721/721
f 704/704/704 722/722/722 721/721/721
f 704/704/704 705/705/705 722/722/722
f 705/705/705 723/723/723 722/722/722
f 705/705/705 706/706/706 723/723/723
f 706/706/706 724/724/724 723/723/723
f 706/706/706 707/707/707 724/724/724
f 707/707/707 725/725/725 724/724/724
f 707/707/707 708/708/708 725/725/725
f 708/708/708 726/726/726 725/725/725
f 708/708/708 709/709/709 726/726/726
f 709/709/709 727/727/727 726/726/726
f 709/709/709 710/710/710 727/727/727
f 710/710/710 728/728/728 727/727/727
f 710/710/710 711/711/711 728/728/728
f 711/711/711 729/729/729 728/728/728
f 711/711/711 712/712/712 729/729/729
f 712/712/712 730/730/730 729/729/729
f 712/712/712 713/713/713 730/730/730
f 713/713/713 731/731/731 730/730/730
f 713/713/713 714/714/714 731/731/731
f 714/714/714 732/732/732 731/731/731
f 714/714/714 715/715/715 732/732/732
f 715/715/715 733/733/733 732/732/732
f 715/715/715 716/716/716 733/733/733
f 716/716/716 734/734/734 733/733/733
f 716/716/716 717/717/717 734/734/734
f 717/717/717 735/735/735 734/734/734
f 717/717/717 718/718/718 735/735/735
f 718/718/718 736/736/736 735/735/735
f 718/718/718 719/719/719 736/736/736
f 719/719/719 737/737/737 736/736/736
f 719/719/719 720/720/720 737/737/737
f 720/720/720 738/738/738 737/737/737
f 721/721/721 722/722/722 739/739/739
f 722/722/722 740/740/740 739/739/739
f 722/722/722 723/723/723 740/740/740
f 723/723/723 741/741/741 740/740/740
f 723/723/723 724/724/724 741/741/741
f 724/724/724 742/742/742 741/741/741
f 724/724/724 725/725/725 742/742/742
f 725/725/725 743/743/743 742/742/742
f 725/725/725 726/726/726 743/743/743
f 726/726/726 744/744/744 743/743/743
f 726/726/726 727/727/727 744/744/744
f 727/727/727 745/745/745 744/744/744
f 727/727/727 728/728/728 745/745/745
f 728/728/728 746/746/746 745/745/745
f 728/728/728 729/729/729 746/746/746
f 729/729/729 747/747/747 746/746/746
f 729/729/729 730/730/730 747/747/747
f 730/730/730 748/748/748 747/747/747
f 730/730/730 731/731/731 748/748/748
f 731/731/731 749/749/749 748/748/748
f 731/731/731 732/732/732 749/749/749
f 732/732/732 750/750/750 749/749/749
f 732/732/732 733/733/733 750/750/750
f 733/733/733 751/751/751 750/750/750
f 733/733/733 734/734/734 751/751/751
f 734/734/734 752/752/752 751/751/751
f 734/734/734 735/735/735 752/752/752
f 735/735/735 753/753/753 752/752/752
f 735/735/735 736/736/736 753/753/753
f 736/736/736 754/754/754 753/753/753
f 736/736/736 737/737/737 754/754/754
f 737/737/737 755/755/755 754/754/754
f 737/737/737 738/738/738 755/755/755
f 738/738/738 756/756/756 755/755/755
f 739/739/739 740/740/740 757/757/757
f 740/740/740 758/758/758 757/757/757
f 740/740/740 741/741/741 758/758/758
f 741/741/741 759/759/759 758/758/758
f 741/741/741 742/742/742 759/759/759
f 742/742/742 760/760/760 759/759/759
f 742/742/742 743/743/743 760/760/760
f 743/743/743 761/761/761 760/760/760
f 743/743/743 744/744/744 761/761/761
f 744/744/744 762/762/762 761/761/761
f 744/744/744 745/745/745 762/762/762
f 745/745/745 763/763/763 762/762/762
f 745/745/745 746/746/746 763/763/763
f 746/746/746 764/764/764 763/763/763
f 746/746/746 747/747/747 764/764/764
f 747/747/747 765/765/765 764/764/764
f 747/747/747 748/748/748 765/765/765
f 748/748/748 766/766/766 765/765/765
f 748/748/748 749/749/749 766/766/766
f 749/749/749 767/767/767 766/766/766
f 749/749/749 750/750/750 767/767/767
f 750/750/750 768/768/768 767/767/767
f 750/750/750 751/751/751 768/768/768
f 751/751/751 769/769/769 768/768/768
f 751/751/751 752/752/752 769/769/769
f 752/752/752 770/770/770 769/769/769
f 752/752/752 753/753/753 770/770/770
f 753/753/753 771/771/771 770/770/770
f 753/753/753 754/754/754 771/771/771
f 754/754/754 772/772/772 771/771/771
f 754/754/754 755/755/755 772/772/772
f 755/755/755 773/773/773 772/772/772
f 755/755/755 756/756/756 773/773/773
f 756/756/756 774/774/774 773/773/773
f 757/757/757 758/758/758 775/775/775
f 758/758/758 776/776/776 775/775/775
f 758/758/758 759/759/759 776/776/776
f 759/759/759 777/777/777 776/776/776
f 759/759/759 760/760/760 777/777/777
f 760/760/760 778/778/778 777/777/777
f 760/760/760 761/761/761 778/778/778
f 761/761/761 779/779/779 778/778/778
f 761/761/761 762/762/762 779/779/779
f 762/762/762 780/780/780 779/779/779
f 762/762/762 763/763/763 780/780/780
f 763/763/763 781/781/781 780/780/780
f 763/763/763 764/764/764 781/781/781
f 764/764/764 782/782/782 781/781/781
f 764/764/764 765/765/765 782/782/782
f 765/765/765 783/783/783 782/782/782
f 765/765/765 766/766/766 783/783/783
f 766/766/766 784/784/784 783/783/783
f 766/766/766 767/767/767 784/784/784
f 767/767/767 785/785/785 784/784/784
f 767/767/767 768/768/768 785/785/785
f 768/768/768 786/786/786 785/785/785
f 768/768/768 769/769/769 786/786/786
f 769/769/769 787/787/787 786/786/786
f 769/769/769 770/770/770 787/787/787
f 770/770/770 788/788/788 787/787/787
f 770/770/770 771/771/771 788/788/788
f 771/771/771 789/789/789 788/788/788
f 771/771/771 772/772/772 789/789/789
f 772/772/772 790/790/790 789/789/789
f 772/772/772 773/773/773 790/790/790
f 773/773/773 791/791/791 790/790/790
f 773/773/773 774/774/774 791/791/791
f 774/774/774 792/792/792 791/791/791
f 775/775/775 776/776/776 793/793/793
f 776/776/776 794/794/794 793/793/793
f 776/776/776 777/777/777 794/794/794
f 777/777/777 795/795/795 794/794/794
f 777/777/777 778/778/778 795/795/795
f 778/778/778 796/796/796 795/795/795
f 778/778/778 779/779/779 796/796/796
f 779/779/779 797/797/797 796/796/796
f 779/779/779 780/780/780 797/797/797
f 780/780/780 798/798/798 797/797/797
f 780/780/780 781/781/781 798/798/798
f 781/781/781 799/799/799 798/798/798
f 781/781/781 782/782/782 799/799/799
f 782/782/782 800/800/800 799/799/799
f 782/782/782 783/783/783 800/800/800
f 783/783/783 801/801/801 800/800/800
f 783/783/783 784/784/784 801/801/801
f 784/784/784 802/802/802 801/801/801
f 784/784/784 785/785/785 802/802/802
f 785/785/785 803/803/803 802/802/802
f 785/785/785 786/786/786 803/803/803
f 786/786/786 804/804/804 803/803/803
f 786/786/786 787/787/787 804/804/804
f 787/787/787 805/805/805 804/804/804
f 787/787/787 788/788/788 805/805/805
f 788/788/788 806/806/806 805/805/805
f 788/788/788 789/789/789 806/806/806
f 789/789/789 807/807/807 806/806/806
f 789/789/789 790/790/790 807/807/807
f 790/790/790 808/808/808 807/807/807
f 790/790/790 791/791/791 808/808/808
f 791/791/791 809/809/809 808/808/808
f 791/791/791 792/792/792 809/809/809
f 792/792/792 810/810/810 809/809/809
f 793/793/793 794/794/794 811/811/811
f 794/794/794 812/812/812 811/811/811
f 794/794/794 795/795/795 812/812/812
f 795/795/795 813/813/813 812/812/812
f 795/795/795 796/796/796 813/813/813
f 796/796/796 814/814/814 813/813/813
f 796/796/796 797/797/797 814/814/814
f 797/797/797 815/815/815 814/814/814
f 797/797/797 798/798/798 815/815/815
f 798/798/798 816/816/816 815/815/815
f 798/798/798 799/799/799 816/816/816
f 799/799/799 817/817/817 816/816/816
f 799/799/799 800/800/800 817/817/817
f 800/800/800 818/818/818 817/817/817
f 800/800/800 801/801/801 818/818/818
f 801/801/801 819/819/819 818/818/818
f 801/801/801 802/802/802 819/819/819
f 802/802/802 820/820/820 819/819/819
f 802/802/802 803/803/803 820/820/820
f 803/803/803 821/821/821 820/820/820
f 803/803/803 804/804/804 821/821/821
f 804/804/804 822/822/822 821/821/821
f 804/804/804 805/805/805 822/822/822
f 805/805/805 823/823/823 822/822/822
f 805/805/805 806/806/806 823/823/823
f 806/806/806 824/824/824 823/823/823
f 806/806/806 807/807/807 824/824/824
f 807/807/807 825/825/825 824/824/824
f 807/807/807 808/808/808 825/825/825
f 808/808/808 826/826/826 825/825/825
f 808/808/808 809/809/809 826/826/826
f 809/809/809 827/827/827 826/826/826
f 809/809/809 810/810/810 827/827/827
f 810/810/810 828/828/828 827/827/827
f 811/811/811 812/812/812 829/829/829
f 812/812/812 830/830/830 829/829/829
f 812/812/812 813/813/813 830/830/830
f 813/813/813 831/831/831 830/830/830
f 813/813/813 814/814/814 831/831/831
f 814/814/814 832/832/832 831/831/831
f 814/814/814 815/815/815 832/832/832
f 815/815/815 833/833/833 832/832/832
f 815/815/815 816/816/816 833/833/833
f 816/816/816 834/834/834 833/833/833
f 816/816/816 817/817/817 834/834/834
f 817/817/817 835/835/835 834/834/834
f 817/817/817 818/818/818 835/835/835
f 818/818/818 836/836/836 835/835/835
f 818/818/818 819/819/819 836/836/836
f 819/819/819 837/837/837 836/836/836
f 819/819/819 820/820/820 837/837/837
f 820/820/820 838/838/838 837/837/837
f 820/820/820 821/821/821 838/838/838
f 821/821/821 839/839/839 838/838/838
f 821/821/821 822/822/822 839/839/839
f 822/822/822 840/840/840 839/839/839
f 822/822/822 823/823/823 840/840/840
f 823/823/823 841/841/841 840/840/840
f 823/823/823 824/824/824 841/841/841
f 824/824/824 842/842/842 841/841/841
f 824/824/824 825/825/825 842/842/842
f 825/825/825 843/843/843 842/842/842
f 825/825/825 826/826/826 843/843/843
f 826/826/826 844/844/844 843/843/843
f 826/826/826 827/827/827 844/844/844
f 827/827/827 845/845/845 844/844/844
f 827/827/827 828/828/828 845/845/845
f 828/828/828 846/846/846 845/845/845
f 829/829/829 830/830/830 847/847/847
f 830/830/830 848/848/848 847/847/847
f 830/830/830 831/831/831 848/848/848
f 831/831/831 849/849/849 848/848/848
f 831/831/831 832/832/832 849/849/849
f 832/832/832 850/850/850 849/849/849
f 832/832/832 833/833/833 850/850/850
f 833/833/833 851/851/851 850/850/850
f 833/833/833 834/834/834 851/851/851
f 834/834/834 852/852/852 851/851/851
f 834/834/834 835/835/835 852/852/852
f 835/835/835 853/853/853 852/852/852
f 835/835/835 836/836/836 853/853/853
f 836/836/836 854/854/854 853/853/853
f 836/836/836 837/837/837 854/854/854
f 837/837/837 855/855/855 854/854/854
f 837/837/837 838/838/838 855/855/855
f 838/838/838 856/856/856 855/855/855
f 838/838/838 839/839/839 856/856/856
f 839/839/839 857/857/857 856/856/856
f 839/839/839 840/840/840 857/857/857
f 840/840/840 858/858/858 857/857/857
f 840/840/840 841/841/841 858/858/858
f 841/841/841 859/859/859 858/858/858
f 841/841/841 842/842/842 859/859/859
f 842/842/842 860/860/860 859/859/859
f 842/842/842 843/843/843 860/860/860
f 843/843/843 861/861/861 860/860/860
f 843/843/843 844/844/844 861/861/861
f 844/844/844 862/862/862 861/861/861
f 844/844/844 845/845/845 862/862/862
f 845/845/845 863/863/863 862/862/862
f 845/845/845 846/846/846 863/863/863
f 846/846/846 864/864/864 863/863/863
f 847/847/847 848/848/848 865/865/865
f 848/848/848 866/866/866 865/865/865
f 848/848/848 849/849/849 866/866/866
f 849/849/849 867/867/867 866/866/866
f 849/849/849 850/850/850 867/867/867
f 850/850/850 868/868/868 867/867/867
f 850/850/850 851/851/851 868/868/868
f 851/851/851 869/869/869 868/868/868
f 851/851/851 852/852/852 869/869/869
f 852/852/852 870/870/870 869/869/869
f 852/852/852 853/853/853 870/870/870
f 853/853/853 871/871/871 870/870/870
f 853/853/853 854/854/854 871/871/871
f 854/854/854 872/872/872 871/871/871
f 854/854/854 855/855/855 872/872/872
f 855/855/855 873/873/873 872/872/872
f 855/855/855 856/856/856 873/873/873
f 856/856/856 874/874/874 873/873/873
f 856/856/856 857/857/857 874/874/874
f 857/857/857 875/875/875 874/874/874
f 857/857/857 858/858/858 875/875/875
f 858/858/858 876/876/876 875/875/875
f 858/858/858 859/859/859 876/876/876
f 859/859/859 877/877/877 876/876/876
f 859/859/859 860/860/860 877/877/877
f 860/860/860 878/878/878 877/877/877
f 860/860/860 861/861/861 878/878/878
f 861/861/861 879/879/879 878/878/878
f 861/861/861 862/862/862 879/879/879
f 862/862/862 880/880/880 879/879/879
f 862/862/862 863/863/863 880/880/880
f 863/863/863 881/881/881 880/880/880
f 863/863/863 864/864/864 881/881/881
f 864/864/864 882/882/882 881/881/881
f 865/865/865 866/866/866 883/883/883
f 866/866/866 884/884/884 883/883/883
f 866/866/866 867/867/867 884/884/884
f 867/867/867 885/885/885 884/884/884
f 867/867/867 868/868/868 885/885/885
f 868/868/868 886/886/886 885/885/885
f 868/868/868 869/869/869 886/886/886
f 869/869/869 887/887/887 886/886/886
f 869/869/869 870/870/870 887/887/887
f 870/870/870 888/888/888 887/887/887
f 870/870/870 871/871/871 888/888/888
f 871/871/871 889/889/889 888/888/888
f 871/871/871 872/872/872 889/889/889
f 872/872/872 890/890/890 889/889/889
f 872/872/872 873/873/873 890/890/890
f 873/873/873 891/891/891 890/890/890
f 873/873/873 874/874/874 891/891/891
f 874/874/874 892/892/892 891/891/891
f 874/874/874 875/875/875 892/892/892
f 875/875/875 893/893/893 892/892/892
f 875/875/875 876/876/876 893/893/893
f 876/876/876 894/894/894 893/893/893
f 876/876/876 877/877/877 894/894/894
f 877/877/877 895/895/895 894/894/894
f 877/877/877 878/878/878 895/895/895
f 878/878/878 896/896/896 895/895/895
f 878/878/878 879/879/879 896/896/896
f 879/879/879 897/897/897 896/896/896
f 879/879/879 880/880/880 897/897/897
f 880/880/880 898/898/898 897/897/897
f 880/880/880 881/881/881 898/898/898
f 881/881/881 899/899/899 898/898/898
f 881/881/881 882/882/882 899/899/899
f 882/882/882 900/900/900 899/899/899
f 883/883/883 884/884/884 901/901/901
f 884/884/884 902/902/902 901/901/901
f 884/884/884 885/885/885 902/902/902
f 885/885/885 903/903/903 902/902/902
f 885/885/885 886/886/886 903/903/903
f 886/886/886 904/904/904 903/903/903
f 886/886/886 887/887/887 904/904/904
f 887/887/887 905/905/905 904/904/904
f 887/887/887 888/888/888 905/905/905
f 888/888/888 906/906/906 905/905/905
f 888/888/888 889/889/889 906/906/906
f 889/889/889 907/907/907 906/906/906
f 889/889/889 890/890/890 907/907/907
f 890/890/890 908/908/908 907/907/907
f 890/890/890 891/891/891 908/908/908
f 891/891/891 909/909/909 908/908/908
f 891/891/891 892/892/892 909/909/909
f 892/892/892 910/910/910 909/909/909
f 892/892/892 893/893/893 910/910/910
f 893/893/893 911/911/911 910/910/910
f 893/893/893 894/894/894 911/911/911
f 894/894/894 912/912/912 911/911/911
f 894/894/894 895/895/895 912/912/912
f 895/895/895 913/913/913 912/912/912
f 895/895/895 896/896/896 913/913/913
f 896/896/896 914/914/914 913/913/913
f 896/896/896 897/897/897 914/914/914
f 897/897/897 915/915/915 914/914/914
f 897/897/897 898/898/898 915/915/915
f 898/898/898 916/916/916 915/915/915
f 898/898/898 899/899/899 916/916/916
f 899/899/899 917/917/917 916/916/916
f 899/899/899 900/900/900 917/917/917
f 900/900/900 918/918/918 917/917/917
f 901/901/901 902/902/902 919/919/919
f 902/902/902 920/920/920 919/919/919
f 902/902/902 903/903/903 920/920/920
f 903/903/903 921/921/921 920/920/920
f 903/903/903 904/904/904 921/921/921
f 904/904/904 922/922/922 921/921/921
f 904/904/904 905/905/905 922/922/922
f 905/905/905 923/923/923 922/922/922
f 905/905/905 906/906/906 923/923/923
f 906/906/906 924/924/924 923/923/923
f 906/906/906 907/907/907 924/924/924
f 907/907/907 925/925/925 924/924/924
f 907/907/907 908/908/908 925/925/925
f 908/908/908 926/926/926 925/925/925
f 908/908/908 909/909/909 926/926/926
f 909/909/909 927/927/927 926/926/926
f 909/909/909 910/910/910 927/927/927
f 910/910/910 928/928/928 927/927/927
f 910/910/910 911/911/911 928/928/928
f 911/911/911 929/929/929 928/928/928
f 911/911/911 912/912/912 929/929/929
f 912/912/912 930/930/930 929/929/929
f 912/912/912 913/913/913 930/930/930
f 913/913/913 931/931/931 930/930/930
f 913/913/913 914/914/914 931/931/931
f 914/914/914 932/932/932 931/931/931
f 914/914/914 915/915/915 932/932/932
f 915/915/915 933/933/933 932/932/932
f 915/915/915 916/916/916 933/933/933
f 916/916/916 934/934/934 933/933/933
f 916/916/916 917/917/917 934/934/934
f 917/917/917 935/935/935 934/934/934
f 917/917/917 918/918/918 935/935/935
f 918/918/918 936/936/936 935/935/935
f 919/919/919 920/920/920 937/937/937
f 920/920/920 938/938/938 937/937/937
f 920/920/920 921/921/921 938/938/938
f 921/921/921 939/939/939 938/938/938
f 921/921/921 922/922/922 939/939/939
f 922/922/922 940/940/940 939/939/939
f 922/922/922 923/923/923 940/940/940
f 923/923/923 941/941/941 940/940/940
f 923/923/923 924/924/924 941/941/941
f 924/924/924 942/942/942 941/941/941
f 924/924/924 925/925/925 942/942/942
f 925/925/925 943/943/943 942/942/942
f 925/925/925 926/926/926 943/943/943
f 926/926/926 944/944/944 943/943/943
f 926/926/926 927/927/927 944/944/944
f 927/927/927 945/945/945 944/944/944
f 927/927/927 928/928/928 945/945/945
f 928/928/928 946/946/946 945/945/945
f 928/928/928 929/929/929 946/946/946
f 929/929/929 947/947/947 946/946/946
f 929/929/929 930/930/930 947/947/947
f 930/930/930 948/948/948 947/947/947
f 930/930/930 931/931/931 948/948/948
f 931/931/931 949/949/949 948/948/948
f 931/931/931 932/932/932 949/949/949
f 932/932/932 950/950/950 949/949/949
f 932/932/932 933/933/933 950/950/950
f 933/933/933 951/951/951 950/950/950
f 933/933/933 934/934/934 951/951/951
f 934/934/934 952/952/952 951/951/951
f 934/934/934 935/935/935 952/952/952
f 935/935/935 953/953/953 952/952/952
f 935/935/935 936/936/936 953/953/953
f 936/936/936 954/954/954 953/953/953
f 937/937/937 938/938/938 955/955/955
f 938/938/938 956/956/956 955/955/955
f 938/938/938 939/939/939 956/956/956
f 939/939/939 957/957/957 956/956/956
f 939/939/939 940/940/940 957/957/957
f 940/940/940 958/958/958 957/957/957
f 940/940/940 941/941/941 958/958/958
f 941/941/941 959/959/959 958/958/958
f 941/941/941 942/942/942 959/959/959
f 942/942/942 960/960/960 959/959/959
f 942/942/942 943/943/943 960/960/960
f 943/943/943 961/961/961 960/960/960
f 943/943/943 944/944/944 961/961/961
f 944/944/944 962/962/962 961/961/961
f 944/944/944 945/945/945 962/962/962
f 945/945/945 963/963/963 962/962/962
f 945/945/945 946/946/946 963/963/963
f 946/946/946 964/964/964 963/963/963
f 946/946/946 947/947/947 964/964/964
f 947/947/947 965/965/965 964/964/964
f 947/947/947 948/948/948 965/965/965
f 948/948/948 966/966/966 965/965/965
f 948/948/948 949/949/949 966/966/966
f 949/949/949 967/967/967 966/966/966
f 949/949/949 950/950/950 967/967/967
f 950/950/950 968/968/968 967/967/967
f 950/950/950 951/951/951 968/968/968
f 951/951/951 969/969/969 968/968/968
f 951/951/951 952/952/952 969/969/969
f 952/952/952 970/970/970 969/969/969
f 952/952/952 953/953/953 970/970/970
f 953/953/953 971/971/971 970/970/970
f 953/953/953 954/954/954 971/971/971
f 954/954/954 972/972/972 971/971/971
f 973/973/973 974/974/974 991/991/991
f 974/974/974 992/992/992 991/991/991
f 974/974/974 975/975/975 992/992/992
f 975/975/975 993/993/993 992/992/992
f 975/975/975 976/976/976 993/993/993
f 976/976/976 994/994/994 993/993/993
f 976/976/976 977/977/977 994/994/994
f 977/977/977 995/995/995 994/994/994
f 977/977/977 978/978/978 995/995/995
f 978/978/978 996/996/996 995/995/995
f 978/978/978 979/979/979 996/996/996
f 979/979/979 997/997/997 996/996/996
f 979/979/979 980/980/980 997/997/997
f 980/980/980 998/998/998 997/997/997
f 980/980/980 981/981/981 998/998/998
f 981/981/981 999/999/999 998/998/998
f 981/981/981 982/982/982 999/999/999
f 982/982/982 1000/1000/1000 999/999/999
f 982/982/982 983/983/983 1000/1000/1000
f 983/983/983 1001/1001/1001 1000/1000/1000
f 983/983/983 984/984/984 1001/1001/1001
f 984/984/984 1002/1002/1002 1001/1001/1001
f 984/984/984 985/985/985 1002/1002/1002
f 985/985/985 1003/1003/1003 1002/1002/1002
f 985/985/985 986/986/986 1003/1003/1003
f 986/986/986 1004/1004/1004 1003/1003/1003
f 986/986/986 987/987/987 1004/1004/1004
f 987/987/987 1005/1005/1005 1004/1004/1004
f 987/987/987 988/988/988 1005/1005/1005
f 988/988/988 1006/1006/1006 1005/1005/1005
f 988/988/988 989/989/989 1006/1006/1006
f 989/989/989 1007/1007/1007 1006/1006/1006
f 989/989/989 990/990/990 1007/1007/1007
f 990/990/990 1008/1008/1008 1007/1007/1007
f 991/991/991 992/992/992 1009/1009/1009
f 992/992/992 1010/1010/1010 1009/1009/1009
f 992/992/992 993/993/993 1010/1010/1010
f 993/993/993 1011/1011/1011 1010/1010/1010
f 993/993/993 994/994/994 1011/1011/1011
f 994/994/994 1012/1012/1012 1011/1011/1011
f 994/994/994 995/995/995 1012/1012/1012
f 995/995/995 1013/1013/1013 1012/1012/1012
f 995/995/995 996/996/996 1013/1013/1013
f 996/996/996 1014/1014/1014 1013/1013/1013
f 996/996/996 997/997/997 1014/1014/1014
f 997/997/997 1015/1015/1015 1014/1014/1014
f 997/997/997 998/998/998 1015/1015/1015
f 998/998/998 1016/1016/1016 1015/1015/1015
f 998/998/998 999/999/999 1016/1016/1016
f 999/999/999 1017/1017/1017 1016/1016/1016
f 999/999/999 1000/1000/1000 1017/1017/1017
f 1000/1000/1000 1018/1018/1018 1017/1017/1017
f 1000/1000/1000 1001/1001/1001 1018/1018/1018
f 1001/1001/1001 1019/1019/1019 1018/1018/1018
f 1001/1001/1001 1002/1002/1002 1019/1019/1019
f 1002/1002/1002 1020/1020/1020 1019/1019/1019
f 1002/1002/1002 1003/1003/1003 1020/1020/1020
f 1003/1003/1003 1021/1021/1021 1020/1020/1020
f 1003/1003/1003 1004/1004/1004 1021/1021/1021
f 1004/1004/1004 1022/1022/1022 1021/1021/1021
f 1004/1004/1004 1005/1005/1005 1022/1022/1022
f 1005/1005/1005 1023/1023/1023 1022/1022/1022
f 1005/1005/1005 1006/1006/1006 1023/1023/1023
f 1006/1006/1006 1024/1024/1024 1023/1023/1023
f 1006/1006/1006 1007/1007/1007 1024/1024/1024
f 1007/1007/1007 1025/1025/1025 1024/1024/1024
f 1007/1007/1007 1008/1008/1008 1025/1025/1025
f 1008/1008/1008 1026/1026/1026 1025/1025/1025
f 1009/1009/1009 1010/1010/1010 1027/1027/1027
f 1010/1010/1010 1028/1028/1028 1027/1027/1027
f 1010/1010/1010 1011/1011/1011 1028/1028/1028
f 1011/1011/1011 1029/1029/1029 1028/1028/1028
f 1011/1011/1011 1012/1012/1012 1029/1029/1029
f 1012/1012/1012 1030/1030/1030 1029/1029/1029
f 1012/1012/1012 1013/1013/1013 1030/1030/1030
f 1013/1013/1013 1031/1031/1031 1030/1030/1030
f 1013/1013/1013 1014/1014/1014 1031/1031/1031
f 1014/1014/1014 1032/1032/1032 1031/1031/1031
f 1014/1014/1014 1015/1015/1015 1032/1032/1032
f 1015/1015/1015 1033/1033/1033 1032/1032/1032
f 1015/1015/1015 1016/1016/1016 1033/1033/1033
f 1016/1016/1016 1034/1034/1034 1033/1033/1033
f 1016/1016/1016 1017/1017/1017 1034/1034/1034
f 1017/1017/1017 1035/1035/1035 1034/1034/1034
f 1017/1017/1017 1018/1018/1018 1035/1035/1035
f 1018/1018/1018 1036/1036/1036 1035/1035/1035
f 1018/1018/1018 1019/1019/1019 1036/1036/1036
f 1019/1019/1019 1037/1037/1037 1036/1036/1036
f 1019/1019/1019 1020/1020/1020 1037/1037/1037
f 1020/1020/1020 1038/1038/1038 1037/1037/1037
f 1020/1020/1020 1021/1021/1021 1038/1038/1038
f 1021/1021/1021 1039/1039/1039 1038/1038/1038
f 1021/1021/1021 1022/1022/1022 1039/1039/1039
f 1022/1022/1022 1040/1040/1040 1039/1039/1039
f 1022/1022/1022 1023/1023/1023 1040/1040/1040
f 1023/1023/1023 1041/1041/1041 1040/1040/1040
f 1023/1023/1023 1024/1024/1024 1041/1041/1041
f 1024/1024/1024 1042/1042/1042 1041/1041/1041
f 1024/1024/1024 1025/1025/1025 1042/1042/1042
f 1025/1025/1025 1043/1043/1043 1042/1042/1042
f 1025/1025/1025 1026/1026/1026 1043/1043/1043
f 1026/1026/1026 1044/1044/1044 1043/1043/1043
f 1027/1027/1027 1028/1028/1028 1045/1045/1045
f 1028/1028/1028 1046/1046/1046 1045/1045/1045
f 1028/1028/1028 1029/1029/1029 1046/1046/1046
f 1029/1029/1029 1047/1047/1047 1046/1046/1046
f 1029/1029/1029 1030/1030/1030 1047/1047/1047
f 1030/1030/1030 1048/1048/1048 1047/1047/1047
f 1030/1030/1030 1031/1031/1031 1048/1048/1048
f 1031/1031/1031 1049/1049/1049 1048/1048/1048
f 1031/1031/1031 1032/1032/1032 1049/1049/1049
f 1032/1032/1032 1050/1050/1050 1049/1049/1049
f 1032/1032/1032 1033/1033/1033 1050/1050/1050
f 1033/1033/1033 1051/1051/1051 1050/1050/1050
f 1033/1033/1033 1034/1034/1034 1051/1051/1051
f 1034/1034/1034 1052/1052/1052 1051/1051/1051
f 1034/1034/1034 1035/1035/1035 1052/1052/1052
f 1035/1035/1035 1053/1053/1053 1052/1052/1052
f 1035/1035/1035 1036/1036/1036 1053/1053/1053
f 1036/1036/1036 1054/1054/1054 1053/1053/1053
f 1036/1036/1036 1037/1037/1037 1054/1054/1054
f 1037/1037/1037 1055/1055/1055 1054/1054/1054
f 1037/1037/1037 1038/1038/1038 1055/1055/1055
f 1038/1038/1038 1056/1056/1056 1055/1055/1055
f 1038/1038/1038 1039/1039/1039 1056/1056/1056
f 1039/1039/1039 1057/1057/1057 1056/1056/1056
f 1039/1039/1039 1040/1040/1040 1057/1057/1057
f 1040/1040/1040 1058/1058/1058 1057/1057/1057
f 1040/1040/1040 1041/1041/1041 1058/1058/1058
f 1041/1041/1041 1059/1059/1059 1058/1058/1058
f 1041/1041/1041 1042/1042/1042 1059/1059/1059
f 1042/1042/1042 1060/1060/1060 1059/1059/1059
f 1042/1042/1042 1043/1043/1043 1060/1060/1060
f 1043/1043/1043 1061/1061/1061 1060/1060/1060
f 1043/1043/1043 1044/1044/1044 1061/1061/1061
f 1044/1044/1044 1062/1062/1062 1061/1061/1061
f 1045/1045/1045 1046/1046/1046 1063/1063/1063
f 1046/1046/1046 1064/1064/1064 1063/1063/1063
f 1046/1046/1046 1047/1047/1047 1064/1064/1064
f 1047/1047/1047 1065/1065/1065 1064/1064/1064
f 1047/1047/1047 1048/1048/1048 1065/1065/1065
f 1048/1048/1048 1066/1066/1066 1065/1065/1065
f 1048/1048/1048 1049/1049/1049 1066/1066/1066
f 1049/1049/1049 1067/1067/1067 1066/1066/1066
f 1049/1049/1049 1050/1050/1050 1067/1067/1067
f 1050/1050/1050 1068/1068/1068 1067/1067/1067
f 1050/1050/1050 1051/1051/1051 1068/1068/1068
f 1051/1051/1051 1069/1069/1069 1068/1068/1068
f 1051/1051/1051 1052/1052/1052 1069/1069/1069
f 1052/1052/1052 1070/1070/1070 1069/1069/1069
f 1052/1052/1052 1053/1053/1053 1070/1070/1070
f 1053/1053/1053 1071/1071/1071 1070/1070/1070
f 1053/1053/1053 1054/1054/1054 1071/1071/1071
f 1054/1054/1054 1072/1072/1072 1071/1071/1071
f 1054/1054/1054 1055/1055/1055 1072/1072/1072
f 1055/1055/1055 1073/1073/1073 1072/1072/1072
f 1055/1055/1055 1056/1056/1056 1073/1073/1073
f 1056/1056/1056 1074/1074/1074 1073/1073/1073
f 1056/1056/1056 1057/1057/1057 1074/1074/1074
f 1057/1057/1057 1075/1075/1075 1074/1074/1074
f 1057/1057/1057 1058/1058/1058 1075/1075/1075
f 1058/1058/1058 1076/1076/1076 1075/1075/1075
f 1058/1058/1058 1059/1059/1059 1076/1076/1076
f 1059/1059/1059 1077/1077/1077 1076/1076/1076
f 1059/1059/1059 1060/1060/1060 1077/1077/1077
f 1060/1060/1060 1078/1078/1078 1077/1077/1077
f 1060/1060/1060 1061/1061/1061 1078/1078/1078
f 1061/1061/1061 1079/1079/1079 1078/1078/1078
f 1061/1061/1061 1062/1062/1062 1079/1079/1079
f 1062/1062/1062 1080/1080/1080 1079/1079/1079
f 1063/1063/1063 1064/1064/1064 1081/1081/1081
f 1064/1064/1064 1082/1082/1082 1081/1081/1081
f 1064/1064/1064 1065/1065/1065 1082/1082/1082
f 1065/1065/1065 1083/1083/1083 1082/1082/1082
f 1065/1065/1065 1066/1066/1066 1083/1083/1083
f 1066/1066/1066 1084/1084/1084 1083/1083/1083
f 1066/1066/1066 1067/1067/1067 1084/1084/1084
f 1067/1067/1067 1085/1085/1085 1084/1084/1084
f 1067/1067/1067 1068/1068/1068 1085/1085/1085
f 1068/1068/1068 1086/1086/1086 1085/1085/1085
f 1068/1068/1068 1069/1069/1069 1086/1086/1086
f 1069/1069/1069 1087/1087/1087 1086/1086/1086
f 1069/1069/1069 1070/1070/1070 1087/1087/1087
f 1070/1070/1070 1088/1088/1088 1087/1087/1087
f 1070/1070/1070 1071/1071/1071 1088/1088/1088
f 1071/1071/1071 1089/1089/1089 1088/1088/1088
f 1071/1071/1071 1072/1072/1072 1089/1089/1089
f 1072/1072/1072 1090/1090/1090 1089/1089/1089
f 1072/1072/1072 1073/1073/1073 1090/1090/1090
f 1073/1073/1073 1091/1091/1091 1090/1090/1090
f 1073/1073/1073 1074/1074/1074 1091/1091/1091
f 1074/1074/1074 1092/1092/1092 1091/1091/1091
f 1074/1074/1074 1075/1075/1075 1092/1092/1092
f 1075/1075/1075 1093/1093/1093 1092/1092/1092
f 1075/1075/1075 1076/1076/1076 1093/1093/1093
f 1076/1076/1076 1094/1094/1094 1093/1093/1093
f 1076/1076/1076 1077/1077/1077 1094/1094/1094
f 1077/1077/1077 1095/1095/1095 1094/1094/1094
f 1077/1077/1077 1078/1078/1078 1095/1095/1095
f 1078/1078/1078 1096/1096/1096 1095/1095/1095
f 1078/1078/1078 1079/1079/1079 1096/1096/1096
f 1079/1079/1079 1097/1097/1097 1096/1096/1096
f 1079/1079/1079 1080/1080/1080 1097/1097/1097
f 1080/1080/1080 1098/1098/1098 1097/1097/1097
f 1081/1081/1081 1082/1082/1082 1099/1099/1099
f 1082/1082/1082 1100/1100/1100 1099/1099/1099
f 1082/1082/1082 1083/1083/1083 1100/1100/1100
f 1083/1083/1083 1101/1101/1101 1100/1100/1100
f 1083/1083/1083 1084/1084/1084 1101/1101/1101
f 1084/1084/1084 1102/1102/1102 1101/1101/1101
f 1084/1084/1084 1085/1085/1085 1102/1102/1102
f 1085/1085/1085 1103/1103/1103 1102/1102/1102
f 1085/1085/1085 1086/1086/1086 1103/1103/1103
f 1086/1086/1086 1104/1104/1104 1103/1103/1103
f 1086/1086/1086 1087/1087/1087 1104/1104/1104
f 1087/1087/1087 1105/1105/1105 1104/1104/1104
f 1087/1087/1087 1088/1088/1088 1105/1105/1105
f 1088/1088/1088 1106/1106/1106 1105/1105/1105
f 1088/1088/1088 1089/1089/1089 1106/1106/1106
f 1089/1089/1089 1107/1107/1107 1106/1106/1106
f 1089/1089/1089 1090/1090/1090 1107/1107/1107
f 1090/1090/1090 1108/1108/1108 1107/1107/1107
f 1090/1090/1090 1091/1091/1091 1108/1108/1108
f 1091/1091/1091 1109/1109/1109 1108/1108/1108
f 1091/1091/1091 1092/1092/1092 1109/1109/1109
f 1092/1092/1092 1110/1110/1110 1109/1109/1109
f 1092/1092/1092 1093/1093/1093 1110/1110/1110
f 1093/1093/1093 1111/1111/1111 1110/1110/1110
f 1093/1093/1093 1094/1094/1094 1111/1111/1111
f 1094/1094/1094 1112/1112/1112 1111/1111/1111
f 1094/1094/1094 1095/1095/1095 1112/1112/1112
f 1095/1095/1095 1113/1113/1113 1112/1112/1112
f 1095/1095/1095 1096/1096/1096 1113/1113/1113
f 1096/1096/1096 1114/1114/1114 1113/1113/1113
f 1096/1096/1096 1097/1097/1097 1114/1114/1114
f 1097/1097/1097 1115/1115/1115 1114/1114/1114
f 1097/1097/1097 1098/1098/1098 1115/1115/1115
f 1098/1098/1098 1116/1116/1116 1115/1115/1115
f 1099/1099/1099 1100/1100/1100 1117/1117/1117
f 1100/1100/1100 1118/1118/1118 1117/1117/1117
f 1100/1100/1100 1101/1101/1101 1118/1118/1118
f 1101/1101/1101 1119/1119/1119 1118/1118/1118
f 1101/1101/1101 1102/1102/1102 1119/1119/1119
f 1102/1102/1102 1120/1120/1120 1119/1119/1119
f 1102/1102/1102 1103/1103/1103 1120/1120/1120
f 1103/1103/1103 1121/1121/1121 1120/1120/1120
f 1103/1103/1103 1104/1104/1104 1121/1121/1121
f 1104/1104/1104 1122/1122/1122 1121/1121/1121
f 1104/1104/1104 1105/1105/1105 1122/1122/1122
f 1105/1105/1105 1123/1123/1123 1122/1122/1122
f 1105/1105/1105 1106/1106/1106 1123/1123/1123
f 1106/1106/1106 1124/1124/1124 1123/1123/1123
f 1106/1106/1106 1107/1107/1107 1124/1124/1124
f 1107/1107/1107 1125/1125/1125 1124/1124/1124
f 1107/1107/1107 1108/1108/1108 1125/1125/1125
f 1108/1108/1108 1126/1126/1126 1125/1125/1125
f 1108/1108/1108 1109/1109/1109 1126/1126/1126
f 1109/1109/1109 1127/1127/1127 1126/1126/1126
f 1109/1109/1109 1110/1110/1110 1127/1127/1127
f 1110/1110/1110 1128/1128/1128 1127/1127/1127
f 1110/1110/1110 1111/1111/1111 1128/1128/1128
f 1111/1111/1111 1129/1129/1129 1128/1128/1128
f 1111/1111/1111 1112/1112/1112 1129/1129/1129
f 1112/1112/1112 1130/1130/1130 1129/1129/1129
f 1112/1112/1112 1113/1113/1113 1130/1130/1130
f 1113/1113/1113 1131/1131/1131 1130/1130/1130
f 1113/1113/1113 1114/1114/1114 1131/1131/1131
f 1114/1114/1114 1132/1132/1132 1131/1131/1131
f 1114/1114/1114 1115/1115/1115 1132/1132/1132
f 1115/1115/1115 1133/1133/1133 1132/1132/1132
f 1115/1115/1115 1116/1116/1116 1133/1133/1133
f 1116/1116/1116 1134/1134/1134 1133/1133/1133
f 1117/1117/1117 1118/1118/1118 1135/1135/1135
f 1118/1118/1118 1136/1136/1136 1135/1135/1135
f 1118/1118/1118 1119/1119/1119 1136/1136/1136
f 1119/1119/1119 1137/1137/1137 1136/1136/1136
f 1119/1119/1119 1120/1120/1120 1137/1137/1137
f 1120/1120/1120 1138/1138/1138 1137/1137/1137
f 1120/1120/1120 1121/1121/1121 1138/1138/1138
f 1121/1121/1121 1139/1139/1139 1138/1138/1138
f 1121/1121/1121 1122/1122/1122 1139/1139/1139
f 1122/1122/1122 1140/1140/1140 1139/1139/1139
f 1122/1122/1122 1123/1123/1123 1140/1140/1140
f 1123/1123/1123 1141/1141/1141 1140/1140/1140
f 1123/1123/1123 1124/1124/1124 1141/1141/1141
f 1124/1124/1124 1142/1142/1142 1141/1141/1141
f 1124/1124/1124 1125/1125/1125 1142/1142/1142
f 1125/1125/1125 1143/1143/1143 1142/1142/1142
f 1125/1125/1125 1126/1126/1126 1143/1143/1143
f 1126/1126/1126 1144/1144/1144 1143/1143/1143
f 1126/1126/1126 1127/1127/1127 1144/1144/1144
f 1127/1127/1127 1145/1145/1145 1144/1144/1144
f 1127/1127/1127 1128/1128/1128 1145/1145/1145
f 1128/1128/1128 1146/1146/1146 1145/1145/1145
f 1128/1128/1128 1129/1129/1129 1146/1146/1146
f 1129/1129/1129 1147/1147/1147 1146/1146/1146
f 1129/1129/1129 1130/1130/1130 1147/1147/1147
f 1130/1130/1130 1148/1148/1148 1147/1147/1147
f 1130/1130/1130 1131/1131/1131 1148/1148/1148
f 1131/1131/1131 1149/1149/1149 1148/1148/1148
f 1131/1131/1131 1132/1132/1132 1149/1149/1149
f 1132/1132/1132 1150/1150/1150 1149/1149/1149
f 1132/1132/1132 1133/1133/1133 1150/1150/1150
f 1133/1133/1133 1151/1151/1151 1150/1150/1150
f 1133/1133/1133 1134/1134/1134 1151/1151/1151
f 1134/1134/1134 1152/1152/1152 1151/1151/1151
f 1135/1135/1135 1136/1136/1136 1153/1153/1153
f 1136/1136/1136 1154/1154/1154 1153/1153/1153
f 1136/1136/1136 1137/1137/1137 1154/1154/1154
f 1137/1137/1137 1155/1155/1155 1154/1154/1154
f 1137/1137/1137 1138/1138/1138 1155/1155/1155
f 1138/1138/1138 1156/1156/1156 1155/1155/1155
f 1138/1138/1138 1139/1139/1139 1156/1156/1156
f 1139/1139/1139 1157/1157/1157 1156/1156/1156
f 1139/1139/1139 1140/1140/1140 1157/1157/1157
f 1140/1140/1140 1158/1158/1158 1157/1157/1157
f 1140/1140/1140 1141/1141/1141 1158/1158/1158
f 1141/1141/1141 1159/1159/1159 1158/1158/1158
f 1141/1141/1141 1142/1142/1142 1159/1159/1159
f 1142/1142/1142 1160/1160/1160 1159/1159/1159
f 1142/1142/1142 1143/1143/1143 1160/1160/1160
f 1143/1143/1143 1161/1161/1161 1160/1160/1160
f 1143/1143/1143 1144/1144/1144 1161/1161/1161
f 1144/1144/1144 1162/1162/1162 1161/1161/1161
f 1144/1144/1144 1145/1145/1145 1162/1162/1162
f 1145/1145/1145 1163/1163/1163 1162/1162/1162
f 1145/1145/1145 1146/1146/1146 1163/1163/1163
f 1146/1146/1146 1164/1164/1164 1163/1163/1163
f 1146/1146/1146 1147/1147/1147 1164/1164/1164
f 1147/1147/1147 1165/1165/1165 1164/1164/1164
f 1147/1147/1147 1148/1148/1148 1165/1165/1165
f 1148/1148/1148 1166/1166/1166 1165/1165/1165
f 1148/1148/1148 1149/1149/1149 1166/1166/1166
f 1149/1149/1149 1167/1167/1167 1166/1166/1166
f 1149/1149/1149 1150/1150/1150 1167/1167/1167
f 1150/1150/1150 1168/1168/1168 1167/1167/1167
f 1150/1150/1150 1151/1151/1151 1168/1168/1168
f 1151/1151/1151 1169/1169/1169 1168/1168/1168
f 1151/1151/1151 1152/1152/1152 1169/1169/1169
f 1152/1152/1152 1170/1170/1170 1169/1169/1169
f 1153/1153/1153 1154/1154/1154 1171/1171/1171
f 1154/1154/1154 1172/1172/1172 1171/1171/1171
f 1154/1154/1154 1155/1155/1155 1172/1172/1172
f 1155/1155/1155 1173/1173/1173 1172/1172/1172
f 1155/1155/1155 1156/1156/1156 1173/1173/1173
f 1156/1156/1156 1174/1174/1174 1173/1173/1173
f 1156/1156/1156 1157/1157/1157 1174/1174/1174
f 1157/1157/1157 1175/1175/1175 1174/1174/1174
f 1157/1157/1157 1158/1158/1158 1175/1175/1175
f 1158/1158/1158 1176/1176/1176 1175/1175/1175
f 1158/1158/1158 1159/1159/1159 1176/1176/1176
f 1159/1159/1159 1177/1177/1177 1176/1176/1176
f 1159/1159/1159 1160/1160/1160 1177/1177/1177
f 1160/1160/1160 1178/1178/1178 1177/1177/1177
f 1160/1160/1160 1161/1161/1161 1178/1178/1178
f 1161/1161/1161 1179/1179/1179 1178/1178/1178
f 1161/1161/1161 1162/1162/1162 1179/1179/1179
f 1162/1162/1162 1180/1180/1180 1179/1179/1179
f 1162/1162/1162 1163/1163/1163 1180/1180/1180
f 1163/1163/1163 1181/1181/1181 1180/1180/1180
f 1163/1163/1163 1164/1164/1164 1181/1181/1181
f 1164/1164/1164 1182/1182/1182 1181/1181/1181
f 1164/1164/1164 1165/1165/1165 1182/1182/1182
f 1165/1165/1165 1183/1183/1183 1182/1182/1182
f 1165/1165/1165 1166/1166/1166 1183/1183/1183
f 1166/1166/1166 1184/1184/1184 1183/1183/1183
f 1166/1166/1166 1167/1167/1167 1184/1184/1184
f 1167/1167/1167 1185/1185/1185 1184/1184/1184
f 1167/1167/1167 1168/1168/1168 1185/1185/1185
f 1168/1168/1168 1186/1186/1186 1185/1185/1185
f 1168/1168/1168 1169/1169/1169 1186/1186/1186
f 1169/1169/1169 1187/1187/1187 1186/1186/1186
f 1169/1169/1169 1170/1170/1170 1187/1187/1187
f 1170/1170/1170 1188/1188/1188 1187/1187/1187
f 1171/1171/1171 1172/1172/1172 1189/1189/1189
f 1172/1172/1172 1190/1190/1190 1189/1189/1189
f 1172/1172/1172 1173/1173/1173 1190/1190/1190
f 1173/1173/1173 1191/1191/1191 1190/1190/1190
f 1173/1173/1173 1174/1174/1174 1191/1191/1191
f 1174/1174/1174 1192/1192/1192 1191/1191/1191
f 1174/1174/1174 1175/1175/1175 1192/1192/1192
f 1175/1175/1175 1193/1193/1193 1192/1192/1192
f 1175/1175/1175 1176/1176/1176 1193/1193/1193
f 1176/1176/1176 1194/1194/1194 1193/1193/1193
f 1176/1176/1176 1177/1177/1177 1194/1194/1194
f 1177/1177/1177 1195/1195/1195 1194/1194/1194
f 1177/1177/1177 1178/1178/1178 1195/1195/1195
f 1178/1178/1178 1196/1196/1196 1195/1195/1195
f 1178/1178/1178 1179/1179/1179 1196/1196/1196
f 1179/1179/1179 1197/1197/1197 1196/1196/1196
f 1179/1179/1179 1180/1180/1180 1197/1197/1197
f 1180/1180/1180 1198/1198/1198 1197/1197/1197
f 1180/1180/1180 1181/1181/1181 1198/1198/1198
f 1181/1181/1181 1199/1199/1199 1198/1198/1198
f 1181/1181/1181 1182/1182/1182 1199/1199/1199
f 1182/1182/1182 1200/1200/1200 1199/1199/1199
f 1182/1182/1182 1183/1183/1183 1200/1200/1200
f 1183/1183/1183 1201/1201/1201 1200/1200/1200
f 1183/1183/1183 1184/1184/1184 1201/1201/1201
f 1184/1184/1184 1202/1202/1202 1201/1201/1201
f 1184/1184/1184 1185/1185/1185 1202/1202/1202
f 1185/1185/1185 1203/1203/1203 1202/1202/1202
f 1185/1185/1185 1186/1186/1186 1203/1203/1203
f 1186/1186/1186 1204/1204/1204 1203/1203/1203
f 1186/1186/1186 1187/1187/1187 1204/1204/1204
f 1187/1187/1187 1205/1205/1205 1204/1204/1204
f 1187/1187/1187 1188/1188/1188 1205/1205/1205
f 1188/1188/1188 1206/1206/1206 1205/1205/1205
f 1189/1189/1189 1190/1190/1190 1207/1207/1207
f 1190/1190/1190 1208/1208/1208 1207/1207/1207
f 1190/1190/1190 1191/1191/1191 1208/1208/1208
f 1191/1191/1191 1209/1209/1209 1208/1208/1208
f 1191/1191/1191 1192/1192/1192 1209/1209/1209
f 1192/1192/1192 1210/1210/1210 1209/1209/1209
f 1192/1192/1192 1193/1193/1193 1210/1210/1210
f 1193/1193/1193 1211/1211/1211 1210/1210/1210
f 1193/1193/1193 1194/1194/1194 1211/1211/1211
f 1194/1194/1194 1212/1212/1212 1211/1211/1211
f 1194/1194/1194 1195/1195/1195 1212/1212/1212
f 1195/1195/1195 1213/1213/1213 1212/1212/1212
f 1195/1195/1195 1196/1196/1196 1213/1213/1213
f 1196/1196/1196 1214/1214/1214 1213/1213/1213
f 1196/1196/1196 1197/1197/1197 1214/1214/1214
f 1197/1197/1197 1215/1215/1215 1214/1214/1214
f 1197/1197/1197 1198/1198/1198 1215/1215/1215
f 1198/1198/1198 1216/1216/1216 1215/1215/1215
f 1198/1198/1198 1199/1199/1199 1216/1216/1216
f 1199/1199/1199 1217/1217/1217 1216/1216/1216
f 1199/1199/1199 1200/1200/1200 1217/1217/1217
f 1200/1200/1200 1218/1218/1218 1217/1217/1217
f 1200/1200/1200 1201/1201/1201 1218/1218/1218
f 1201/1201/1201 1219/1219/1219 1218/1218/1218
f 1201/1201/1201 1202/1202/1202 1219/1219/1219
f 1202/1202/1202 1220/1220/1220 1219/1219/1219
f 1202/1202/1202 1203/1203/1203 1220/1220/1220
f 1203/1203/1203 1221/1221/1221 1220/1220/1220
f 1203/1203/1203 1204/1204/1204 1221/1221/1221
f 1204/1204/1204 1222/1222/1222 1221/1221/1221
f 1204/1204/1204 1205/1205/1205 1222/1222/1222
f 1205/1205/1205 1223/1223/1223 1222/1222/1222
f 1205/1205/1205 1206/1206/1206 1223/1223/1223
f 1206/1206/1206 1224/1224/1224 1223/1223/1223
f 1207/1207/1207 1208/1208/1208 1225/1225/1225
f 1208/1208/1208 1226/1226/1226 1225/1225/1225
f 1208/1208/1208 1209/1209/1209 1226/1226/1226
f 1209/1209/1209 1227/1227/1227 1226/1226/1226
f 1209/1209/1209 1210/1210/1210 1227/1227/1227
f 1210/1210/1210 1228/1228/1228 1227/1227/1227
f 1210/1210/1210 1211/1211/1211 1228/1228/1228
f 1211/1211/1211 1229/1229/1229 1228/1228/1228
f 1211/1211/1211 1212/1212/1212 1229/1229/1229
f 1212/1212/1212 1230/1230/1230 1229/1229/1229
f 1212/1212/1212 1213/1213/1213 1230/1230/1230
f 1213/1213/1213 1231/1231/1231 1230/1230/1230
f 1213/1213/1213 1214/1214/1214 1231/1231/1231
f 1214/1214/1214 1232/1232/1232 1231/1231/1231
f 1214/1214/1214 1215/1215/1215 1232/1232/1232
f 1215/1215/1215 1233/1233/1233 1232/1232/1232
f 1215/1215/1215 1216/1216/1216 1233/1233/1233
f 1216/1216/1216 1234/1234/1234 1233/1233/1233
f 1216/1216/1216 1217/1217/1217 1234/1234/1234
f 1217/1217/1217 1235/1235/1235 1234/1234/1234
f 1217/1217/1217 1218/1218/1218 1235/1235/1235
f 1218/1218/1218 1236/1236/1236 1235/1235/1235
f 1218/1218/1218 1219/1219/1219 1236/1236/1236
f 1219/1219/1219 1237/1237/1237 1236/1236/1236
f 1219/1219/1219 1220/1220/1220 1237/1237/1237
f 1220/1220/1220 1238/1238/1238 1237/1237/1237
f 1220/1220/1220 1221/1221/1221 1238/1238/1238
f 1221/1221/1221 1239/1239/1239 1238/1238/1238
f 1221/1221/1221 1222/1222/1222 1239/1239/1239
f 1222/1222/1222 1240/1240/1240 1239/1239/1239
f 1222/1222/1222 1223/1223/1223 1240/1240/1240
f 1223/1223/1223 1241/1241/1241 1240/1240/1240
f 1223/1223/1223 1224/1224/1224 1241/1241/1241
f 1224/1224/1224 1242/1242/1242 1241/1241/1241
f 1225/1225/1225 1226/1226/1226 1243/1243/1243
f 1226/1226/1226 1244/1244/1244 1243/1243/1243
f 1226/1226/1226 1227/1227/1227 1244/1244/1244
f 1227/1227/1227 1245/1245/1245 1244/1244/1244
f 1227/1227/1227 1228/1228/1228 1245/1245/1245
f 1228/1228/1228 1246/1246/1246 1245/1245/1245
f 1228/1228/1228 1229/1229/1229 1246/1246/1246
f 1229/1229/1229 1247/1247/1247 1246/1246/1246
f 1229/1229/1229 1230/1230/1230 1247/1247/1247
f 1230/1230/1230 1248/1248/1248 1247/1247/1247
f 1230/1230/1230 1231/1231/1231 1248/1248/1248
f 1231/1231/1231 1249/1249/1249 1248/1248/1248
f 1231/1231/1231 1232/1232/1232 1249/1249/1249
f 1232/1232/1232 1250/1250/1250 1249/1249/1249
f 1232/1232/1232 1233/1233/1233 1250/1250/1250
f 1233/1233/1233 1251/1251/1251 1250/1250/1250
f 1233/1233/1233 1234/1234/1234 1251/1251/1251
f 1234/1234/1234 1252/1252/1252 1251/1251/1251
f 1234/1234/1234 1235/1235/1235 1252/1252/1252
f 1235/1235/1235 1253/1253/1253 1252/1252/1252
f 1235/1235/1235 1236/1236/1236 1253/1253/1253
f 1236/1236/1236 1254/1254/1254 1253/1253/1253
f 1236/1236/1236 1237/1237/1237 1254/1254/1254
f 1237/1237/1237 1255/1255/1255 1254/1254/1254
f 1237/1237/1237 1238/1238/1238 1255/1255/1255
f 1238/1238/1238 1256/1256/1256 1255/1255/1255
f 1238/1238/1238 1239/1239/1239 1256/1256/1256
f 1239/1239/1239 1257/1257/1257 1256/1256/1256
f 1239/1239/1239 1240/1240/1240 1257/1257/1257
f 1240/1240/1240 1258/1258/1258 1257/1257/1257
f 1240/1240/1240 1241/1241/1241 1258/1258/1258
f 1241/1241/1241 1259/1259/1259 1258/1258/1258
f 1241/1241/1241 1242/1242/1242 1259/1259/1259
f 1242/1242/1242 1260/1260/1260 1259/1259/1259
f 1243/1243/1243 1244/1244/1244 1261/1261/1261
f 1244/1244/1244 1262/1262/1262 1261/1261/1261
f 1244/1244/1244 1245/1245/1245 1262/1262/1262
f 1245/1245/1245 1263/1263/1263 1262/1262/1262
f 1245/1245/1245 1246/1246/1246 1263/1263/1263
f 1246/1246/1246 1264/1264/1264 1263/1263/1263
f 1246/1246/1246 1247/1247/1247 1264/1264/1264
f 1247/1247/1247 1265/1265/1265 1264/1264/1264
f 1247/1247/1247 1248/1248/1248 1265/1265/1265
f 1248/1248/1248 1266/1266/1266 1265/1265/1265
f 1248/1248/1248 1249/1249/1249 1266/1266/1266
f 1249/1249/1249 1267/1267/1267 1266/1266/1266
f 1249/1249/1249 1250/1250/1250 1267/1267/1267
f 1250/1250/1250 1268/1268/1268 1267/1267/1267
f 1250/1250/1250 1251/1251/1251 1268/1268/1268
f 1251/1251/1251 1269/1269/1269 1268/1268/1268
f 1251/1251/1251 1252/1252/1252 1269/1269/1269
f 1252/1252/1252 1270/1270/1270 1269/1269/1269
f 1252/1252/1252 1253/1253/1253 1270/1270/1270
f 1253/1253/1253 1271/1271/1271 1270/1270/1270
f 1253/1253/1253 1254/1254/1254 1271/1271/1271
f 1254/1254/1254 1272/1272/1272 1271/1271/1271
f 1254/1254/1254 1255/1255/1255 1272/1272/1272
f 1255/1255/1255 1273/1273/1273 1272/1272/1272
f 1255/1255/1255 1256/1256/1256 1273/1273/1273
f 1256/1256/1256 1274/1274/1274 1273/1273/1273
f 1256/1256/1256 1257/1257/1257 1274/1274/1274
f 1257/1257/1257 1275/1275/1275 1274/1274/1274
f 1257/1257/1257 1258/1258/1258 1275/1275/1275
f 1258/1258/1258 1276/1276/1276 1275/1275/1275
f 1258/1258/1258 1259/1259/1259 1276/1276/1276
f 1259/1259/1259 1277/1277/1277 1276/1276/1276
f 1259/1259/1259 1260/1260/1260 1277/1277/1277
f 1260/1260/1260 1278/1278/1278 1277/1277/1277
f 1261/1261/1261 1262/1262/1262 1279/1279/1279
f 1262/1262/1262 1280/1280/1280 1279/1279/1279
f 1262/1262/1262 1263/1263/1263 1280/1280/1280
f 1263/1263/1263 1281/1281/1281 1280/1280/1280
f 1263/1263/1263 1264/1264/1264 1281/1281/1281
f 1264/1264/1264 1282/1282/1282 1281/1281/1281
f 1264/1264/1264 1265/1265/1265 1282/1282/1282
f 1265/1265/1265 1283/1283/1283 1282/1282/1282
f 1265/1265/1265 1266/1266/1266 1283/1283/1283
f 1266/1266/1266 1284/1284/1284 1283/1283/1283
f 1266/1266/1266 1267/1267/1267 1284/1284/1284
f 1267/1267/1267 1285/1285/1285 1284/1284/1284
f 1267/1267/1267 1268/1268/1268 1285/1285/1285
f 1268/1268/1268 1286/1286/1286 1285/1285/1285
f 1268/1268/1268 1269/1269/1269 1286/1286/1286
f 1269/1269/1269 1287/1287/1287 1286/1286/1286
f 1269/1269/1269 1270/1270/1270 1287/1287/1287
f 1270/1270/1270 1288/1288/1288 1287/1287/1287
f 1270/1270/1270 1271/1271/1271 1288/1288/1288
f 1271/1271/1271 1289/1289/1289 1288/1288/1288
f 1271/1271/1271 1272/1272/1272 1289/1289/1289
f 1272/1272/1272 1290/1290/1290 1289/1289/1289
f 1272/1272/1272 1273/1273/1273 1290/1290/1290
f 1273/1273/1273 1291/1291/1291 1290/1290/1290
f 1273/1273/1273 1274/1274/1274 1291/1291/1291
f 1274/1274/1274 1292/1292/1292 1291/1291/1291
f 1274/1274/1274 1275/1275/1275 1292/1292/1292
f 1275/1275/1275 1293/1293/1293 1292/1292/1292
f 1275/1275/1275 1276/1276/1276 1293/1293/1293
f 1276/1276/1276 1294/1294/1294 1293/1293/1293
f 1276/1276/1276 1277/1277/1277 1294/1294/1294
f 1277/1277/1277 1295/1295/1295 1294/1294/1294
f 1277/1277/1277 1278/1278/1278 1295/1295/1295
f 1278/1278/1278 1296/1296/1296 1295/1295/1295
f 1297/1297/1297 1315/1315/1315 1298/1298/1298
f 1298/1298/1298 1315/1315/1315 1316/1316/1316
f 1298/1298/1298 1316/1316/1316 1299/1299/1299
f 1299/1299/1299 1316/1316/1316 1317/1317/1317
f 1299/1299/1299 1317/1317/1317 1300/1300/1300
f 1300/1300/1300 1317/1317/1317 1318/1318/1318
f 1300/1300/1300 1318/1318/1318 1301/1301/1301
f 1301/1301/1301 1318/1318/1318 1319/1319/1319
f 1301/1301/1301 1319/1319/1319 1302/1302/1302
f 1302/1302/1302 1319/1319/1319 1320/1320/1320
f 1302/1302/1302 1320/1320/1320 1303/1303/1303
f 1303/1303/1303 1320/1320/1320 1321/1321/1321
f 1303/1303/1303 1321/1321/1321 1304/1304/1304
f 1304/1304/1304 1321/1321/1321 1322/1322/1322
f 1304/1304/1304 1322/1322/1322 1305/1305/1305
f 1305/1305/1305 1322/1322/1322 1323/1323/1323
f 1305/1305/1305 1323/1323/1323 1306/1306/1306
f 1306/1306/1306 1323/1323/1323 1324/1324/1324
f 1306/1306/1306 1324/1324/1324 1307/1307/1307
f 1307/1307/1307 1324/1324/1324 1325/1325/1325
f 1307/1307/1307 1325/1325/1325 1308/1308/1308
f 1308/1308/1308 1325/1325/1325 1326/1326/1326
f 1308/1308/1308 1326/1326/1326 1309/1309/1309
f 1309/1309/1309 1326/1326/1326 1327/1327/1327
f 1309/1309/1309 1327/1327/1327 1310/1310/1310
f 1310/1310/1310 1327/1327/1327 1328/1328/1328
f 1310/1310/1310 1328/1328/1328 1311/1311/1311
f 1311/1311/1311 1328/1328/1328 1329/1329/1329
f 1311/1311/1311 1329/1329/1329 1312/1312/1312
f 1312/1312/1312 1329/1329/1329 1330/1330/1330
f 1312/1312/1312 1330/1330/1330 1313/1313/1313
f 1313/1313/1313 1330/1330/1330 1331/1331/1331
f 1313/1313/1313 1331/1331/1331 1314/1314/1314
f 1314/1314/1314 1331/1331/1331 1332/1332/1332
f 1315/1315/1315 1333/1333/1333 1316/1316/1316
f 1316/1316/1316 1333/1333/1333 1334/1334/1334
f 1316/1316/1316 1334/1334/1334 1317/1317/1317
f 1317/1317/1317 1334/1334/1334 1335/1335/1335
f 1317/1317/1317 1335/1335/1335 1318/1318/1318
f 1318/1318/1318 1335/1335/1335 1336/1336/1336
f 1318/1318/1318 1336/1336/1336 1319/1319/1319
f 1319/1319/1319 1336/1336/1336 1337/1337/1337
f 1319/1319/1319 1337/1337/1337 1320/1320/1320
f 1320/1320/1320 1337/1337/1337 1338/1338/1338
f 1320/1320/1320 1338/1338/1338 1321/1321/1321
f 1321/1321/1321 1338/1338/1338 1339/1339/1339
f 1321/1321/1321 1339/1339/1339 1322/1322/1322
f 1322/1322/1322 1339/1339/1339 1340/1340/1340
f 1322/1322/1322 1340/1340/1340 1323/1323/1323
f 1323/1323/1323 1340/1340/1340 1341/1341/1341
f 1323/1323/1323 1341/1341/1341 1324/1324/1324
f 1324/1324/1324 1341/1341/1341 1342/1342/1342
f 1324/1324/1324 1342/1342/1342 1325/1325/1325
f 1325/1325/1325 1342/1342/1342 1343/1343/1343
f 1325/1325/1325 1343/1343/1343 1326/1326/1326
f 1326/1326/1326 1343/1343/1343 1344/1344/1344
f 1326/1326/1326 1344/1344/1344 1327/1327/1327
f 1327/1327/1327 1344/1344/1344 1345/1345/1345
f 1327/1327/1327 1345/1345/1345 1328/1328/1328
f 1328/1328/1328 1345/1345/1345 1346/1346/1346
f 1328/1328/1328 1346/1346/1346 1329/1329/1329
f 1329/1329/1329 1346/1346/1346 1347/1347/1347
f 1329/1329/1329 1347/1347/1347 1330/1330/1330
f 1330/1330/1330 1347/1347/1347 1348/1348/1348
f 1330/1330/1330 1348/1348/1348 1331/1331/1331
f 1331/1331/1331 1348/1348/1348 1349/1349/1349
f 1331/1331/1331 1349/1349/1349 1332/1332/1332
f 1332/1332/1332 1349/1349/1349 1350/1350/1350
f 1333/1333/1333 1351/1351/1351 1334/1334/1334
f 1334/1334/1334 1351/1351/1351 1352/1352/1352
f 1334/1334/1334 1352/1352/1352 1335/1335/1335
f 1335/1335/1335 1352/1352/1352 1353/1353/1353
f 1335/1335/1335 1353/1353/1353 1336/1336/1336
f 1336/1336/1336 1353/1353/1353 1354/1354/1354
f 1336/1336/1336 1354/1354/1354 1337/1337/1337
f 1337/1337/1337 1354/1354/1354 1355/1355/1355
f 1337/1337/1337 1355/1355/1355 1338/1338/1338
f 1338/1338/1338 1355/1355/1355 1356/1356/1356
f 1338/1338/1338 1356/1356/1356 1339/1339/1339
f 1339/1339/1339 1356/1356/1356 1357/1357/1357
f 1339/1339/1339 1357/1357/1357 1340/1340/1340
f 1340/1340/1340 1357/1357/1357 1358/1358/1358
f 1340/1340/1340 1358/1358/1358 1341/1341/1341
f 1341/1341/1341 1358/1358/1358 1359/1359/1359
f 1341/1341/1341 1359/1359/1359 1342/1342/1342
f 1342/1342/1342 1359/1359/1359 1360/1360/1360
f 1342/1342/1342 1360/1360/1360 1343/1343/1343
f 1343/1343/1343 1360/1360/1360 1361/1361/1361
f 1343/1343/1343 1361/1361/1361 1344/1344/1344
f 1344/1344/1344 1361/1361/1361 1362/1362/1362
f 1344/1344/1344 1362/1362/1362 1345/1345/1345
f 1345/1345/1345 1362/1362/1362 1363/1363/1363
f 1345/1345/1345 1363/1363/1363 1346/1346/1346
f 1346/1346/1346 1363/1363/1363 1364/1364/1364
f 1346/1346/1346 1364/1364/1364 1347/1347/1347
f 1347/1347/1347 1364/1364/1364 1365/1365/1365
f 1347/1347/1347 1365/1365/1365 1348/1348/1348
f 1348/1348/1348 1365/1365/1365 1366/1366/1366
f 1348/1348/1348 1366/1366/1366 1349/1349/1349
f 1349/1349/1349 1366/1366/1366 1367/1367/1367
f 1349/1349/1349 1367/1367/1367 1350/1350/1350
f 1350/1350/1350 1367/1367/1367 1368/1368/1368
f 1351/1351/1351 1369/1369/1369 1352/1352/1352
f 1352/1352/1352 1369/1369/1369 1370/1370/1370
f 1352/1352/1352 1370/1370/1370 1353/1353/1353
f 1353/1353/1353 1370/1370/1370 1371/1371/1371
f 1353/1353/1353 1371/1371/1371 1354/1354/1354
f 1354/1354/1354 1371/1371/1371 1372/1372/1372
f 1354/1354/1354 1372/1372/1372 1355/1355/1355
f 1355/1355/1355 1372/1372/1372 1373/1373/1373
f 1355/1355/1355 1373/1373/1373 1356/1356/1356
f 1356/1356/1356 1373/1373/1373 1374/1374/1374
f 1356/1356/1356 1374/1374/1374 1357/1357/1357
f 1357/1357/1357 1374/1374/1374 1375/1375/1375
f 1357/1357/1357 1375/1375/1375 1358/1358/1358
f 1358/1358/1358 1375/1375/1375 1376/1376/1376
f 1358/1358/1358 1376/1376/1376 1359/1359/1359
f 1359/1359/1359 1376/1376/1376 1377/1377/1377
f 1359/1359/1359 1377/1377/1377 1360/1360/1360
f 1360/1360/1360 1377/1377/1377 1378/1378/1378
f 1360/1360/1360 1378/1378/1378 1361/1361/1361
f 1361/1361/1361 1378/1378/1378 1379/1379/1379
f 1361/1361/1361 1379/1379/1379 1362/1362/1362
f 1362/1362/1362 1379/1379/1379 1380/1380/1380
f 1362/1362/1362 1380/1380/1380 1363/1363/1363
f 1363/1363/1363 1380/1380/1380 1381/1381/1381
f 1363/1363/1363 1381/1381/1381 1364/1364/1364
f 1364/1364/1364 1381/1381/1381 1382/1382/1382
f 1364/1364/1364 1382/1382/1382 1365/1365/1365
f 1365/1365/1365 1382/1382/1382 1383/1383/1383
f 1365/1365/1365 1383/1383/1383 1366/1366/1366
f 1366/1366/1366 1383/1383/1383 1384/1384/1384
f 1366/1366/1366 1384/1384/1384 1367/1367/1367
f 1367/1367/1367 1384/1384/1384 1385/1385/1385
f 1367/1367/1367 1385/1385/1385 1368/1368/1368
f 1368/1368/1368 1385/1385/1385 1386/1386/1386
f 1369/1369/1369 1387/1387/1387 1370/1370/1370
f 1370/1370/1370 1387/1387/1387 1388/1388/1388
f 1370/1370/1370 1388/1388/1388 1371/1371/1371
f 1371/1371/1371 1388/1388/1388 1389/1389/1389
f 1371/1371/1371 1389/1389/1389 1372/1372/1372
f 1372/1372/1372 1389/1389/1389 1390/1390/1390
f 1372/1372/1372 1390/1390/1390 1373/1373/1373
f 1373/1373/1373 1390/1390/1390 1391/1391/1391
f 1373/1373/1373 1391/1391/1391 1374/1374/1374
f 1374/1374/1374 1391/1391/1391 1392/1392/1392
f 1374/1374/1374 1392/1392/1392 1375/1375/1375
f 1375/1375/1375 1392/1392/1392 1393/1393/1393
f 1375/1375/1375 1393/1393/1393 1376/1376/1376
f 1376/1376/1376 1393/1393/1393 1394/1394/1394
f 1376/1376/1376 1394/1394/1394 1377/1377/1377
f 1377/1377/1377 1394/1394/1394 1395/1395/1395
f 1377/1377/1377 1395/1395/1395 1378/1378/1378
f 1378/1378/1378 1395/1395/1395 1396/1396/1396
f 1378/1378/1378 1396/1396/1396 1379/1379/1379
f 1379/1379/1379 1396/1396/1396 1397/1397/1397
f 1379/1379/1379 1397/1397/1397 1380/1380/1380
f 1380/1380/1380 1397/1397/1397 1398/1398/1398
f 1380/1380/1380 1398/1398/1398 1381/1381/1381
f 1381/1381/1381 1398/1398/1398 1399/1399/1399
f 1381/1381/1381 1399/1399/1399 1382/1382/1382
f 1382/1382/1382 1399/1399/1399 1400/1400/1400
f 1382/1382/1382 1400/1400/1400 1383/1383/1383
f 1383/1383/1383 1400/1400/1400 1401/1401/1401
f 1383/1383/1383 1401/1401/1401 1384/1384/1384
f 1384/1384/1384 1401/1401/1401 1402/1402/1402
f 1384/1384/1384 1402/1402/1402 1385/1385/1385
f 1385/1385/1385 1402/1402/1402 1403/1403/1403
f 1385/1385/1385 1403/1403/1403 1386/1386/1386
f 1386/1386/1386 1403/1403/1403 1404/1404/1404
f 1387/1387/1387 1405/1405/1405 1388/1388/1388
f 1388/1388/1388 1405/1405/1405 1406/1406/1406
f 1388/1388/1388 1406/1406/1406 1389/1389/1389
f 1389/1389/1389 1406/1406/1406 1407/1407/1407
f 1389/1389/1389 1407/1407/1407 1390/1390/1390
f 1390/1390/1390 1407/1407/1407 1408/1408/1408
f 1390/1390/1390 1408/1408/1408 1391/1391/1391
f 1391/1391/1391 1408/1408/1408 1409/1409/1409
f 1391/1391/1391 1409/1409/1409 1392/1392/1392
f 1392/1392/1392 1409/1409/1409 1410/1410/1410
f 1392/1392/1392 1410/1410/1410 1393/1393/1393
f 1393/1393/1393 1410/1410/1410 1411/1411/1411
f 1393/1393/1393 1411/1411/1411 1394/1394/1394
f 1394/1394/1394 1411/1411/1411 1412/1412/1412
f 1394/1394/1394 1412/1412/1412 1395/1395/1395
f 1395/1395/1395 1412/1412/1412 1413/1413/1413
f 1395/1395/1395 1413/1413/1413 1396/1396/1396
f 1396/1396/1396 1413/1413/1413 1414/1414/1414
f 1396/1396/1396 1414/1414/1414 1397/1397/1397
f 1397/1397/1397 1414/1414/1414 1415/1415/1415
f 1397/1397/1397 1415/1415/1415 1398/1398/1398
f 1398/1398/1398 1415/1415/1415 1416/1416/1416
f 1398/1398/1398 1416/1416/1416 1399/1399/1399
f 1399/1399/1399 1416/1416/1416 1417/1417/1417
f 1399/1399/1399 1417/1417/1417 1400/1400/1400
f 1400/1400/1400 1417/1417/1417 1418/1418/1418
f 1400/1400/1400 1418/1418/1418 1401/1401/1401
f 1401/1401/1401 1418/1418/1418 1419/1419/1419
f 1401/1401/1401 1419/1419/1419 1402/1402/1402
f 1402/1402/1402 1419/1419/1419 1420/1420/1420
f 1402/1402/1402 1420/1420/1420 1403/1403/1403
f 1403/1403/1403 1420/1420/1420 1421/1421/1421
f 1403/1403/1403 1421/1421/1421 1404/1404/1404
f 1404/1404/1404 1421/1421/1421 1422/1422/1422
f 1405/1405/1405 1423/1423/1423 1406/1406/1406
f 1406/1406/1406 1423/1423/1423 1424/1424/1424
f 1406/1406/1406 1424/1424/1424 1407/1407/1407
f 1407/1407/1407 1424/1424/1424 1425/1425/1425
f 1407/1407/1407 1425/1425/1425 1408/1408/1408
f 1408/1408/1408 1425/1425/1425 1426/1426/1426
f 1408/1408/1408 1426/1426/1426 1409/1409/1409
f 1409/1409/1409 1426/1426/1426 1427/1427/1427
f 1409/1409/1409 1427/1427/1427 1410/1410/1410
f 1410/1410/1410 1427/1427/1427 1428/1428/1428
f 1410/1410/1410 1428/1428/1428 1411/1411/1411
f 1411/1411/1411 1428/1428/1428 1429/1429/1429
f 1411/1411/1411 1429/1429/1429 1412/1412/1412
f 1412/1412/1412 1429/1429/1429 1430/1430/1430
f 1412/1412/1412 1430/1430/1430 1413/1413/1413
f 1413/1413/1413 1430/1430/1430 1431/1431/1431
f 1413/1413/1413 1431/1431/1431 1414/1414/1414
f 1414/1414/1414 1431/1431/1431 1432/1432/1432
f 1414/1414/1414 1432/1432/1432 1415/1415/1415
f 1415/1415/1415 1432/1432/1432 1433/1433/1433
f 1415/1415/1415 1433/1433/1433 1416/1416/1416
f 1416/1416/1416 1433/1433/1433 1434/1434/1434
f 1416/1416/1416 1434/1434/1434 1417/1417/1417
f 1417/1417/1417 1434/1434/1434 1435/1435/1435
f 1417/1417/1417 1435/1435/1435 1418/1418/1418
f 1418/1418/1418 1435/1435/1435 1436/1436/1436
f 1418/1418/1418 1436/1436/1436 1419/1419/1419
f 1419/1419/1419 1436/1436/1436 1437/1437/1437
f 1419/1419/1419 1437/1437/1437 1420/1420/1420
f 1420/1420/1420 1437/1437/1437 1438/1438/1438
f 1420/1420/1420 1438/1438/1438 1421/1421/1421
f 1421/1421/1421 1438/1438/1438 1439/1439/1439
f 1421/1421/1421 1439/1439/1439 1422/1422/1422
f 1422/1422/1422 1439/1439/1439 1440/1440/1440
f 1423/1423/1423 1441/1441/1441 1424/1424/1424
f 1424/1424/1424 1441/1441/1441 1442/1442/1442
f 1424/1424/1424 1442/1442/1442 1425/1425/1425
f 1425/1425/1425 1442/1442/1442 1443/1443/1443
f 1425/1425/1425 1443/1443/1443 1426/1426/1426
f 1426/1426/1426 1443/1443/1443 1444/1444/1444
f 1426/1426/1426 1444/1444/1444 1427/1427/1427
f 1427/1427/1427 1444/1444/1444 1445/1445/1445
f 1427/1427/1427 1445/1445/1445 1428/1428/1428
f 1428/1428/1428 1445/1445/1445 1446/1446/1446
f 1428/1428/1428 1446/1446/1446 1429/1429/1429
f 1429/1429/1429 1446/1446/1446 1447/1447/1447
f 1429/1429/1429 1447/1447/1447 1430/1430/1430
f 1430/1430/1430 1447/1447/1447 1448/1448/1448
f 1430/1430/1430 1448/1448/1448 1431/1431/1431
f 1431/1431/1431 1448/1448/1448 1449/1449/1449
f 1431/1431/1431 1449/1449/1449 1432/1432/1432
f 1432/1432/1432 1449/1449/1449 1450/1450/1450
f 1432/1432/1432 1450/1450/1450 1433/1433/1433
f 1433/1433/1433 1450/1450/1450 1451/1451/1451
f 1433/1433/1433 1451/1451/1451 1434/1434/1434
f 1434/1434/1434 1451/1451/1451 1452/1452/1452
f 1434/1434/1434 1452/1452/1452 1435/1435/1435
f 1435/1435/1435 1452/1452/1452 1453/1453/1453
f 1435/1435/1435 1453/1453/1453 1436/1436/1436
f 1436/1436/1436 1453/1453/1453 1454/1454/1454
f 1436/1436/1436 1454/1454/1454 1437/1437/1437
f 1437/1437/1437 1454/1454/1454 1455/1455/1455
f 1437/1437/1437 1455/1455/1455 1438/1438/1438
f 1438/1438/1438 1455/1455/1455 1456/1456/1456
f 1438/1438/1438 1456/1456/1456 1439/1439/1439
f 1439/1439/1439 1456/1456/1456 1457/1457/1457
f 1439/1439/1439 1457/1457/1457 1440/1440/1440
f 1440/1440/1440 1457/1457/1457 1458/1458/1458
f 1441/1441/1441 1459/1459/1459 1442/1442/1442
f 1442/1442/1442 1459/1459/1459 1460/1460/1460
f 1442/1442/1442 1460/1460/1460 1443/1443/1443
f 1443/1443/1443 1460/1460/1460 1461/1461/1461
f 1443/1443/1443 1461/1461/1461 1444/1444/1444
f 1444/1444/1444 1461/1461/1461 1462/1462/1462
f 1444/1444/1444 1462/1462/1462 1445/1445/1445
f 1445/1445/1445 1462/1462/1462 1463/1463/1463
f 1445/1445/1445 1463/1463/1463 1446/1446/1446
f 1446/1446/1446 1463/1463/1463 1464/1464/1464
f 1446/1446/1446 1464/1464/1464 1447/1447/1447
f 1447/1447/1447 1464/1464/1464 1465/1465/1465
f 1447/1447/1447 1465/1465/1465 1448/1448/1448
f 1448/1448/1448 1465/1465/1465 1466/1466/1466
f 1448/1448/1448 1466/1466/1466 1449/1449/1449
f 1449/1449/1449 1466/1466/1466 1467/1467/1467
f 1449/1449/1449 1467/1467/1467 1450/1450/1450
f 1450/1450/1450 1467/1467/1467 1468/1468/1468
f 1450/1450/1450 1468/1468/1468 1451/1451/1451
f 1451/1451/1451 1468/1468/1468 1469/1469/1469
f 1451/1451/1451 1469/1469/1469 1452/1452/1452
f 1452/1452/1452 1469/1469/1469 1470/1470/1470
f 1452/1452/1452 1470/1470/1470 1453/1453/1453
f 1453/1453/1453 1470/1470/1470 1471/1471/1471
f 1453/1453/1453 1471/1471/1471 1454/1454/1454
f 1454/1454/1454 1471/1471/1471 1472/1472/1472
f 1454/1454/1454 1472/1472/1472 1455/1455/1455
f 1455/1455/1455 1472/1472/1472 1473/1473/1473
f 1455/1455/1455 1473/1473/1473 1456/1456/1456
f 1456/1456/1456 1473/1473/1473 1474/1474/1474
f 1456/1456/1456 1474/1474/1474 1457/1457/1457
f 1457/1457/1457 1474/1474/1474 1475/1475/1475
f 1457/1457/1457 1475/1475/1475 1458/1458/1458
f 1458/1458/1458 1475/1475/1475 1476/1476/1476
f 1459/1459/1459 1477/1477/1477 1460/1460/1460
f 1460/1460/1460 1477/1477/1477 1478/1478/1478
f 1460/1460/1460 1478/1478/1478 1461/1461/1461
f 1461/1461/1461 1478/1478/1478 1479/1479/1479
f 1461/1461/1461 1479/1479/1479 1462/1462/1462
f 1462/1462/1462 1479/1479/1479 1480/1480/1480
f 1462/1462/1462 1480/1480/1480 1463/1463/1463
f 1463/1463/1463 1480/1480/1480 1481/1481/1481
f 1463/1463/1463 1481/1481/1481 1464/1464/1464
f 1464/1464/1464 1481/1481/1481 1482/1482/1482
f 1464/1464/1464 1482/1482/1482 1465/1465/1465
f 1465/1465/1465 1482/1482/1482 1483/1483/1483
f 1465/1465/1465 1483/1483/1483 1466/1466/1466
f 1466/1466/1466 1483/1483/1483 1484/1484/1484
f 1466/1466/1466 1484/1484/1484 1467/1467/1467
f 1467/1467/1467 1484/1484/1484 1485/1485/1485
f 1467/1467/1467 1485/1485/1485 1468/1468/1468
f 1468/1468/1468 1485/1485/1485 1486/1486/1486
f 1468/1468/1468 1486/1486/1486 1469/1469/1469
f 1469/1469/1469 1486/1486/1486 1487/1487/1487
f 1469/1469/1469 1487/1487/1487 1470/1470/1470
f 1470/1470/1470 1487/1487/1487 1488/1488/1488
f 1470/1470/1470 1488/1488/1488 1471/1471/1471
f 1471/1471/1471 1488/1488/1488 1489/1489/1489
f 1471/1471/1471 1489/1489/1489 1472/1472/1472
f 1472/1472/1472 1489/1489/1489 1490/1490/1490
f 1472/1472/1472 1490/1490/1490 1473/1473/1473
f 1473/1473/1473 1490/1490/1490 1491/1491/1491
f 1473/1473/1473 1491/1491/1491 1474/1474/1474
f 1474/1474/1474 1491/1491/1491 1492/1492/1492
f 1474/1474/1474 1492/1492/1492 1475/1475/1475
f 1475/1475/1475 1492/1492/1492 1493/1493/1493
f 1475/1475/1475 1493/1493/1493 1476/1476/1476
f 1476/1476/1476 1493/1493/1493 1494/1494/1494
f 1477/1477/1477 1495/1495/1495 1478/1478/1478
f 1478/1478/1478 1495/1495/1495 1496/1496/1496
f 1478/1478/1478 1496/1496/1496 1479/1479/1479
f 1479/1479/1479 1496/1496/1496 1497/1497/1497
f 1479/1479/1479 1497/1497/1497 1480/1480/1480
f 1480/1480/1480 1497/1497/1497 1498/1498/1498
f 1480/1480/1480 1498/1498/1498 1481/1481/1481
f 1481/1481/1481 1498/1498/1498 1499/1499/1499
f 1481/1481/1481 1499/1499/1499 1482/1482/1482
f 1482/1482/1482 1499/1499/1499 1500/1500/1500
f 1482/1482/1482 1500/1500/1500 1483/1483/1483
f 1483/1483/1483 1500/1500/1500 1501/1501/1501
f 1483/1483/1483 1501/1501/1501 1484/1484/1484
f 1484/1484/1484 1501/1501/1501 1502/1502/1502
f 1484/1484/1484 1502/1502/1502 1485/1485/1485
f 1485/1485/1485 1502/1502/1502 1503/1503/1503
f 1485/1485/1485 1503/1503/1503 1486/1486/1486
f 1486/1486/1486 1503/1503/1503 1504/1504/1504
f 1486/1486/1486 1504/1504/1504 1487/1487/1487
f 1487/1487/1487 1504/1504/1504 1505/1505/1505
f 1487/1487/1487 1505/1505/1505 1488/1488/1488
f 1488/1488/1488 1505/1505/1505 1506/1506/1506
f 1488/1488/1488 1506/1506/1506 1489/1489/1489
f 1489/1489/1489 1506/1506/1506 1507/1507/1507
f 1489/1489/1489 1507/1507/1507 1490/1490/1490
f 1490/1490/1490 1507/1507/1507 1508/1508/1508
f 1490/1490/1490 1508/1508/1508 1491/1491/1491
f 1491/1491/1491 1508/1508/1508 1509/1509/1509
f 1491/1491/1491 1509/1509/1509 1492/1492/1492
f 1492/1492/1492 1509/1509/1509 1510/1510/1510
f 1492/1492/1492 1510/1510/1510 1493/1493/1493
f 1493/1493/1493 1510/1510/1510 1511/1511/1511
f 1493/1493/1493 1511/1511/1511 1494/1494/1494
f 1494/1494/1494 1511/1511/1511 1512/1512/1512
f 1495/1495/1495 1513/1513/1513 1496/1496/1496
f 1496/1496/1496 1513/1513/1513 1514/1514/1514
f 1496/1496/1496 1514/1514/1514 1497/1497/1497
f 1497/1497/1497 1514/1514/1514 1515/1515/1515
f 1497/1497/1497 1515/1515/1515 1498/1498/1498
f 1498/1498/1498 1515/1515/1515 1516/1516/1516
f 1498/1498/1498 1516/1516/1516 1499/1499/1499
f 1499/1499/1499 1516/1516/1516 1517/1517/1517
f 1499/1499/1499 1517/1517/1517 1500/1500/1500
f 1500/1500/1500 1517/1517/1517 1518/1518/1518
f 1500/1500/1500 1518/1518/1518 1501/1501/1501
f 1501/1501/1501 1518/1518/1518 1519/1519/1519
f 1501/1501/1501 1519/1519/1519 1502/1502/1502
f 1502/1502/1502 1519/1519/1519 1520/1520/1520
f 1502/1502/1502 1520/1520/1520 1503/1503/1503
f 1503/1503/1503 1520/1520/1520 1521/1521/1521
f 1503/1503/1503 1521/1521/1521 1504/1504/1504
f 1504/1504/1504 1521/1521/1521 1522/1522/1522
f 1504/1504/1504 1522/1522/1522 1505/1505/1505
f 1505/1505/1505 1522/1522/1522 1523/1523/1523
f 1505/1505/1505 1523/1523/1523 1506/1506/1506
f 1506/1506/1506 1523/1523/1523 1524/1524/1524
f 1506/1506/1506 1524/1524/1524 1507/1507/1507
f 1507/1507/1507 1524/1524/1524 1525/1525/1525
f 1507/1507/1507 1525/1525/1525 1508/1508/1508
f 1508/1508/1508 1525/1525/1525 1526/1526/1526
f 1508/1508/1508 1526/1526/1526 1509/1509/1509
f 1509/1509/1509 1526/1526/1526 1527/1527/1527
f 1509/1509/1509 1527/1527/1527 1510/1510/1510
f 1510/1510/1510 1527/1527/1527 1528/1528/1528
f 1510/1510/1510 1528/1528/1528 1511/1511/1511
f 1511/1511/1511 1528/1528/1528 1529/1529/1529
f 1511/1511/1511 1529/1529/1529 1512/1512/1512
f 1512/1512/1512 1529/1529/1529 1530/1530/1530
f 1513/1513/1513 1531/1531/1531 1514/1514/1514
f 1514/1514/1514 1531/1531/1531 1532/1532/1532
f 1514/1514/1514 1532/1532/1532 1515/1515/1515
f 1515/1515/1515 1532/1532/1532 1533/1533/1533
f 1515/1515/1515 1533/1533/1533 1516/1516/1516
f 1516/1516/1516 1533/1533/1533 1534/1534/1534
f 1516/1516/1516 1534/1534/1534 1517/1517/1517
f 1517/1517/1517 1534/1534/1534 1535/1535/1535
f 1517/1517/1517 1535/1535/1535 1518/1518/1518
f 1518/1518/1518 1535/1535/1535 1536/1536/1536
f 1518/1518/1518 1536/1536/1536 1519/1519/1519
f 1519/1519/1519 1536/1536/1536 1537/1537/1537
f 1519/1519/1519 1537/1537/1537 1520/1520/1520
f 1520/1520/1520 1537/1537/1537 1538/1538/1538
f 1520/1520/1520 1538/1538/1538 1521/1521/1521
f 1521/1521/1521 1538/1538/1538 1539/1539/1539
f 1521/1521/1521 1539/1539/1539 1522/1522/1522
f 1522/1522/1522 1539/1539/1539 1540/1540/1540
f 1522/1522/1522 1540/1540/1540 1523/1523/1523
f 1523/1523/1523 1540/1540/1540 1541/1541/1541
f 1523/1523/1523 1541/1541/1541 1524/1524/1524
f 1524/1524/1524 1541/1541/1541 1542/1542/1542
f 1524/1524/1524 1542/1542/1542 1525/1525/1525
f 1525/1525/1525 1542/1542/1542 1543/1543/1543
f 1525/1525/1525 1543/1543/1543 1526/1526/1526
f 1526/1526/1526 1543/1543/1543 1544/1544/1544
f 1526/1526/1526 1544/1544/1544 1527/1527/1527
f 1527/1527/1527 1544/1544/1544 1545/1545/1545
f 1527/1527/1527 1545/1545/1545 1528/1528/1528
f 1528/1528/1528 1545/1545/1545 1546/1546/1546
f 1528/1528/1528 1546/1546/1546 1529/1529/1529
f 1529/1529/1529 1546/1546/1546 1547/1547/1547
f 1529/1529/1529 1547/1547/1547 1530/1530/1530
f 1530/1530/1530 1547/1547/1547 1548/1548/1548
f 1531/1531/1531 1549/1549/1549 1532/1532/1532
f 1532/1532/1532 1549/1549/1549 1550/1550/1550
f 1532/1532/1532 1550/1550/1550 1533/1533/1533
f 1533/1533/1533 1550/1550/1550 1551/1551/1551
f 1533/1533/1533 1551/1551/1551 1534/1534/1534
f 1534/1534/1534 1551/1551/1551 1552/1552/1552
f 1534/1534/1534 1552/1552/1552 1535/1535/1535
f 1535/1535/1535 1552/1552/1552 1553/1553/1553
f 1535/1535/1535 1553/1553/1553 1536/1536/1536
f 1536/1536/1536 1553/1553/1553 1554/1554/1554
f 1536/1536/1536 1554/1554/1554 1537/1537/1537
f 1537/1537/1537 1554/1554/1554 1555/1555/1555
f 1537/1537/1537 1555/1555/1555 1538/1538/1538
f 1538/1538/1538 1555/1555/1555 1556/1556/1556
f 1538/1538/1538 1556/1556/1556 1539/1539/1539
f 1539/1539/1539 1556/1556/1556 1557/1557/1557
f 1539/1539/1539 1557/1557/1557 1540/1540/1540
f 1540/1540/1540 1557/1557/1557 1558/1558/1558
f 1540/1540/1540 1558/1558/1558 1541/1541/1541
f 1541/1541/1541 1558/1558/1558 1559/1559/1559
f 1541/1541/1541 1559/1559/1559 1542/1542/1542
f 1542/1542/1542 1559/1559/1559 1560/1560/1560
f 1542/1542/1542 1560/1560/1560 1543/1543/1543
f 1543/1543/1543 1560/1560/1560 1561/1561/1561
f 1543/1543/1543 1561/1561/1561 1544/1544/1544
f 1544/1544/1544 1561/1561/1561 1562/1562/1562
f 1544/1544/1544 1562/1562/1562 1545/1545/1545
f 1545/1545/1545 1562/1562/1562 1563/1563/1563
f 1545/1545/1545 1563/1563/1563 1546/1546/1546
f 1546/1546/1546 1563/1563/1563 1564/1564/1564
f 1546/1546/1546 1564/1564/1564 1547/1547/1547
f 1547/1547/1547 1564/1564/1564 1565/1565/1565
f 1547/1547/1547 1565/1565/1565 1548/1548/1548
f 1548/1548/1548 1565/1565/1565 1566/1566/1566
f 1549/1549/1549 1567/1567/1567 1550/1550/1550
f 1550/1550/1550 1567/1567/1567 1568/1568/1568
f 1550/1550/1550 1568/1568/1568 1551/1551/1551
f 1551/1551/1551 1568/1568/1568 1569/1569/1569
f 1551/1551/1551 1569/1569/1569 1552/1552/1552
f 1552/1552/1552 1569/1569/1569 1570/1570/1570
f 1552/1552/1552 1570/1570/1570 1553/1553/1553
f 1553/1553/1553 1570/1570/1570 1571/1571/1571
f 1553/1553/1553 1571/1571/1571 1554/1554/1554
f 1554/1554/1554 1571/1571/1571 1572/1572/1572
f 1554/1554/1554 1572/1572/1572 1555/1555/1555
f 1555/1555/1555 1572/1572/1572 1573/1573/1573
f 1555/1555/1555 1573/1573/1573 1556/1556/1556
f 1556/1556/1556 1573/1573/1573 1574/1574/1574
f 1556/1556/1556 1574/1574/1574 1557/1557/1557
f 1557/1557/1557 1574/1574/1574 1575/1575/1575
f 1557/1557/1557 1575/1575/1575 1558/1558/1558
f 1558/1558/1558 1575/1575/1575 1576/1576/1576
f 1558/1558/1558 1576/1576/1576 1559/1559/1559
f 1559/1559/1559 1576/1576/1576 1577/1577/1577
f 1559/1559/1559 1577/1577/1577 1560/1560/1560
f 1560/1560/1560 1577/1577/1577 1578/1578/1578
f 1560/1560/1560 1578/1578/1578 1561/1561/1561
f 1561/1561/1561 1578/1578/1578 1579/1579/1579
f 1561/1561/1561 1579/1579/1579 1562/1562/1562
f 1562/1562/1562 1579/1579/1579 1580/1580/1580
f 1562/1562/1562 1580/1580/1580 1563/1563/1563
f 1563/1563/1563 1580/1580/1580 1581/1581/1581
f 1563/1563/1563 1581/1581/1581 1564/1564/1564
f 1564/1564/1564 1581/1581/1581 1582/1582/1582
f 1564/1564/1564 1582/1582/1582 1565/1565/1565
f 1565/1565/1565 1582/1582/1582 1583/1583/1583
f 1565/1565/1565 1583/1583/1583 1566/1566/1566
f 1566/1566/1566 1583/1583/1583 1584/1584/1584
f 1567/1567/1567 1585/1585/1585 1568/1568/1568
f 1568/1568/1568 1585/1585/1585 1586/1586/1586
f 1568/1568/1568 1586/1586/1586 1569/1569/1569
f 1569/1569/1569 1586/1586/1586 1587/1587/1587
f 1569/1569/1569 1587/1587/1587 1570/1570/1570
f 1570/1570/1570 1587/1587/1587 1588/1588/1588
f 1570/1570/1570 1588/1588/1588 1571/1571/1571
f 1571/1571/1571 1588/1588/1588 1589/1589/1589
f 1571/1571/1571 1589/1589/1589 1572/1572/1572
f 1572/1572/1572 1589/1589/1589 1590/1590/1590
f 1572/1572/1572 1590/1590/1590 1573/1573/1573
f 1573/1573/1573 1590/1590/1590 1591/1591/1591
f 1573/1573/1573 1591/1591/1591 1574/1574/1574
f 1574/1574/1574 1591/1591/1591 1592/1592/1592
f 1574/1574/1574 1592/1592/1592 1575/1575/1575
f 1575/1575/1575 1592/1592/1592 1593/1593/1593
f 1575/1575/1575 1593/1593/1593 1576/1576/1576
f 1576/1576/1576 1593/1593/1593 1594/1594/1594
f 1576/1576/1576 1594/1594/1594 1577/1577/1577
f 1577/1577/1577 1594/1594/1594 1595/1595/1595
f 1577/1577/1577 1595/1595/1595 1578/1578/1578
f 1578/1578/1578 1595/1595/1595 1596/1596/1596
f 1578/1578/1578 1596/1596/1596 1579/1579/1579
f 1579/1579/1579 1596/1596/1596 1597/1597/1597
f 1579/1579/1579 1597/1597/1597 1580/1580/1580
f 1580/1580/1580 1597/1597/1597 1598/1598/1598
f 1580/1580/1580 1598/1598/1598 1581/1581/1581
f 1581/1581/1581 1598/1598/1598 1599/1599/1599
f 1581/1581/1581 1599/1599/1599 1582/1582/1582
f 1582/1582/1582 1599/1599/1599 1600/1600/1600
f 1582/1582/1582 1600/1600/1600 1583/1583/1583
f 1583/1583/1583 1600/1600/1600 1601/1601/1601
f 1583/1583/1583 1601/1601/1601 1584/1584/1584
f 1584/1584/1584 1601/1601/1601 1602/1602/1602
f 1585/1585/1585 1603/1603/1603 1586/1586/1586
f 1586/1586/1586 1603/1603/1603 1604/1604/1604
f 1586/1586/1586 1604/1604/1604 1587/1587/1587
f 1587/1587/1587 1604/1604/1604 1605/1605/1605
f 1587/1587/1587 1605/1605/1605 1588/1588/1588
f 1588/1588/1588 1605/1605/1605 1606/1606/1606
f 1588/1588/1588 1606/1606/1606 1589/1589/1589
f 1589/1589/1589 1606/1606/1606 1607/1607/1607
f 1589/1589/1589 1607/1607/1607 1590/1590/1590
f 1590/1590/1590 1607/1607/1607 1608/1608/1608
f 1590/1590/1590 1608/1608/1608 1591/1591/1591
f 1591/1591/1591 1608/1608/1608 1609/1609/1609
f 1591/1591/1591 1609/1609/1609 1592/1592/1592
f 1592/1592/1592 1609/1609/1609 1610/1610/1610
f 1592/1592/1592 1610/1610/1610 1593/1593/1593
f 1593/1593/1593 1610/1610/1610 1611/1611/1611
f 1593/1593/1593 1611/1611/1611 1594/1594/1594
f 1594/1594/1594 1611/1611/1611 1612/1612/1612
f 1594/1594/1594 1612/1612/1612 1595/1595/1595
f 1595/1595/1595 1612/1612/1612 1613/1613/1613
f 1595/1595/1595 1613/1613/1613 1596/1596/1596
f 1596/1596/1596 1613/1613/1613 1614/1614/1614
f 1596/1596/1596 1614/1614/1614 1597/1597/1597
f 1597/1597/1597 1614/1614/1614 1615/1615/1615
f 1597/1597/1597 1615/1615/1615 1598/1598/1598
f 1598/1598/1598 1615/1615/1615 1616/1616/1616
f 1598/1598/1598 1616/1616/1616 1599/1599/1599
f 1599/1599/1599 1616/1616/1616 1617/1617/1617
f 1599/1599/1599 1617/1617/1617 1600/1600/1600
f 1600/1600/1600 1617/1617/1617 1618/1618/1618
f 1600/1600/1600 1618/1618/1618 1601/1601/1601
f 1601/1601/1601 1618/1618/1618 1619/1619/1619
f 1601/1601/1601 1619/1619/1619 1602/1602/1602
f 1602/1602/1602 1619/1619/1619 1620/1620/1620
f 1621/1621/1621 1639/1639/1639 1622/1622/1622
f 1622/1622/1622 1639/1639/1639 1640/1640/1640
f 1622/1622/1622 1640/1640/1640 1623/1623/1623
f 1623/1623/1623 1640/1640/1640 1641/1641/1641
f 1623/1623/1623 1641/1641/1641 1624/1624/1624
f 1624/1624/1624 1641/1641/1641 1642/1642/1642
f 1624/1624/1624 1642/1642/1642 1625/1625/1625
f 1625/1625/1625 1642/1642/1642 1643/1643/1643
f 1625/1625/1625 1643/1643/1643 1626/1626/1626
f 1626/1626/1626 1643/1643/1643 1644/1644/1644
f 1626/1626/1626 1644/1644/1644 1627/1627/1627
f 1627/1627/1627 1644/1644/1644 1645/1645/1645
f 1627/1627/1627 1645/1645/1645 1628/1628/1628
f 1628/1628/1628 1645/1645/1645 1646/1646/1646
f 1628/1628/1628 1646/1646/1646 1629/1629/1629
f 1629/1629/1629 1646/1646/1646 1647/1647/1647
f 1629/1629/1629 1647/1647/1647 1630/1630/1630
f 1630/1630/1630 1647/1647/1647 1648/1648/1648
f 1630/1630/1630 1648/1648/1648 1631/1631/1631
f 1631/1631/1631 1648/1648/1648 1649/1649/1649
f 1631/1631/1631 1649/1649/1649 1632/1632/1632
f 1632/1632/1632 1649/1649/1649 1650/1650/1650
f 1632/1632/1632 1650/1650/1650 1633/1633/1633
f 1633/1633/1633 1650/1650/1650 1651/1651/1651
f 1633/1633/1633 1651/1651/1651 1634/1634/1634
f 1634/1634/1634 1651/1651/1651 1652/1652/1652
f 1634/1634/1634 1652/1652/1652 1635/1635/1635
f 1635/1635/1635 1652/1652/1652 1653/1653/1653
f 1635/1635/1635 1653/1653/1653 1636/1636/1636
f 1636/1636/1636 1653/1653/1653 1654/1654/1654
f 1636/1636/1636 1654/1654/1654 1637/1637/1637
f 1637/1637/1637 1654/1654/1654 1655/1655/1655
f 1637/1637/1637 1655/1655/1655 1638/1638/1638
f 1638/1638/1638 1655/1655/1655 1656/1656/1656
f 1639/1639/1639 1657/1657/1657 1640/1640/1640
f 1640/1640/1640 1657/1657/1657 1658/1658/1658
f 1640/1640/1640 1658/1658/1658 1641/1641/1641
f 1641/1641/1641 1658/1658/1658 1659/1659/1659
f 1641/1641/1641 1659/1659/1659 1642/1642/1642
f 1642/1642/1642 1659/1659/1659 1660/1660/1660
f 1642/1642/1642 1660/1660/1660 1643/1643/1643
f 1643/1643/1643 1660/1660/1660 1661/1661/1661
f 1643/1643/1643 1661/1661/1661 1644/1644/1644
f 1644/1644/1644 1661/1661/1661 1662/1662/1662
f 1644/1644/1644 1662/1662/1662 1645/1645/1645
f 1645/1645/1645 1662/1662/1662 1663/1663/1663
f 1645/1645/1645 1663/1663/1663 1646/1646/1646
f 1646/1646/1646 1663/1663/1663 1664/1664/1664
f 1646/1646/1646 1664/1664/1664 1647/1647/1647
f 1647/1647/1647 1664/1664/1664 1665/1665/1665
f 1647/1647/1647 1665/1665/1665 1648/1648/1648
f 1648/1648/1648 1665/1665/1665 1666/1666/1666
f 1648/1648/1648 1666/1666/1666 1649/1649/1649
f 1649/1649/1649 1666/1666/1666 1667/1667/1667
f 1649/1649/1649 1667/1667/1667 1650/1650/1650
f 1650/1650/1650 1667/1667/1667 1668/1668/1668
f 1650/1650/1650 1668/1668/1668 1651/1651/1651
f 1651/1651/1651 1668/1668/1668 1669/1669/1669
f 1651/1651/1651 1669/1669/1669 1652/1652/1652
f 1652/1652/1652 1669/1669/1669 1670/1670/1670
f 1652/1652/1652 1670/1670/1670 1653/1653/1653
f 1653/1653/1653 1670/1670/1670 1671/1671/1671
f 1653/1653/1653 1671/1671/1671 1654/1654/1654
f 1654/1654/1654 1671/1671/1671 1672/1672/1672
f 1654/1654/1654 1672/1672/1672 1655/1655/1655
f 1655/1655/1655 1672/1672/1672 1673/1673/1673
f 1655/1655/1655 1673/1673/1673 1656/1656/1656
f 1656/1656/1656 1673/1673/1673 1674/1674/1674
f 1657/1657/1657 1675/1675/1675 1658/1658/1658
f 1658/1658/1658 1675/1675/1675 1676/1676/1676
f 1658/1658/1658 1676/1676/1676 1659/1659/1659
f 1659/1659/1659 1676/1676/1676 1677/1677/1677
f 1659/1659/1659 1677/1677/1677 1660/1660/1660
f 1660/1660/1660 1677/1677/1677 1678/1678/1678
f 1660/1660/1660 1678/1678/1678 1661/1661/1661
f 1661/1661/1661 1678/1678/1678 1679/1679/1679
f 1661/1661/1661 1679/1679/1679 1662/1662/1662
f 1662/1662/1662 1679/1679/1679 1680/1680/1680
f 1662/1662/1662 1680/1680/1680 1663/1663/1663
f 1663/1663/1663 1680/1680/1680 1681/1681/1681
f 1663/1663/1663 1681/1681/1681 1664/1664/1664
f 1664/1664/1664 1681/1681/1681 1682/1682/1682
f 1664/1664/1664 1682/1682/1682 1665/1665/1665
f 1665/1665/1665 1682/1682/1682 1683/1683/1683
f 1665/1665/1665 1683/1683/1683 1666/1666/1666
f 1666/1666/1666 1683/1683/1683 1684/1684/1684
f 1666/1666/1666 1684/1684/1684 1667/1667/1667
f 1667/1667/1667 1684/1684/1684 1685/1685/1685
f 1667/1667/1667 1685/1685/1685 1668/1668/1668
f 1668/1668/1668 1685/1685/1685 1686/1686/1686
f 1668/1668/1668 1686/1686/1686 1669/1669/1669
f 1669/1669/1669 1686/1686/1686 1687/1687/1687
f 1669/1669/1669 1687/1687/1687 1670/1670/1670
f 1670/1670/1670 1687/1687/1687 1688/1688/1688
f 1670/1670/1670 1688/1688/1688 1671/1671/1671
f 1671/1671/1671 1688/1688/1688 1689/1689/1689
f 1671/1671/1671 1689/1689/1689 1672/1672/1672
f 1672/1672/1672 1689/1689/1689 1690/1690/1690
f 1672/1672/1672 1690/1690/1690 1673/1673/1673
f 1673/1673/1673 1690/1690/1690 1691/1691/1691
f 1673/1673/1673 1691/1691/1691 1674/1674/1674
f 1674/1674/1674 1691/1691/1691 1692/1692/1692
f 1675/1675/1675 1693/1693/1693 1676/1676/1676
f 1676/1676/1676 1693/1693/1693 1694/1694/1694
f 1676/1676/1676 1694/1694/1694 1677/1677/1677
f 1677/1677/1677 1694/1694/1694 1695/1695/1695
f 1677/1677/1677 1695/1695/1695 1678/1678/1678
f 1678/1678/1678 1695/1695/1695 1696/1696/1696
f 1678/1678/1678 1696/1696/1696 1679/1679/1679
f 1679/1679/1679 1696/1696/1696 1697/1697/1697
f 1679/1679/1679 1697/1697/1697 1680/1680/1680
f 1680/1680/1680 1697/1697/1697 1698/1698/1698
f 1680/1680/1680 1698/1698/1698 1681/1681/1681
f 1681/1681/1681 1698/1698/1698 1699/1699/1699
f 1681/1681/1681 1699/1699/1699 1682/1682/1682
f 1682/1682/1682 1699/1699/1699 1700/1700/1700
f 1682/1682/1682 1700/1700/1700 1683/1683/1683
f 1683/1683/1683 1700/1700/1700 1701/1701/1701
f 1683/1683/1683 1701/1701/1701 1684/1684/1684
f 1684/1684/1684 1701/1701/1701 1702/1702/1702
f 1684/1684/1684 1702/1702/1702 1685/1685/1685
f 1685/1685/1685 1702/1702/1702 1703/1703/1703
f 1685/1685/1685 1703/1703/1703 1686/1686/1686
f 1686/1686/1686 1703/1703/1703 1704/1704/1704
f 1686/1686/1686 1704/1704/1704 1687/1687/1687
f 1687/1687/1687 1704/1704/1704 1705/1705/1705
f 1687/1687/1687 1705/1705/1705 1688/1688/1688
f 1688/1688/1688 1705/1705/1705 1706/1706/1706
f 1688/1688/1688 1706/1706/1706 1689/1689/1689
f 1689/1689/1689 1706/1706/1706 1707/1707/1707
f 1689/1689/1689 1707/1707/1707 1690/1690/1690
f 1690/1690/1690 1707/1707/1707 1708/1708/1708
f 1690/1690/1690 1708/1708/1708 1691/1691/1691
f 1691/1691/1691 1708/1708/1708 1709/1709/1709
f 1691/1691/1691 1709/1709/1709 1692/1692/1692
f 1692/1692/1692 1709/1709/1709 1710/1710/1710
f 1693/1693/1693 1711/1711/1711 1694/1694/1694
f 1694/1694/1694 1711/1711/1711 1712/1712/1712
f 1694/1694/1694 1712/1712/1712 1695/1695/1695
f 1695/1695/1695 1712/1712/1712 1713/1713/1713
f 1695/1695/1695 1713/1713/1713 1696/1696/1696
f 1696/1696/1696 1713/1713/1713 1714/1714/1714
f 1696/1696/1696 1714/1714/1714 1697/1697/1697
f 1697/1697/1697 1714/1714/1714 1715/1715/1715
f 1697/1697/1697 1715/1715/1715 1698/1698/1698
f 1698/1698/1698 1715/1715/1715 1716/1716/1716
f 1698/1698/1698 1716/1716/1716 1699/1699/1699
f 1699/1699/1699 1716/1716/1716 1717/1717/1717
f 1699/1699/1699 1717/1717/1717 1700/1700/1700
f 1700/1700/1700 1717/1717/1717 1718/1718/1718
f 1700/1700/1700 1718/1718/1718 1701/1701/1701
f 1701/1701/1701 1718/1718/1718 1719/1719/1719
f 1701/1701/1701 1719/1719/1719 1702/1702/1702
f 1702/1702/1702 1719/1719/1719 1720/1720/1720
f 1702/1702/1702 1720/1720/1720 1703/1703/1703
f 1703/1703/1703 1720/1720/1720 1721/1721/1721
f 1703/1703/1703 1721/1721/1721 1704/1704/1704
f 1704/1704/1704 1721/1721/1721 1722/1722/1722
f 1704/1704/1704 1722/1722/1722 1705/1705/1705
f 1705/1705/1705 1722/1722/1722 1723/1723/1723
f 1705/1705/1705 1723/1723/1723 1706/1706/1706
f 1706/1706/1706 1723/1723/1723 1724/1724/1724
f 1706/1706/1706 1724/1724/1724 1707/1707/1707
f 1707/1707/1707 1724/1724/1724 1725/1725/1725
f 1707/1707/1707 1725/1725/1725 1708/1708/1708
f 1708/1708/1708 1725/1725/1725 1726/1726/1726
f 1708/1708/1708 1726/1726/1726 1709/1709/1709
f 1709/1709/1709 1726/1726/1726 1727/1727/1727
f 1709/1709/1709 1727/1727/1727 1710/1710/1710
f 1710/1710/1710 1727/1727/1727 1728/1728/1728
f 1711/1711/1711 1729/1729/1729 1712/1712/1712
f 1712/1712/1712 1729/1729/1729 1730/1730/1730
f 1712/1712/1712 1730/1730/1730 1713/1713/1713
f 1713/1713/1713 1730/1730/1730 1731/1731/1731
f 1713/1713/1713 1731/1731/1731 1714/1714/1714
f 1714/1714/1714 1731/1731/1731 1732/1732/1732
f 1714/1714/1714 1732/1732/1732 1715/1715/1715
f 1715/1715/1715 1732/1732/1732 1733/1733/1733
f 1715/1715/1715 1733/1733/1733 1716/1716/1716
f 1716/1716/1716 1733/1733/1733 1734/1734/1734
f 1716/1716/1716 1734/1734/1734 1717/1717/1717
f 1717/1717/1717 1734/1734/1734 1735/1735/1735
f 1717/1717/1717 1735/1735/1735 1718/1718/1718
f 1718/1718/1718 1735/1735/1735 1736/1736/1736
f 1718/1718/1718 1736/1736/1736 1719/1719/1719
f 1719/1719/1719 1736/1736/1736 1737/1737/1737
f 1719/1719/1719 1737/1737/1737 1720/1720/1720
f 1720/1720/1720 1737/1737/1737 1738/1738/1738
f 1720/1720/1720 1738/1738/1738 1721/1721/1721
f 1721/1721/1721 1738/1738/1738 1739/1739/1739
f 1721/1721/1721 1739/1739/1739 1722/1722/1722
f 1722/1722/1722 1739/1739/1739 1740/1740/1740
f 1722/1722/1722 1740/1740/1740 1723/1723/1723
f 1723/1723/1723 1740/1740/1740 1741/1741/1741
f 1723/1723/1723 1741/1741/1741 1724/1724/1724
f 1724/1724/1724 1741/1741/1741 1742/1742/1742
f 1724/1724/1724 1742/1742/1742 1725/1725/1725
f 1725/1725/1725 1742/1742/1742 1743/1743/1743
f 1725/1725/1725 1743/1743/1743 1726/1726/1726
f 1726/1726/1726 1743/1743/1743 1744/1744/1744
f 1726/1726/1726 1744/1744/1744 1727/1727/1727
f 1727/1727/1727 1744/1744/1744 1745/1745/1745
f 1727/1727/1727 1745/1745/1745 1728/1728/1728
f 1728/1728/1728 1745/1745/1745 1746/1746/1746
f 1729/1729/1729 1747/1747/1747 1730/1730/1730
f 1730/1730/1730 1747/1747/1747 1748/1748/1748
f 1730/1730/1730 1748/1748/1748 1731/1731/1731
f 1731/1731/1731 1748/1748/1748 1749/1749/1749
f 1731/1731/1731 1749/1749/1749 1732/1732/1732
f 1732/1732/1732 1749/1749/1749 1750/1750/1750
f 1732/1732/1732 1750/1750/1750 1733/1733/1733
f 1733/1733/1733 1750/1750/1750 1751/1751/1751
f 1733/1733/1733 1751/1751/1751 1734/1734/1734
f 1734/1734/1734 1751/1751/1751 1752/1752/1752
f 1734/1734/1734 1752/1752/1752 1735/1735/1735
f 1735/1735/1735 1752/1752/1752 1753/1753/1753
f 1735/1735/1735 1753/1753/1753 1736/1736/1736
f 1736/1736/1736 1753/1753/1753 1754/1754/1754
f 1736/1736/1736 1754/1754/1754 1737/1737/1737
f 1737/1737/1737 1754/1754/1754 1755/1755/1755
f 1737/1737/1737 1755/1755/1755 1738/1738/1738
f 1738/1738/1738 1755/1755/1755 1756/1756/1756
f 1738/1738/1738 1756/1756/1756 1739/1739/1739
f 1739/1739/1739 1756/1756/1756 1757/1757/1757
f 1739/1739/1739 1757/1757/1757 1740/1740/1740
f 1740/1740/1740 1757/1757/1757 1758/1758/1758
f 1740/1740/1740 1758/1758/1758 1741/1741/1741
f 1741/1741/1741 1758/1758/1758 1759/1759/1759
f 1741/1741/1741 1759/1759/1759 1742/1742/1742
f 1742/1742/1742 1759/1759/1759 1760/1760/1760
f 1742/1742/1742 1760/1760/1760 1743/1743/1743
f 1743/1743/1743 1760/1760/1760 1761/1761/1761
f 1743/1743/1743 1761/1761/1761 1744/1744/1744
f 1744/1744/1744 1761/1761/1761 1762/1762/1762
f 1744/1744/1744 1762/1762/1762 1745/1745/1745
f 1745/1745/1745 1762/1762/1762 1763/1763/1763
f 1745/1745/1745 1763/1763/1763 1746/1746/1746
f 1746/1746/1746 1763/1763/1763 1764/1764/1764
f 1747/1747/1747 1765/1765/1765 1748/1748/1748
f 1748/1748/1748 1765/1765/1765 1766/1766/1766
f 1748/1748/1748 1766/1766/1766 1749/1749/1749
f 1749/1749/1749 1766/1766/1766 1767/1767/1767
f 1749/1749/1749 1767/1767/1767 1750/1750/1750
f 1750/1750/1750 1767/1767/1767 1768/1768/1768
f 1750/1750/1750 1768/1768/1768 1751/1751/1751
f 1751/1751/1751 1768/1768/1768 1769/1769/1769
f 1751/1751/1751 1769/1769/1769 1752/1752/1752
f 1752/1752/1752 1769/1769/1769 1770/1770/1770
f 1752/1752/1752 1770/1770/1770 1753/1753/1753
f 1753/1753/1753 1770/1770/1770 1771/1771/1771
f 1753/1753/1753 1771/1771/1771 1754/1754/1754
f 1754/1754/1754 1771/1771/1771 1772/1772/1772
f 1754/1754/1754 1772/1772/1772 1755/1755/1755
f 1755/1755/1755 1772/1772/1772 1773/1773/1773
f 1755/1755/1755 1773/1773/1773 1756/1756/1756
f 1756/1756/1756 1773/1773/1773 1774/1774/1774
f 1756/1756/1756 1774/1774/1774 1757/1757/1757
f 1757/1757/1757 1774/1774/1774 1775/1775/1775
f 1757/1757/1757 1775/1775/1775 1758/1758/1758
f 1758/1758/1758 1775/1775/1775 1776/1776/1776
f 1758/1758/1758 1776/1776/1776 1759/1759/1759
f 1759/1759/1759 1776/1776/1776 1777/1777/1777
f 1759/1759/1759 1777/1777/1777 1760/1760/1760
f 1760/1760/1760 1777/1777/1777 1778/1778/1778
f 1760/1760/1760 1778/1778/1778 1761/1761/1761
f 1761/1761/1761 1778/1778/1778 1779/1779/1779
f 1761/1761/1761 1779/1779/1779 1762/1762/1762
f 1762/1762/1762 1779/1779/1779 1780/1780/1780
f 1762/1762/1762 1780/1780/1780 1763/1763/1763
f 1763/1763/1763 1780/1780/1780 1781/1781/1781
f 1763/1763/1763 1781/1781/1781 1764/1764/1764
f 1764/1764/1764 1781/1781/1781 1782/1782/1782
f 1765/1765/1765 1783/1783/1783 1766/1766/1766
f 1766/1766/1766 1783/1783/1783 1784/1784/1784
f 1766/1766/1766 1784/1784/1784 1767/1767/1767
f 1767/1767/1767 1784/1784/1784 1785/1785/1785
f 1767/1767/1767 1785/1785/1785 1768/1768/1768
f 1768/1768/1768 1785/1785/1785 1786/1786/1786
f 1768/1768/1768 1786/1786/1786 1769/1769/1769
f 1769/1769/1769 1786/1786/1786 1787/1787/1787
f 1769/1769/1769 1787/1787/1787 1770/1770/1770
f 1770/1770/1770 1787/1787/1787 1788/1788/1788
f 1770/1770/1770 1788/1788/1788 1771/1771/1771
f 1771/1771/1771 1788/1788/1788 1789/1789/1789
f 1771/1771/1771 1789/1789/1789 1772/1772/1772
f 1772/1772/1772 1789/1789/1789 1790/1790/1790
f 1772/1772/1772 1790/1790/1790 1773/1773/1773
f 1773/1773/1773 1790/1790/1790 1791/1791/1791
f 1773/1773/1773 1791/1791/1791 1774/1774/1774
f 1774/1774/1774 1791/1791/1791 1792/1792/1792
f 1774/1774/1774 1792/1792/1792 1775/1775/1775
f 1775/1775/1775 1792/1792/1792 1793/1793/1793
f 1775/1775/1775 1793/1793/1793 1776/1776/1776
f 1776/1776/1776 1793/1793/1793 1794/1794/1794
f 1776/1776/1776 1794/1794/1794 1777/1777/1777
f 1777/1777/1777 1794/1794/1794 1795/1795/1795
f 1777/1777/1777 1795/1795/1795 1778/1778/1778
f 1778/1778/1778 1795/1795/1795 1796/1796/1796
f 1778/1778/1778 1796/1796/1796 1779/1779/1779
f 1779/1779/1779 1796/1796/1796 1797/1797/1797
f 1779/1779/1779 1797/1797/1797 1780/1780/1780
f 1780/1780/1780 1797/1797/1797 1798/1798/1798
f 1780/1780/1780 1798/1798/1798 1781/1781/1781
f 1781/1781/1781 1798/1798/1798 1799/1799/1799
f 1781/1781/1781 1799/1799/1799 1782/1782/1782
f 1782/1782/1782 1799/1799/1799 1800/1800/1800
f 1783/1783/1783 1801/1801/1801 1784/1784/1784
f 1784/1784/1784 1801/1801/1801 1802/1802/1802
f 1784/1784/1784 1802/1802/1802 1785/1785/1785
f 1785/1785/1785 1802/1802/1802 1803/1803/1803
f 1785/1785/1785 1803/1803/1803 1786/1786/1786
f 1786/1786/1786 1803/1803/1803 1804/1804/1804
f 1786/1786/1786 1804/1804/1804 1787/1787/1787
f 1787/1787/1787 1804/1804/1804 1805/1805/1805
f 1787/1787/1787 1805/1805/1805 1788/1788/1788
f 1788/1788/1788 1805/1805/1805 1806/1806/1806
f 1788/1788/1788 1806/1806/1806 1789/1789/1789
f 1789/1789/1789 1806/1806/1806 1807/1807/1807
f 1789/1789/1789 1807/1807/1807 1790/1790/1790
f 1790/1790/1790 1807/1807/1807 1808/1808/1808
f 1790/1790/1790 1808/1808/1808 1791/1791/1791
f 1791/1791/1791 1808/1808/1808 1809/1809/1809
f 1791/1791/1791 1809/1809/1809 1792/1792/1792
f 1792/1792/1792 1809/1809/1809 1810/1810/1810
f 1792/1792/1792 1810/1810/1810 1793/1793/1793
f 1793/1793/1793 1810/1810/1810 1811/1811/1811
f 1793/1793/1793 1811/1811/1811 1794/1794/1794
f 1794/1794/1794 1811/1811/1811 1812/1812/1812
f 1794/1794/1794 1812/1812/1812 1795/1795/1795
f 1795/1795/1795 1812/1812/1812 1813/1813/1813
f 1795/1795/1795 1813/1813/1813 1796/1796/1796
f 1796/1796/1796 1813/1813/1813 1814/1814/1814
f 1796/1796/1796 1814/1814/1814 1797/1797/1797
f 1797/1797/1797 1814/1814/1814 1815/1815/1815
f 1797/1797/1797 1815/1815/1815 1798/1798/1798
f 1798/1798/1798 1815/1815/1815 1816/1816/1816
f 1798/1798/1798 1816/1816/1816 1799/1799/1799
f 1799/1799/1799 1816/1816/1816 1817/1817/1817
f 1799/1799/1799 1817/1817/1817 1800/1800/1800
f 1800/1800/1800 1817/1817/1817 1818/1818/1818
f 1801/1801/1801 1819/1819/1819 1802/1802/1802
f 1802/1802/1802 1819/1819/1819 1820/1820/1820
f 1802/1802/1802 1820/1820/1820 1803/1803/1803
f 1803/1803/1803 1820/1820/1820 1821/1821/1821
f 1803/1803/1803 1821/1821/1821 1804/1804/1804
f 1804/1804/1804 1821/1821/1821 1822/1822/1822
f 1804/1804/1804 1822/1822/1822 1805/1805/1805
f 1805/1805/1805 1822/1822/1822 1823/1823/1823
f 1805/1805/1805 1823/1823/1823 1806/1806/1806
f 1806/1806/1806 1823/1823/1823 1824/1824/1824
f 1806/1806/1806 1824/1824/1824 1807/1807/1807
f 1807/1807/1807 1824/1824/1824 1825/1825/1825
f 1807/1807/1807 1825/1825/1825 1808/1808/1808
f 1808/1808/1808 1825/1825/1825 1826/1826/1826
f 1808/1808/1808 1826/1826/1826 1809/1809/1809
f 1809/1809/1809 1826/1826/1826 1827/1827/1827
f 1809/1809/1809 1827/1827/1827 1810/1810/1810
f 1810/1810/1810 1827/1827/1827 1828/1828/1828
f 1810/1810/1810 1828/1828/1828 1811/1811/1811
f 1811/1811/1811 1828/1828/1828 1829/1829/1829
f 1811/1811/1811 1829/1829/1829 1812/1812/1812
f 1812/1812/1812 1829/1829/1829 1830/1830/1830
f 1812/1812/1812 1830/1830/1830 1813/1813/1813
f 1813/1813/1813 1830/1830/1830 1831/1831/1831
f 1813/1813/1813 1831/1831/1831 1814/1814/1814
f 1814/1814/1814 1831/1831/1831 1832/1832/1832
f 1814/1814/1814 1832/1832/1832 1815/1815/1815
f 1815/1815/1815 1832/1832/1832 1833/1833/1833
f 1815/1815/1815 1833/1833/1833 1816/1816/1816
f 1816/1816/1816 1833/1833/1833 1834/1834/1834
f 1816/1816/1816 1834/1834/1834 1817/1817/1817
f 1817/1817/1817 1834/1834/1834 1835/1835/1835
f 1817/1817/1817 1835/1835/1835 1818/1818/1818
f 1818/1818/1818 1835/1835/1835 1836/1836/1836
f 1819/1819/1819 1837/1837/1837 1820/1820/1820
f 1820/1820/1820 1837/1837/1837 1838/1838/1838
f 1820/1820/1820 1838/1838/1838 1821/1821/1821
f 1821/1821/1821 1838/1838/1838 1839/1839/1839
f 1821/1821/1821 1839/1839/1839 1822/1822/1822
f 1822/1822/1822 1839/1839/1839 1840/1840/1840
f 1822/1822/1822 1840/1840/1840 1823/1823/1823
f 1823/1823/1823 1840/1840/1840 1841/1841/1841
f 1823/1823/1823 1841/1841/1841 1824/1824/1824
f 1824/1824/1824 1841/1841/1841 1842/1842/1842
f 1824/1824/1824 1842/1842/1842 1825/1825/1825
f 1825/1825/1825 1842/1842/1842 1843/1843/1843
f 1825/1825/1825 1843/1843/1843 1826/1826/1826
f 1826/1826/1826 1843/1843/1843 1844/1844/1844
f 1826/1826/1826 1844/1844/1844 1827/1827/1827
f 1827/1827/1827 1844/1844/1844 1845/1845/1845
f 1827/1827/1827 1845/1845/1845 1828/1828/1828
f 1828/1828/1828 1845/1845/1845 1846/1846/1846
f 1828/1828/1828 1846/1846/1846 1829/1829/1829
f 1829/1829/1829 1846/1846/1846 1847/1847/1847
f 1829/1829/1829 1847/1847/1847 1830/1830/1830
f 1830/1830/1830 1847/1847/1847 1848/1848/1848
f 1830/1830/1830 1848/1848/1848 1831/1831/1831
f 1831/1831/1831 1848/1848/1848 1849/1849/1849
f 1831/1831/1831 1849/1849/1849 1832/1832/1832
f 1832/1832/1832 1849/1849/1849 1850/1850/1850
f 1832/1832/1832 1850/1850/1850 1833/1833/1833
f 1833/1833/1833 1850/1850/1850 1851/1851/1851
f 1833/1833/1833 1851/1851/1851 1834/1834/1834
f 1834/1834/1834 1851/1851/1851 1852/1852/1852
f 1834/1834/1834 1852/1852/1852 1835/1835/1835
f 1835/1835/1835 1852/1852/1852 1853/1853/1853
f 1835/1835/1835 1853/1853/1853 1836/1836/1836
f 1836/1836/1836 1853/1853/1853 1854/1854/1854
f 1837/1837/1837 1855/1855/1855 1838/1838/1838
f 1838/1838/1838 1855/1855/1855 1856/1856/1856
f 1838/1838/1838 1856/1856/1856 1839/1839/1839
f 1839/1839/1839 1856/1856/1856 1857/1857/1857
f 1839/1839/1839 1857/1857/1857 1840/1840/1840
f 1840/1840/1840 1857/1857/1857 1858/1858/1858
f 1840/1840/1840 1858/1858/1858 1841/1841/1841
f 1841/1841/1841 1858/1858/1858 1859/1859/1859
f 1841/1841/1841 1859/1859/1859 1842/1842/1842
f 1842/1842/1842 1859/1859/1859 1860/1860/1860
f 1842/1842/1842 1860/1860/1860 1843/1843/1843
f 1843/1843/1843 1860/1860/1860 1861/1861/1861
f 1843/1843/1843 1861/1861/1861 1844/1844/1844
f 1844/1844/1844 1861/1861/1861 1862/1862/1862
f 1844/1844/1844 1862/1862/1862 1845/1845/1845
f 1845/1845/1845 1862/1862/1862 1863/1863/1863
f 1845/1845/1845 1863/1863/1863 1846/1846/1846
f 1846/1846/1846 1863/1863/1863 1864/1864/1864
f 1846/1846/1846 1864/1864/1864 1847/1847/1847
f 1847/1847/1847 1864/1864/1864 1865/1865/1865
f 1847/1847/1847 1865/1865/1865 1848/1848/1848
f 1848/1848/1848 1865/1865/1865 1866/1866/1866
f 1848/1848/1848 1866/1866/1866 1849/1849/1849
f 1849/1849/1849 1866/1866/1866 1867/1867/1867
f 1849/1849/1849 1867/1867/1867 1850/1850/1850
f 1850/1850/1850 1867/1867/1867 1868/1868/1868
f 1850/1850/1850 1868/1868/1868 1851/1851/1851
f 1851/1851/1851 1868/1868/1868 1869/1869/1869
f 1851/1851/1851 1869/1869/1869 1852/1852/1852
f 1852/1852/1852 1869/1869/1869 1870/1870/1870
f 1852/1852/1852 1870/1870/1870 1853/1853/1853
f 1853/1853/1853 1870/1870/1870 1871/1871/1871
f 1853/1853/1853 1871/1871/1871 1854/1854/1854
f 1854/1854/1854 1871/1871/1871 1872/1872/1872
f 1855/1855/1855 1873/1873/1873 1856/1856/1856
f 1856/1856/1856 1873/1873/1873 1874/1874/1874
f 1856/1856/1856 1874/1874/1874 1857/1857/1857
f 1857/1857/1857 1874/1874/1874 1875/1875/1875
f 1857/1857/1857 1875/1875/1875 1858/1858/1858
f 1858/1858/1858 1875/1875/1875 1876/1876/1876
f 1858/1858/1858 1876/1876/1876 1859/1859/1859
f 1859/1859/1859 1876/1876/1876 1877/1877/1877
f 1859/1859/1859 1877/1877/1877 1860/1860/1860
f 1860/1860/1860 1877/1877/1877 1878/1878/1878
f 1860/1860/1860 1878/1878/1878 1861/1861/1861
f 1861/1861/1861 1878/1878/1878 1879/1879/1879
f 1861/1861/1861 1879/1879/1879 1862/1862/1862
f 1862/1862/1862 1879/1879/1879 1880/1880/1880
f 1862/1862/1862 1880/1880/1880 1863/1863/1863
f 1863/1863/1863 1880/1880/1880 1881/1881/1881
f 1863/1863/1863 1881/1881/1881 1864/1864/1864
f 1864/1864/1864 1881/1881/1881 1882/1882/1882
f 1864/1864/1864 1882/1882/1882 1865/1865/1865
f 1865/1865/1865 1882/1882/1882 1883/1883/1883
f 1865/1865/1865 1883/1883/1883 1866/1866/1866
f 1866/1866/1866 1883/1883/1883 1884/1884/1884
f 1866/1866/1866 1884/1884/1884 1867/1867/1867
f 1867/1867/1867 1884/1884/1884 1885/1885/1885
f 1867/1867/1867 1885/1885/1885 1868/1868/1868
f 1868/1868/1868 1885/1885/1885 1886/1886/1886
f 1868/1868/1868 1886/1886/1886 1869/1869/1869
f 1869/1869/1869 1886/1886/1886 1887/1887/1887
f 1869/1869/1869 1887/1887/1887 1870/1870/1870
f 1870/1870/1870 1887/1887/1887 1888/1888/1888
f 1870/1870/1870 1888/1888/1888 1871/1871/1871
f 1871/1871/1871 1888/1888/1888 1889/1889/1889
f 1871/1871/1871 1889/1889/1889 1872/1872/1872
f 1872/1872/1872 1889/1889/1889 1890/1890/1890
f 1873/1873/1873 1891/1891/1891 1874/1874/1874
f 1874/1874/1874 1891/1891/1891 1892/1892/1892
f 1874/1874/1874 1892/1892/1892 1875/1875/1875
f 1875/1875/1875 1892/1892/1892 1893/1893/1893
f 1875/1875/1875 1893/1893/1893 1876/1876/1876
f 1876/1876/1876 1893/1893/1893 1894/1894/1894
f 1876/1876/1876 1894/1894/1894 1877/1877/1877
f 1877/1877/1877 1894/1894/1894 1895/1895/1895
f 1877/1877/1877 1895/1895/1895 1878/1878/1878
f 1878/1878/1878 1895/1895/1895 1896/1896/1896
f 1878/1878/1878 1896/1896/1896 1879/1879/1879
f 1879/1879/1879 1896/1896/1896 1897/1897/1897
f 1879/1879/1879 1897/1897/1897 1880/1880/1880
f 1880/1880/1880 1897/1897/1897 1898/1898/1898
f 1880/1880/1880 1898/1898/1898 1881/1881/1881
f 1881/1881/1881 1898/1898/1898 1899/1899/1899
f 1881/1881/1881 1899/1899/1899 1882/1882/1882
f 1882/1882/1882 1899/1899/1899 1900/1900/1900
f 1882/1882/1882 1900/1900/1900 1883/1883/1883
f 1883/1883/1883 1900/1900/1900 1901/1901/1901
f 1883/1883/1883 1901/1901/1901 1884/1884/1884
f 1884/1884/1884 1901/1901/1901 1902/1902/1902
f 1884/1884/1884 1902/1902/1902 1885/1885/1885
f 1885/1885/1885 1902/1902/1902 1903/1903/1903
f 1885/1885/1885 1903/1903/1903 1886/1886/1886
f 1886/1886/1886 1903/1903/1903 1904/1904/1904
f 1886/1886/1886 1904/1904/1904 1887/1887/1887
f 1887/1887/1887 1904/1904/1904 1905/1905/1905
f 1887/1887/1887 1905/1905/1905 1888/1888/1888
f 1888/1888/1888 1905/1905/1905 1906/1906/1906
f 1888/1888/1888 1906/1906/1906 1889/1889/1889
f 1889/1889/1889 1906/1906/1906 1907/1907/1907
f 1889/1889/1889 1907/1907/1907 1890/1890/1890
f 1890/1890/1890 1907/1907/1907 1908/1908/1908
f 1891/1891/1891 1909/1909/1909 1892/1892/1892
f 1892/1892/1892 1909/1909/1909 1910/1910/1910
f 1892/1892/1892 1910/1910/1910 1893/1893/1893
f 1893/1893/1893 1910/1910/1910 1911/1911/1911
f 1893/1893/1893 1911/1911/1911 1894/1894/1894
f 1894/1894/1894 1911/1911/1911 1912/1912/1912
f 1894/1894/1894 1912/1912/1912 1895/1895/1895
f 1895/1895/1895 1912/1912/1912 1913/1913/1913
f 1895/1895/1895 1913/1913/1913 1896/1896/1896
f 1896/1896/1896 1913/1913/1913 1914/1914/1914
f 1896/1896/1896 1914/1914/1914 1897/1897/1897
f 1897/1897/1897 1914/1914/1914 1915/1915/1915
f 1897/1897/1897 1915/1915/1915 1898/1898/1898
f 1898/1898/1898 1915/1915/1915 1916/1916/1916
f 1898/1898/1898 1916/1916/1916 1899/1899/1899
f 1899/1899/1899 1916/1916/1916 1917/1917/1917
f 1899/1899/1899 1917/1917/1917 1900/1900/1900
f 1900/1900/1900 1917/1917/1917 1918/1918/1918
f 1900/1900/1900 1918/1918/1918 1901/1901/1901
f 1901/1901/1901 1918/1918/1918 1919/1919/1919
f 1901/1901/1901 1919/1919/1919 1902/1902/1902
f 1902/1902/1902 1919/1919/1919 1920/1920/1920
f 1902/1902/1902 1920/1920/1920 1903/1903/1903
f 1903/1903/1903 1920/1920/1920 1921/1921/1921
f 1903/1903/1903 1921/1921/1921 1904/1904/1904
f 1904/1904/1904 1921/1921/1921 1922/1922/1922
f 1904/1904/1904 1922/1922/1922 1905/1905/1905
f 1905/1905/1905 1922/1922/1922 1923/1923/1923
f 1905/1905/1905 1923/1923/1923 1906/1906/1906
f 1906/1906/1906 1923/1923/1923 1924/1924/1924
f 1906/1906/1906 1924/1924/1924 1907/1907/1907
f 1907/1907/1907 1924/1924/1924 1925/1925/1925
f 1907/1907/1907 1925/1925/1925 1908/1908/1908
f 1908/1908/1908 1925/1925/1925 1926/1926/1926
f 1909/1909/1909 1927/1927/1927 1910/1910/1910
f 1910/1910/1910 1927/1927/1927 1928/1928/1928
f 1910/1910/1910 1928/1928/1928 1911/1911/1911
f 1911/1911/1911 1928/1928/1928 1929/1929/1929
f 1911/1911/1911 1929/1929/1929 1912/1912/1912
f 1912/1912/1912 1929/1929/1929 1930/1930/1930
f 1912/1912/1912 1930/1930/1930 1913/1913/1913
f 1913/1913/1913 1930/1930/1930 1931/1931/1931
f 1913/1913/1913 1931/1931/1931 1914/1914/1914
f 1914/1914/1914 1931/1931/1931 1932/1932/1932
f 1914/1914/1914 1932/1932/1932 1915/1915/1915
f 1915/1915/1915 1932/1932/1932 1933/1933/1933
f 1915/1915/1915 1933/1933/1933 1916/1916/1916
f 1916/1916/1916 1933/1933/1933 1934/1934/1934
f 1916/1916/1916 1934/1934/1934 1917/1917/1917
f 1917/1917/1917 1934/1934/1934 1935/1935/1935
f 1917/1917/1917 1935/1935/1935 1918/1918/1918
f 1918/1918/1918 1935/1935/1935 1936/1936/1936
f 1918/1918/1918 1936/1936/1936 1919/1919/1919
f 1919/1919/1919 1936/1936/1936 1937/1937/1937
f 1919/1919/1919 1937/1937/1937 1920/1920/1920
f 1920/1920/1920 1937/1937/1937 1938/1938/1938
f 1920/1920/1920 1938/1938/1938 1921/1921/1921
f 1921/1921/1921 1938/1938/1938 1939/1939/1939
f 1921/1921/1921 1939/1939/1939 1922/1922/1922
f 1922/1922/1922 1939/1939/1939 1940/1940/1940
f 1922/1922/1922 1940/1940/1940 1923/1923/1923
f 1923/1923/1923 1940/1940/1940 1941/1941/1941
f 1923/1923/1923 1941/1941/1941 1924/1924/1924
f 1924/1924/1924 1941/1941/1941 1942/1942/1942
f 1924/1924/1924 1942/1942/1942 1925/1925/1925
f 1925/1925/1925 1942/1942/1942 1943/1943/1943
f 1925/1925/1925 1943/1943/1943 1926/1926/1926
f 1926/1926/1926 1943/1943/1943 1944/1944/1944
